fruit,temperature,humidity,light,co2,class_label,target,temp_humidity_interaction,co2_light_interaction
Orange,22,95,7.358649263,361,Good,0,2090,2656.4723839430003
Orange,24,95,14.83589827,370,Bad,1,2280,5489.282359899999
Pineapple,25,95,10.10404473,355,Bad,1,2375,3586.93587915
Banana,25,89,20.17964285,388,Good,0,2225,7829.7014258
Tomato,23,90,12.62144823,316,Good,0,2070,3988.3776406800002
Orange,23,95,5.809598838,347,Good,0,2185,2015.9307967860002
Pineapple,25,95,10.28117628,365,Bad,1,2375,3752.6293422000003
Tomato,25,95,14.67251295,380,Bad,1,2375,5575.554921
Banana,24,95,19.00030193,292,Bad,1,2280,5548.08816356
Pineapple,24,95,14.51078894,315,Good,0,2280,4570.8985161
Tomato,26,93,6.613669965,399,Good,0,2418,2638.854316035
Pineapple,22,84,12.34050263,322,Good,0,1848,3973.64184686
Pineapple,25,95,12.27113269,411,Bad,1,2375,5043.43553559
Orange,24,95,16.38466179,391,Bad,1,2280,6406.402759889999
Tomato,24,93,10.58215896,377,Good,0,2232,3989.47392792
Tomato,24,95,16.29477154,348,Bad,1,2280,5670.5804959199995
Orange,22,95,6.613669965,244,Good,0,2090,1613.7354714599999
Pineapple,24,95,14.1136139,317,Good,0,2280,4474.0156063
Tomato,25,95,13.80304952,379,Bad,1,2375,5231.35576808
Pineapple,23,93,12.62144823,340,Good,0,2139,4291.2923982
Pineapple,25,95,11.46485093,455,Bad,1,2375,5216.50717315
Orange,23,95,8.775098629,191,Good,0,2185,1676.0438381390002
Orange,22,95,7.969740423,379,Good,0,2090,3020.531620317
Banana,26,90,19.95991509,299,Good,0,2340,5968.01461191
Tomato,23,87,6.48823229,292,Good,0,2001,1894.56382868
Tomato,23,91,9.987371503,358,Good,0,2093,3575.478998074
Orange,24,95,14.91822038,381,Bad,1,2280,5683.84196478
Tomato,22,93,11.92938136,354,Good,0,2046,4223.00100144
Tomato,23,89,8.619414571,297,Good,0,2047,2559.966127587
Banana,24,94,19.20950925,314,Good,0,2256,6031.7859045
Orange,22,95,4.538130868,342,Good,0,2090,1552.040756856
Pineapple,22,91,12.76402932,338,Good,0,2002,4314.24191016
Tomato,24,92,11.20647613,374,Good,0,2208,4191.22207262
Banana,24,86,13.57421101,335,Good,0,2064,4547.360688350001
Pineapple,24,95,14.1136139,315,Good,0,2280,4445.7883785
Tomato,26,88,7.450253315,396,Good,0,2288,2950.30031274
Orange,24,95,14.83589827,406,Bad,1,2280,6023.37469762
Orange,22,95,7.450253315,299,Good,0,2090,2227.625741185
Banana,24,95,12.48027818,249,Bad,1,2280,3107.5892668200004
Orange,23,95,6.655874013,244,Good,0,2185,1624.033259172
Banana,25,89,19.31496687,383,Good,0,2225,7397.63231121
Pineapple,25,95,11.20647613,320,Bad,1,2375,3586.0723616
Tomato,23,90,12.90803823,332,Good,0,2070,4285.46869236
Pineapple,25,95,11.59594835,427,Bad,1,2375,4951.4699454500005
Tomato,25,95,12.98058343,387,Bad,1,2375,5023.48578741
Orange,22,95,6.740875089,251,Good,0,2090,1691.959647339
Banana,25,86,13.65010619,346,Good,0,2150,4722.93674174
Orange,22,95,8.516848104,373,Good,0,2090,3176.7843427919997
Tomato,23,89,8.568009903,310,Good,0,2047,2656.08306993
Tomato,24,95,16.02789778,346,Bad,1,2280,5545.65263188
Orange,22,95,7.000692513,347,Good,0,2090,2429.240302011
Orange,22,95,6.826673276,292,Good,0,2090,1993.388596592
Orange,23,95,4.47356027,331,Good,0,2185,1480.7484493700001
Pineapple,23,82,12.62144823,331,Good,0,1886,4177.6993641300005
Orange,22,95,7.404343951,351,Good,0,2090,2598.9247268010004
Tomato,23,91,13.42356205,338,Good,0,2093,4537.1639729
Pineapple,25,95,11.39978246,314,Bad,1,2375,3579.5316924400004
Orange,24,95,15.25176672,368,Bad,1,2280,5612.65015296
Orange,24,95,16.02789778,376,Bad,1,2280,6026.48956528
Banana,25,86,13.57421101,349,Good,0,2150,4737.399642490001
Orange,23,95,14.75399666,380,Bad,1,2185,5606.5187308
Orange,22,95,6.364536513,256,Good,0,2090,1629.321347328
Tomato,23,90,12.48027818,329,Good,0,2070,4106.01152122
Orange,23,95,4.904260592,348,Good,0,2185,1706.682686016
Banana,24,95,16.38466179,254,Bad,1,2280,4161.70409466
Tomato,24,95,14.35070581,396,Good,0,2280,5682.879500759999
Banana,24,95,12.48027818,251,Bad,1,2280,3132.54982318
Orange,24,95,16.29477154,404,Bad,1,2280,6583.08770216
Banana,25,86,13.72638492,348,Good,0,2150,4776.7819521599995
Tomato,24,95,11.99705843,286,Bad,1,2280,3431.15871098
Tomato,24,95,16.29477154,385,Bad,1,2280,6273.487042899999
Orange,23,95,15.50647254,218,Bad,1,2185,3380.41101372
Pineapple,25,95,11.59594835,436,Bad,1,2375,5055.8334806
Orange,22,95,9.039550676,168,Good,0,2090,1518.6445135679999
Banana,25,85,13.72638492,345,Good,0,2125,4735.6027974
Orange,24,95,14.75399666,382,Bad,1,2280,5636.02672412
Banana,26,95,17.21524677,317,Good,0,2470,5457.23322609
Orange,22,95,7.873279406,166,Good,0,2090,1306.964381396
Banana,25,86,13.27441976,356,Good,0,2150,4725.69343456
Pineapple,25,95,11.01598084,291,Bad,1,2375,3205.65042444
Orange,24,95,15.08413665,364,Bad,1,2280,5490.6257405999995
Banana,24,95,12.55068787,251,Bad,1,2280,3150.22265537
Tomato,23,90,12.69256136,318,Good,0,2070,4036.23451248
Banana,26,94,14.43054353,302,Good,0,2444,4358.02414606
Tomato,23,90,12.55068787,329,Good,0,2070,4129.176309230001
Orange,22,95,7.0889296,292,Good,0,2090,2069.9674432
Tomato,25,95,15.42113219,403,Bad,1,2375,6214.71627257
Orange,23,95,4.904260592,349,Good,0,2185,1711.586946608
Banana,25,89,19.10462223,403,Good,0,2225,7699.16275869
Tomato,26,94,6.48823229,402,Good,0,2444,2608.26938058
Pineapple,22,95,12.90803823,335,Good,0,2090,4324.19280705
Orange,22,95,6.740875089,260,Good,0,2090,1752.62752314
Orange,23,95,14.59144457,398,Bad,1,2185,5807.39493886
Orange,23,95,4.702223982,343,Good,0,2185,1612.8628258259998
Tomato,22,90,13.20040797,324,Good,0,1980,4276.93218228
Pineapple,25,95,9.987371503,310,Bad,1,2375,3096.08516593
Tomato,24,95,12.98058343,301,Bad,1,2280,3907.15561243
Tomato,26,91,6.956882353,407,Good,0,2366,2831.4511176710002
Banana,24,95,16.74896501,250,Bad,1,2280,4187.2412525
Banana,26,91,20.40179801,298,Good,0,2366,6079.73580698
Tomato,23,91,8.364807255,371,Good,0,2093,3103.343491605
Tomato,24,89,13.20040797,412,Good,0,2136,5438.568083640001
Pineapple,22,95,12.69256136,340,Good,0,2090,4315.4708623999995
Tomato,23,90,12.76402932,329,Good,0,2070,4199.36564628
Banana,26,95,20.85352641,405,Good,0,2470,8445.678196050001
Pineapple,24,95,14.03538213,313,Good,0,2280,4393.07460669
Pineapple,24,95,14.1136139,325,Good,0,2280,4586.924517500001
Orange,24,95,16.74896501,388,Bad,1,2280,6498.598423879999
Banana,26,90,19.20950925,392,Good,0,2340,7530.127626
Orange,23,95,4.441500903,336,Good,0,2185,1492.3443034079999
Tomato,25,95,12.90803823,374,Bad,1,2375,4827.60629802
Orange,22,95,6.869873736,296,Good,0,2090,2033.482625856
Banana,26,95,17.40523312,318,Good,0,2470,5534.86413216
Orange,24,95,14.83589827,421,Bad,1,2280,6245.913171669999
Tomato,24,88,10.28117628,242,Good,0,2112,2488.0446597600003
Banana,25,89,19.00030193,393,Good,0,2225,7467.11865849
Orange,23,95,4.904260592,317,Good,0,2185,1554.650607664
Banana,24,95,12.48027818,254,Bad,1,2280,3169.9906577200004
Pineapple,25,95,10.04556771,301,Bad,1,2375,3023.71588071
Orange,22,95,7.404343951,352,Good,0,2090,2606.329070752
Orange,23,95,14.43054353,211,Bad,1,2185,3044.84468483
Orange,24,95,14.75399666,407,Bad,1,2280,6004.87664062
Pineapple,22,95,12.90803823,337,Good,0,2090,4350.0088835100005
Pineapple,23,92,12.76402932,339,Good,0,2116,4327.00593948
Banana,24,95,13.27441976,259,Bad,1,2280,3438.07471784
Orange,24,95,14.91822038,393,Bad,1,2280,5862.860609339999
Tomato,26,87,7.542720421,415,Good,0,2262,3130.2289747150003
Orange,23,95,15.00096563,220,Bad,1,2185,3300.2124386
Tomato,26,88,7.404343951,391,Good,0,2288,2895.0984848410003
Orange,23,95,14.83589827,403,Bad,1,2185,5978.86700281
Orange,24,95,14.91822038,376,Bad,1,2280,5609.25086288
Orange,23,95,16.20534945,257,Bad,1,2185,4164.77480865
Pineapple,22,95,13.80304952,348,Good,0,2090,4803.46123296
Tomato,23,92,10.22184745,358,Good,0,2116,3659.4213871
Orange,22,95,7.133358572,292,Good,0,2090,2082.940703024
Tomato,23,91,8.465927903,363,Good,0,2093,3073.1318287890003
Tomato,24,89,8.018312629,291,Good,0,2136,2333.328975039
Pineapple,23,95,12.34050263,336,Good,0,2185,4146.40888368
Orange,22,95,6.956882353,352,Good,0,2090,2448.822588256
Orange,22,95,6.613669965,288,Good,0,2090,1904.73694992
Orange,24,95,15.16773612,373,Bad,1,2280,5657.565572760001
Banana,26,95,13.95754575,304,Good,0,2470,4243.093908
Banana,24,88,14.59144457,321,Good,0,2112,4683.85370697
Orange,24,95,15.00096563,381,Bad,1,2280,5715.36790503
Orange,22,95,8.619414571,177,Good,0,2090,1525.636379067
Banana,25,89,19.95991509,302,Good,0,2225,6027.89435718
Orange,23,95,15.59225501,261,Bad,1,2185,4069.57855761
Pineapple,23,95,12.62144823,330,Good,0,2185,4165.0779159
Orange,24,95,14.67251295,388,Bad,1,2280,5692.9350246
Pineapple,25,95,12.62144823,404,Bad,1,2375,5099.06508492
Tomato,23,87,6.529850053,292,Good,0,2001,1906.716215476
Tomato,24,95,16.11639251,345,Bad,1,2280,5560.15541595
Tomato,23,89,8.0671142,298,Good,0,2047,2404.0000316
Pineapple,25,95,11.46485093,322,Bad,1,2375,3691.68199946
Tomato,24,88,10.16280412,244,Good,0,2112,2479.72420528
Pineapple,23,95,12.98058343,339,Good,0,2185,4400.41778277
Tomato,23,90,12.76402932,328,Good,0,2070,4186.60161696
Orange,22,95,7.358649263,352,Good,0,2090,2590.244540576
Tomato,24,95,13.05349201,299,Bad,1,2280,3902.9941109899996
Banana,25,87,14.1136139,337,Good,0,2175,4756.2878843
Orange,22,95,9.201267821,181,Good,0,2090,1665.429475601
Tomato,23,89,8.465927903,313,Good,0,2047,2649.8354336390003
Banana,24,86,13.95754575,336,Good,0,2064,4689.735372
Tomato,24,95,13.49869706,385,Bad,1,2280,5196.998368099999
Pineapple,25,95,9.8718154,321,Bad,1,2375,3168.8527434
Banana,26,90,19.20950925,384,Good,0,2340,7376.451552
Orange,23,95,15.08413665,253,Bad,1,2185,3816.2865724499998
Tomato,24,95,14.59144457,313,Bad,1,2280,4567.12215041
Orange,22,95,4.47356027,350,Good,0,2090,1565.7460945
Tomato,25,95,13.95754575,372,Bad,1,2375,5192.2070189999995
Tomato,25,95,13.05349201,380,Bad,1,2375,4960.3269638
Tomato,25,95,13.88010234,392,Bad,1,2375,5441.00011728
Tomato,24,95,16.38466179,360,Bad,1,2280,5898.478244399999
Tomato,22,93,11.862037,354,Good,0,2046,4199.1610980000005
Pineapple,25,95,11.01598084,316,Bad,1,2375,3481.0499454399996
Orange,23,95,16.20534945,258,Bad,1,2185,4180.9801581
Tomato,23,91,8.31460431,370,Good,0,2093,3076.4035947
Tomato,24,95,11.862037,280,Bad,1,2280,3321.3703600000003
Pineapple,25,95,11.72833871,431,Bad,1,2375,5054.91398401
Orange,23,95,8.31460431,177,Good,0,2185,1471.68496287
Pineapple,25,95,11.99705843,438,Bad,1,2375,5254.71159234
Pineapple,24,95,14.03538213,331,Good,0,2280,4645.71148503
Pineapple,23,95,13.3488037,366,Good,0,2185,4885.6621542
Pineapple,22,95,13.42356205,332,Good,0,2090,4456.6226006
Banana,24,95,17.79130513,254,Bad,1,2280,4518.99150302
Banana,25,86,13.65010619,351,Good,0,2150,4791.18727269
Tomato,23,88,7.730278953,294,Good,0,2024,2272.702012182
Banana,24,95,13.3488037,254,Bad,1,2280,3390.5961398
Pineapple,22,91,12.69256136,334,Good,0,2002,4239.31549424
Tomato,25,95,15.33623116,316,Bad,1,2375,4846.24904656
Orange,23,95,8.364807255,175,Good,0,2185,1463.841269625
Pineapple,25,95,9.814452454,326,Bad,1,2375,3199.511500004
Banana,26,95,20.85352641,386,Good,0,2470,8049.46119426
Pineapple,23,95,12.27113269,333,Good,0,2185,4086.28718577
Orange,22,95,4.938486566,356,Good,0,2090,1758.101217496
Tomato,25,91,6.405576451,400,Good,0,2275,2562.2305804
Tomato,23,89,8.619414571,312,Good,0,2047,2689.257346152
Pineapple,23,95,12.41021712,325,Good,0,2185,4033.320564
Orange,22,95,7.0889296,289,Good,0,2090,2048.7006544
Tomato,23,92,9.814452454,356,Good,0,2116,3493.9450736239996
Orange,24,95,16.38466179,256,Bad,1,2280,4194.47341824
Banana,25,86,12.41021712,344,Good,0,2150,4269.11468928
Banana,25,87,14.27127328,328,Good,0,2175,4680.97763584
Tomato,25,93,6.48823229,394,Good,0,2325,2556.36352226
Orange,24,95,15.59225501,372,Bad,1,2280,5800.31886372
Pineapple,23,95,13.57421101,361,Good,0,2185,4900.290174610001
Banana,26,94,13.49869706,307,Good,0,2444,4144.099997419999
Orange,23,95,16.11639251,257,Bad,1,2185,4141.91287507
Pineapple,25,95,13.20040797,405,Bad,1,2375,5346.1652278500005
Banana,26,94,15.33623116,304,Good,0,2444,4662.21427264
Orange,24,95,15.08413665,374,Bad,1,2280,5641.4671071
Tomato,24,95,11.07916988,356,Good,0,2280,3944.18447728
Pineapple,25,95,10.04556771,294,Bad,1,2375,2953.3969067400003
Tomato,23,94,10.76627794,380,Good,0,2162,4091.1856172000003
Pineapple,24,95,14.1136139,333,Good,0,2280,4699.8334287
Banana,24,93,18.69070341,318,Good,0,2232,5943.64368438
Pineapple,22,83,12.62144823,321,Good,0,1826,4051.48488183
Orange,22,86,7.22284254,298,Good,0,1892,2152.4070769200002
Banana,26,95,15.25176672,309,Good,0,2470,4712.79591648
Tomato,24,95,14.67251295,315,Bad,1,2280,4621.84157925
Pineapple,25,95,11.14266773,317,Bad,1,2375,3532.22567041
Tomato,23,90,13.12676612,336,Good,0,2070,4410.59341632
Orange,22,95,7.404343951,361,Good,0,2090,2672.968166311
Pineapple,24,95,6.698275399,437,Bad,1,2280,2927.146349363
Tomato,26,84,8.415248038,405,Good,0,2184,3408.17545539
Tomato,24,76,17.69401633,459,Good,0,1824,8121.55349547
Orange,22,95,6.446808067,282,Good,0,2090,1817.999874894
Tomato,25,95,15.67848238,315,Bad,1,2375,4938.7219497
Pineapple,24,95,13.95754575,316,Good,0,2280,4410.584457
Orange,23,95,17.5009837,408,Bad,1,2185,7140.4013496
Pineapple,24,95,13.95754575,336,Good,0,2280,4689.735372
Pineapple,23,95,12.34050263,325,Good,0,2185,4010.66335475
Tomato,25,95,15.42113219,406,Bad,1,2375,6260.97966914
Pineapple,24,95,14.1136139,302,Good,0,2280,4262.3113978
Tomato,24,95,11.59594835,365,Good,0,2280,4232.52114775
Pineapple,24,95,13.88010234,402,Bad,1,2280,5579.801140680001
Tomato,25,93,6.48823229,410,Good,0,2325,2660.1752389
Tomato,25,93,6.529850053,394,Good,0,2325,2572.760920882
Tomato,23,89,8.264637967,297,Good,0,2047,2454.597476199
Pineapple,24,95,14.1136139,345,Good,0,2280,4869.1967955
Banana,25,86,13.80304952,348,Good,0,2150,4803.46123296
Tomato,25,95,13.3488037,377,Bad,1,2375,5032.4989949
Pineapple,24,95,14.03538213,330,Good,0,2280,4631.6761029
Tomato,25,95,15.33623116,385,Bad,1,2375,5904.4489966
Orange,22,95,6.405576451,255,Good,0,2090,1633.421995005
Orange,24,95,15.67848238,257,Bad,1,2280,4029.36997166
Banana,26,90,19.00030193,384,Good,0,2340,7296.11594112
Banana,24,95,16.47502321,250,Bad,1,2280,4118.7558025
Orange,23,95,15.85228317,257,Bad,1,2185,4074.03677469
Pineapple,25,95,14.35070581,407,Bad,1,2375,5840.73726467
Orange,23,95,17.12100442,248,Bad,1,2185,4246.00909616
Orange,23,95,13.88010234,246,Bad,1,2185,3414.5051756400003
Pineapple,22,90,12.83585424,333,Good,0,1980,4274.33946192
Orange,23,95,14.51078894,213,Bad,1,2185,3090.79804422
Tomato,22,92,11.14266773,353,Good,0,2024,3933.36170869
Tomato,25,95,12.83585424,371,Bad,1,2375,4762.10192304
Tomato,23,87,5.925488904,282,Good,0,2001,1670.987870928
Banana,24,95,12.27113269,256,Bad,1,2280,3141.40996864
Pineapple,22,95,12.62144823,322,Good,0,2090,4064.1063300600003
Orange,23,95,19.95991509,342,Bad,1,2185,6826.290960779999
Banana,26,90,19.20950925,400,Good,0,2340,7683.8037
Orange,22,95,4.870193845,346,Good,0,2090,1685.08707037
Tomato,24,89,13.80304952,393,Good,0,2136,5424.59846136
Pineapple,24,95,14.1136139,301,Good,0,2280,4248.1977839
Orange,23,95,16.56585884,247,Bad,1,2185,4091.76713348
Orange,23,95,4.570643409,335,Good,0,2185,1531.1655420149998
Banana,24,95,12.41021712,252,Bad,1,2280,3127.3747142400002
Tomato,25,95,12.76402932,300,Bad,1,2375,3829.2087960000003
Tomato,24,88,10.40069682,244,Good,0,2112,2537.77002408
Orange,22,95,7.044707922,301,Good,0,2090,2120.457084522
Tomato,23,88,7.825388265,295,Good,0,2024,2308.489538175
Pineapple,25,95,11.39978246,344,Bad,1,2375,3921.52516624
Banana,26,94,15.50647254,306,Good,0,2444,4744.98059724
Tomato,24,89,8.165410187,289,Good,0,2136,2359.8035440430003
Orange,22,95,8.264637967,369,Good,0,2090,3049.651409823
Tomato,26,83,8.165410187,425,Good,0,2158,3470.2993294750004
Orange,22,95,7.0889296,297,Good,0,2090,2105.4120912
Pineapple,23,84,12.62144823,346,Good,0,1932,4367.02108758
Orange,22,95,7.358649263,357,Good,0,2090,2627.037786891
Tomato,23,90,12.69256136,312,Good,0,2070,3960.0791443199996
Orange,23,95,15.76515749,424,Bad,1,2185,6684.42677576
Tomato,24,89,13.80304952,406,Good,0,2136,5604.03810512
Tomato,23,93,11.01598084,391,Good,0,2139,4307.24850844
Orange,22,95,8.214906999,371,Good,0,2090,3047.730496629
Pineapple,25,95,9.929454577,314,Bad,1,2375,3117.8487371779997
Tomato,26,91,6.446808067,391,Good,0,2366,2520.701954197
Pineapple,22,95,12.76402932,328,Good,0,2090,4186.60161696
Orange,23,95,15.59225501,403,Bad,1,2185,6283.67876903
Tomato,25,93,6.529850053,395,Good,0,2325,2579.2907709349997
Banana,24,94,19.74258151,322,Good,0,2256,6357.11124622
Tomato,24,89,13.49869706,403,Good,0,2136,5439.97491518
Tomato,24,93,11.20647613,373,Good,0,2232,4180.0155964900005
Tomato,25,95,15.85228317,310,Bad,1,2375,4914.2077827
Tomato,23,89,7.313168177,291,Good,0,2047,2128.131939507
Pineapple,25,95,11.53023895,317,Bad,1,2375,3655.08574715
Orange,22,95,9.201267821,180,Good,0,2090,1656.22820778
Tomato,24,89,13.42356205,401,Good,0,2136,5382.84838205
Banana,24,95,12.41021712,256,Bad,1,2280,3177.01558272
Orange,23,95,15.76515749,256,Bad,1,2185,4035.88031744
Orange,23,95,14.75399666,376,Bad,1,2185,5547.5027441600005
Orange,23,95,15.16773612,394,Bad,1,2185,5976.08803128
Pineapple,22,89,12.69256136,322,Good,0,1958,4087.0047579199995
Orange,22,95,7.873279406,163,Good,0,2090,1283.344543178
Orange,24,95,14.75399666,406,Bad,1,2280,5990.1226439600005
Banana,24,88,14.67251295,322,Good,0,2112,4724.5491699
Tomato,24,95,15.93986231,340,Bad,1,2280,5419.5531854
Banana,26,90,19.74258151,375,Good,0,2340,7403.46806625
Orange,23,95,14.83589827,218,Bad,1,2185,3234.22582286
Tomato,22,92,10.16280412,357,Good,0,2024,3628.1210708400004
Orange,22,95,6.242557594,245,Good,0,2090,1529.42661053
Orange,23,95,7.542720421,299,Good,0,2185,2255.273405879
Orange,22,95,5.43477585,303,Good,0,2090,1646.7370825500002
Orange,23,95,7.873279406,177,Good,0,2185,1393.570454862
Tomato,26,87,7.730278953,402,Good,0,2262,3107.572139106
Pineapple,25,95,12.34050263,409,Bad,1,2375,5047.26557567
Banana,24,95,16.93400512,258,Bad,1,2280,4368.97332096
Tomato,23,90,12.48027818,308,Good,0,2070,3843.9256794400003
Tomato,22,91,10.28117628,361,Good,0,2002,3711.50463708
Tomato,25,93,6.446808067,403,Good,0,2325,2598.063651001
Pineapple,22,90,12.41021712,321,Good,0,1980,3983.67969552
Pineapple,24,95,14.03538213,310,Good,0,2280,4350.9684603000005
Tomato,22,93,11.59594835,356,Good,0,2046,4128.1576126
Pineapple,23,95,13.12676612,358,Good,0,2185,4699.38227096
Tomato,23,90,12.55068787,326,Good,0,2070,4091.5242456200003
Orange,22,95,6.162179985,266,Good,0,2090,1639.1398760099999
Pineapple,23,95,12.27113269,326,Good,0,2185,4000.38925694
Banana,26,94,15.25176672,307,Good,0,2444,4682.2923830400005
Banana,24,95,15.50647254,251,Bad,1,2280,3892.1246075400004
Orange,23,95,8.364807255,174,Good,0,2185,1455.47646237
Banana,24,95,16.93400512,253,Bad,1,2280,4284.3032953599995
Orange,22,95,8.018312629,177,Good,0,2090,1419.241335333
Pineapple,25,95,10.04556771,306,Bad,1,2375,3073.94371926
Pineapple,25,95,10.16280412,357,Bad,1,2375,3628.1210708400004
Tomato,24,89,12.90803823,336,Good,0,2136,4337.100845280001
Pineapple,22,81,12.69256136,343,Good,0,1782,4353.5485464799995
Pineapple,25,95,10.76627794,291,Bad,1,2375,3132.98688054
Orange,24,95,15.67848238,399,Bad,1,2280,6255.71446962
Orange,22,95,6.655874013,253,Good,0,2090,1683.936125289
Orange,23,95,14.59144457,360,Bad,1,2185,5252.9200452000005
Tomato,25,95,14.19224347,383,Bad,1,2375,5435.6292490099995
Orange,22,95,5.042126986,357,Good,0,2090,1800.0393340020003
Banana,24,95,19.20950925,306,Bad,1,2280,5878.1098305
Pineapple,25,95,11.14266773,310,Bad,1,2375,3454.2269963
Tomato,24,89,13.72638492,400,Good,0,2136,5490.553967999999
Orange,23,95,8.214906999,179,Good,0,2185,1470.468352821
Orange,23,95,15.93986231,254,Bad,1,2185,4048.72502674
Tomato,23,91,8.31460431,372,Good,0,2093,3093.03280332
Pineapple,25,95,10.10404473,294,Bad,1,2375,2970.58915062
Pineapple,23,85,12.69256136,332,Good,0,1955,4213.930371519999
Pineapple,25,95,10.04556771,288,Bad,1,2375,2893.12350048
Orange,23,95,5.398243871,360,Good,0,2185,1943.36779356
Tomato,24,95,11.99705843,367,Good,0,2280,4402.92044381
Orange,22,95,7.589280351,300,Good,0,2090,2276.7841053
Orange,22,95,7.404343951,360,Good,0,2090,2665.5638223600004
Orange,22,95,9.8718154,360,Good,0,2090,3553.8535439999996
Pineapple,25,95,11.07916988,308,Bad,1,2375,3412.3843230400003
Banana,24,95,17.88911347,257,Bad,1,2280,4597.50216179
Orange,23,95,17.21524677,257,Bad,1,2185,4424.31841989
Tomato,25,95,15.50647254,320,Bad,1,2375,4962.0712128000005
Tomato,25,95,15.50647254,391,Bad,1,2375,6063.03076314
Banana,24,88,15.00096563,322,Good,0,2112,4830.31093286
Banana,26,94,14.1136139,306,Good,0,2444,4318.7658534
Banana,26,91,20.06947764,301,Good,0,2366,6040.91276964
Orange,22,95,6.698275399,248,Good,0,2090,1661.172298952
Orange,22,95,6.162179985,244,Good,0,2090,1503.57191634
Banana,25,89,18.89654455,387,Good,0,2225,7312.962740850001
Pineapple,25,95,11.01598084,295,Bad,1,2375,3249.7143478
Orange,23,95,4.570643409,343,Good,0,2185,1567.730689287
Tomato,24,95,16.56585884,358,Bad,1,2280,5930.5774647200005
Pineapple,25,95,10.16280412,308,Bad,1,2375,3130.14366896
Orange,24,95,14.91822038,368,Bad,1,2280,5489.90509984
Orange,23,95,6.446808067,253,Good,0,2185,1631.0424409510001
Tomato,24,95,12.98058343,302,Bad,1,2280,3920.1361958599996
Tomato,24,91,8.364807255,360,Good,0,2184,3011.3306118
Tomato,23,90,12.90803823,321,Good,0,2070,4143.480271830001
Pineapple,24,95,11.66198098,434,Bad,1,2280,5061.29974532
Orange,24,95,15.50647254,380,Bad,1,2280,5892.459565200001
Pineapple,22,95,12.83585424,341,Good,0,2090,4377.02629584
Pineapple,24,95,13.88010234,319,Good,0,2280,4427.7526464600005
Pineapple,24,95,14.19224347,309,Good,0,2280,4385.40323223
Tomato,26,93,6.48823229,408,Good,0,2418,2647.19877432
Banana,24,95,16.11639251,250,Bad,1,2280,4029.0981275000004
Pineapple,25,95,9.929454577,310,Bad,1,2375,3078.1309188699997
Pineapple,25,95,11.53023895,334,Bad,1,2375,3851.0998093
Banana,24,95,20.17964285,321,Good,0,2280,6477.66535485
Banana,24,95,17.30998858,263,Bad,1,2280,4552.526996539999
Orange,23,95,15.08413665,217,Bad,1,2185,3273.25765305
Orange,24,95,14.75399666,373,Bad,1,2280,5503.24075418
Pineapple,24,95,14.1136139,304,Good,0,2280,4290.5386256
Orange,23,95,15.67848238,252,Bad,1,2185,3950.97755976
Banana,25,87,14.1136139,327,Good,0,2175,4615.151745300001
Tomato,24,95,14.83589827,316,Bad,1,2280,4688.14385332
Pineapple,23,95,12.90803823,343,Good,0,2185,4427.457112890001
Pineapple,25,95,9.814452454,327,Bad,1,2375,3209.325952458
Tomato,23,90,12.90803823,328,Good,0,2070,4233.83653944
Tomato,24,95,12.90803823,302,Bad,1,2280,3898.2275454600003
Banana,24,95,17.12100442,249,Bad,1,2280,4263.13010058
Pineapple,25,95,9.987371503,349,Bad,1,2375,3485.592654547
Orange,24,95,16.02789778,379,Bad,1,2280,6074.57325862
Orange,23,95,15.93986231,257,Bad,1,2185,4096.54461367
Orange,22,95,10.22184745,205,Good,0,2090,2095.4787272500002
Orange,23,95,14.83589827,213,Bad,1,2185,3160.04633151
Orange,22,95,6.364536513,251,Good,0,2090,1597.498664763
Orange,22,95,6.446808067,254,Good,0,2090,1637.489249018
Banana,25,86,18.48706888,395,Good,0,2150,7302.3922076
Orange,22,95,7.000692513,300,Good,0,2090,2100.2077538999997
Orange,23,95,14.83589827,216,Bad,1,2185,3204.55402632
Banana,24,95,15.85228317,250,Bad,1,2280,3963.0707925
Pineapple,22,95,12.76402932,332,Good,0,2090,4237.6577342400005
Orange,22,95,5.007419045,354,Good,0,2090,1772.6263419299999
Pineapple,25,95,9.8718154,306,Bad,1,2375,3020.7755123999996
Orange,22,95,4.802535216,341,Good,0,2090,1637.664508656
Orange,22,95,6.202275223,254,Good,0,2090,1575.377906642
Banana,24,95,12.20210529,250,Bad,1,2280,3050.5263225000003
Tomato,25,95,7.730278953,199,Good,0,2375,1538.325511647
Orange,22,95,7.404343951,354,Good,0,2090,2621.137758654
Tomato,24,94,11.14266773,390,Good,0,2256,4345.640414699999
Tomato,23,91,13.12676612,335,Good,0,2093,4397.4666502
Orange,22,95,6.740875089,256,Good,0,2090,1725.664022784
Orange,23,95,16.65717174,244,Bad,1,2185,4064.3499045599997
Tomato,23,95,14.43054353,312,Bad,1,2185,4502.32958136
Tomato,23,89,12.76402932,349,Good,0,2047,4454.64623268
Tomato,23,91,9.757364232,359,Good,0,2093,3502.893759288
Tomato,23,91,8.214906999,370,Good,0,2093,3039.5155896300002
Orange,22,95,7.404343951,353,Good,0,2090,2613.733414703
Orange,23,85,4.22124279,325,Good,0,1955,1371.90390675
Banana,25,89,19.63480231,395,Good,0,2225,7755.74691245
Tomato,24,89,13.80304952,398,Good,0,2136,5493.61370896
Banana,24,95,12.41021712,243,Bad,1,2280,3015.6827601600003
Orange,23,95,20.06947764,331,Bad,1,2185,6642.99709884
Tomato,25,95,16.02789778,328,Bad,1,2375,5257.15047184
Tomato,25,95,15.76515749,321,Bad,1,2375,5060.61555429
Tomato,23,92,10.52137857,356,Good,0,2116,3745.61077092
Orange,24,95,14.67251295,399,Bad,1,2280,5854.33266705
Tomato,23,90,12.83585424,330,Good,0,2070,4235.8318991999995
Pineapple,22,95,12.69256136,338,Good,0,2090,4290.085739679999
Banana,26,90,19.20950925,385,Good,0,2340,7395.66106125
Tomato,25,95,15.67848238,313,Bad,1,2375,4907.36498494
Pineapple,25,95,13.72638492,397,Bad,1,2375,5449.37481324
Pineapple,24,95,14.1136139,343,Good,0,2280,4840.9695677
Orange,23,92,4.870193845,343,Good,0,2116,1670.476488835
Pineapple,25,95,11.20647613,313,Bad,1,2375,3507.6270286900003
Pineapple,24,95,13.12676612,329,Good,0,2280,4318.706053479999
Pineapple,25,95,11.27059687,292,Bad,1,2375,3291.01428604
Pineapple,25,95,11.14266773,301,Bad,1,2375,3353.94298673
Banana,24,95,20.51379641,323,Good,0,2280,6625.95624043
Tomato,23,89,8.0671142,301,Good,0,2047,2428.2013742000004
Orange,24,95,15.33623116,375,Bad,1,2280,5751.086685
Tomato,25,95,12.98058343,378,Bad,1,2375,4906.66053654
Tomato,23,90,12.90803823,329,Good,0,2070,4246.744577670001
Tomato,23,88,7.358649263,296,Good,0,2024,2178.160181848
Banana,26,90,19.63480231,399,Good,0,2340,7834.28612169
Tomato,26,88,7.22284254,390,Good,0,2288,2816.9085906
Tomato,23,88,7.177995872,288,Good,0,2024,2067.262811136
Orange,23,95,7.542720421,300,Good,0,2185,2262.8161263
Banana,24,87,13.65010619,336,Good,0,2088,4586.43567984
Orange,22,95,8.31460431,371,Good,0,2090,3084.71819901
Pineapple,25,95,11.20647613,294,Bad,1,2375,3294.70398222
Tomato,23,91,13.80304952,327,Good,0,2093,4513.59719304
Tomato,23,90,12.83585424,328,Good,0,2070,4210.16019072
Tomato,23,89,7.683058499,295,Good,0,2047,2266.502257205
Orange,23,95,8.31460431,176,Good,0,2185,1463.37035856
Tomato,25,95,13.80304952,365,Bad,1,2375,5038.1130748
Pineapple,22,95,12.62144823,339,Good,0,2090,4278.67094997
Pineapple,22,93,12.62144823,341,Good,0,2046,4303.91384643
Tomato,23,95,11.99705843,373,Good,0,2185,4474.90279439
Banana,24,95,17.02725828,248,Bad,1,2280,4222.760053440001
Tomato,24,95,12.27113269,372,Good,0,2280,4564.86136068
Orange,23,95,16.74896501,247,Bad,1,2185,4136.99435747
Banana,24,95,11.66198098,42,Bad,1,2280,489.80320115999996
Banana,24,95,16.93400512,254,Bad,1,2280,4301.237300479999
Orange,22,95,6.529850053,292,Good,0,2090,1906.716215476
Pineapple,25,95,9.8718154,332,Bad,1,2375,3277.4427127999998
Tomato,24,95,12.20210529,360,Good,0,2280,4392.7579044
Tomato,23,89,8.214906999,301,Good,0,2047,2472.687006699
Orange,23,95,16.11639251,256,Bad,1,2185,4125.79648256
Tomato,25,95,15.42113219,319,Bad,1,2375,4919.34116861
Pineapple,25,95,11.27059687,299,Bad,1,2375,3369.90846413
Orange,22,95,8.415248038,178,Good,0,2090,1497.914150764
Pineapple,22,94,13.27441976,325,Good,0,2068,4314.186422000001
Orange,22,95,7.730278953,180,Good,0,2090,1391.45021154
Tomato,24,95,16.11639251,343,Bad,1,2280,5527.92263093
Orange,22,95,7.542720421,297,Good,0,2090,2240.187965037
Banana,25,86,13.57421101,339,Good,0,2150,4601.657532390001
Banana,25,95,14.1136139,38,Bad,1,2375,536.3173282
Banana,25,89,18.89654455,382,Good,0,2225,7218.480018100001
Orange,22,95,6.740875089,250,Good,0,2090,1685.21877225
Tomato,24,95,9.644005982,425,Good,0,2280,4098.70254235
Orange,23,95,19.74258151,347,Bad,1,2185,6850.67578397
Banana,26,95,14.03538213,311,Good,0,2470,4365.00384243
Banana,24,95,18.89654455,281,Bad,1,2280,5309.92901855
Orange,24,95,15.42113219,370,Bad,1,2280,5705.8189102999995
Tomato,22,91,13.42356205,333,Good,0,2002,4470.04616265
Orange,23,95,4.938486566,272,Good,0,2185,1343.268345952
Orange,22,95,7.358649263,347,Good,0,2090,2553.451294261
Orange,22,95,7.404343951,358,Good,0,2090,2650.755134458
Orange,22,95,5.886678992,262,Good,0,2090,1542.309895904
Orange,24,95,18.89654455,266,Bad,1,2280,5026.4808503
Pineapple,22,95,12.62144823,326,Good,0,2090,4114.592122980001
Orange,22,95,7.404343951,348,Good,0,2090,2576.711694948
Pineapple,25,95,9.644005982,302,Bad,1,2375,2912.489806564
Tomato,24,95,16.65717174,356,Bad,1,2280,5929.95313944
Orange,24,95,14.75399666,363,Bad,1,2280,5355.70078758
Pineapple,25,95,10.16280412,294,Bad,1,2375,2987.8644112800002
Tomato,25,95,15.50647254,323,Bad,1,2375,5008.59063042
Orange,24,95,14.91822038,412,Bad,1,2280,6146.306796559999
Tomato,23,89,7.825388265,299,Good,0,2047,2339.791091235
Orange,24,95,16.74896501,205,Bad,1,2280,3433.53782705
Banana,25,87,14.1136139,331,Good,0,2175,4671.606200900001
Tomato,23,90,12.90803823,333,Good,0,2070,4298.37673059
Tomato,24,95,14.75399666,320,Bad,1,2280,4721.2789312
Pineapple,22,89,12.62144823,330,Good,0,1958,4165.0779159
Pineapple,23,95,12.90803823,348,Good,0,2185,4491.99730404
Pineapple,25,95,13.20040797,409,Bad,1,2375,5398.966859730001
Orange,23,95,17.5009837,400,Bad,1,2185,7000.39348
Orange,24,95,15.08413665,375,Bad,1,2280,5656.55124375
Orange,23,95,5.147226326,304,Good,0,2185,1564.756803104
Tomato,25,95,16.47502321,361,Bad,1,2375,5947.4833788099995
Orange,23,95,16.84124175,248,Bad,1,2185,4176.627954
Pineapple,22,95,12.83585424,335,Good,0,2090,4300.0111704
Orange,23,95,15.08413665,379,Bad,1,2185,5716.88779035
Banana,25,86,13.57421101,348,Good,0,2150,4723.825431480001
Tomato,24,76,17.30998858,466,Good,0,1824,8066.45467828
Pineapple,25,95,9.987371503,304,Bad,1,2375,3036.160936912
Tomato,24,90,8.116146322,290,Good,0,2160,2353.68243338
Banana,25,89,20.17964285,399,Good,0,2225,8051.67749715
Orange,23,95,8.415248038,177,Good,0,2185,1489.4989027259999
Orange,22,95,7.133358572,298,Good,0,2090,2125.740854456
Tomato,23,90,12.76402932,320,Good,0,2070,4084.4893824
Pineapple,23,95,12.20210529,324,Good,0,2185,3953.4821139600003
Orange,23,95,19.85095108,359,Bad,1,2185,7126.49143772
Tomato,23,91,8.214906999,369,Good,0,2093,3031.300682631
Orange,23,95,4.570643409,347,Good,0,2185,1586.013262923
Pineapple,25,95,11.862037,370,Bad,1,2375,4388.95369
Orange,22,95,8.264637967,174,Good,0,2090,1438.047006258
Orange,23,95,15.33623116,251,Bad,1,2185,3849.39402116
Tomato,23,90,12.98058343,316,Good,0,2070,4101.8643638799995
Orange,22,95,7.589280351,350,Good,0,2090,2656.24812285
Orange,23,95,19.85095108,326,Bad,1,2185,6471.41005208
Pineapple,23,95,12.76402932,321,Good,0,2185,4097.25341172
Orange,23,95,14.83589827,409,Bad,1,2185,6067.8823924299995
Pineapple,25,95,6.740875089,445,Bad,1,2375,2999.689414605
Tomato,22,92,10.28117628,359,Good,0,2024,3690.94228452
Pineapple,25,95,10.52137857,449,Bad,1,2375,4724.09897793
Pineapple,25,95,10.10404473,357,Bad,1,2375,3607.1439686100002
Tomato,23,89,9.255689372,308,Good,0,2047,2850.752326576
Tomato,24,94,10.76627794,386,Good,0,2256,4155.78328484
Banana,25,86,13.88010234,350,Good,0,2150,4858.035819000001
Pineapple,22,93,12.69256136,337,Good,0,2046,4277.39317832
Orange,24,95,15.08413665,371,Bad,1,2280,5596.21469715
Tomato,24,95,12.13341843,286,Bad,1,2280,3470.15767098
Orange,24,95,14.83589827,393,Bad,1,2280,5830.50802011
Orange,22,95,7.404343951,349,Good,0,2090,2584.116038899
Tomato,25,95,15.76515749,315,Bad,1,2375,4966.02460935
Tomato,23,95,14.51078894,306,Bad,1,2185,4440.3014156399995
Orange,23,95,14.83589827,217,Bad,1,2185,3219.3899245899997
Orange,23,95,15.25176672,453,Bad,1,2185,6909.050324160001
Orange,24,95,15.25176672,380,Bad,1,2280,5795.671353600001
Pineapple,22,94,12.83585424,327,Good,0,2068,4197.32433648
Pineapple,22,95,12.83585424,336,Good,0,2090,4312.84702464
Pineapple,25,95,9.420521035,437,Bad,1,2375,4116.767692295
Orange,22,95,6.48823229,251,Good,0,2090,1628.54630479
Orange,23,95,16.84124175,247,Bad,1,2185,4159.786712249999
Orange,23,95,8.264637967,176,Good,0,2185,1454.576282192
Orange,23,95,16.29477154,260,Bad,1,2185,4236.6406004
Orange,24,95,14.75399666,372,Bad,1,2280,5488.4867575200005
Banana,26,95,17.79130513,314,Good,0,2470,5586.46981082
Tomato,23,89,7.969740423,297,Good,0,2047,2367.012905631
Tomato,23,88,6.956882353,292,Good,0,2024,2031.409647076
Orange,22,95,5.042126986,350,Good,0,2090,1764.7444451000001
Banana,26,90,20.85352641,407,Good,0,2340,8487.38524887
Pineapple,24,95,14.19224347,341,Good,0,2280,4839.55502327
Orange,22,95,5.471478228,304,Good,0,2090,1663.329381312
Banana,24,95,17.02725828,246,Bad,1,2280,4188.70553688
Pineapple,22,95,13.95754575,344,Good,0,2090,4801.395738
Tomato,23,87,6.043008199,284,Good,0,2001,1716.214328516
Pineapple,24,95,14.1136139,347,Good,0,2280,4897.4240233
Orange,22,95,6.48823229,250,Good,0,2090,1622.0580725
Tomato,24,95,16.11639251,338,Bad,1,2280,5447.34066838
Orange,23,95,8.465927903,188,Good,0,2185,1591.594445764
Banana,24,95,16.02789778,246,Bad,1,2280,3942.86285388
Tomato,25,95,7.542720421,193,Good,0,2375,1455.745041253
Orange,22,95,5.007419045,346,Good,0,2090,1732.56698957
Pineapple,23,85,12.76402932,345,Good,0,1955,4403.5901154
Pineapple,25,95,9.987371503,316,Bad,1,2375,3156.009394948
Tomato,25,95,14.19224347,381,Bad,1,2375,5407.2447620699995
Orange,23,95,15.16773612,449,Bad,1,2185,6810.31351788
Pineapple,23,95,12.41021712,331,Good,0,2185,4107.78186672
Pineapple,23,95,13.05349201,345,Good,0,2185,4503.45474345
Tomato,23,89,12.48027818,340,Good,0,2047,4243.294581200001
Banana,26,95,16.74896501,308,Good,0,2470,5158.68122308
Orange,22,95,7.873279406,307,Good,0,2090,2417.096777642
Orange,23,95,8.364807255,179,Good,0,2185,1497.300498645
Tomato,24,95,12.98058343,303,Bad,1,2280,3933.1167792899996
Tomato,23,92,10.10404473,357,Good,0,2116,3607.1439686100002
Pineapple,24,95,14.03538213,323,Good,0,2280,4533.42842799
Tomato,23,91,8.31460431,369,Good,0,2093,3068.08899039
Pineapple,25,95,9.8718154,308,Bad,1,2375,3040.5191431999997
Orange,23,95,16.65717174,248,Bad,1,2185,4130.97859152
Tomato,22,92,9.587732994,360,Good,0,2024,3451.58387784
Pineapple,25,95,10.04556771,308,Bad,1,2375,3094.03485468
Banana,26,90,20.29041491,376,Good,0,2340,7629.196006159999
Banana,24,86,12.69256136,346,Good,0,2064,4391.626230559999
Orange,24,95,14.83589827,383,Bad,1,2280,5682.149037409999
Orange,23,95,8.516848104,185,Good,0,2185,1575.6168992399998
Orange,22,95,9.365314571,182,Good,0,2090,1704.487251922
Orange,22,95,8.827487661,167,Good,0,2090,1474.190439387
Orange,22,95,6.48823229,256,Good,0,2090,1660.98746624
Pineapple,23,91,12.76402932,340,Good,0,2093,4339.7699688
Orange,23,95,19.95991509,362,Bad,1,2185,7225.489262579999
Orange,24,95,15.00096563,365,Bad,1,2280,5475.35245495
Tomato,23,88,8.165410187,290,Good,0,2024,2367.9689542300002
Tomato,25,95,15.76515749,313,Bad,1,2375,4934.49429437
Tomato,24,93,11.20647613,371,Good,0,2232,4157.60264423
Pineapple,24,95,12.69256136,413,Bad,1,2280,5242.027841679999
Orange,22,95,8.619414571,376,Good,0,2090,3240.899878696
Orange,23,95,15.59225501,253,Bad,1,2185,3944.84051753
Orange,22,95,8.0671142,172,Good,0,2090,1387.5436424000002
Banana,24,95,12.27113269,249,Bad,1,2280,3055.51203981
Orange,22,95,4.972872478,345,Good,0,2090,1715.64100491
Orange,22,95,6.446808067,252,Good,0,2090,1624.595632884
Orange,23,95,4.47356027,336,Good,0,2185,1503.1162507200002
Orange,23,95,14.75399666,215,Bad,1,2185,3172.1092819
Pineapple,25,95,11.27059687,415,Bad,1,2375,4677.29770105
Orange,23,95,5.007419045,341,Good,0,2185,1707.529894345
Tomato,23,89,12.76402932,346,Good,0,2047,4416.3541447200005
Pineapple,25,95,10.04556771,304,Bad,1,2375,3053.85258384
Orange,23,95,19.74258151,361,Bad,1,2185,7127.07192511
Tomato,24,95,12.27113269,367,Good,0,2280,4503.50569723
Orange,23,85,4.47356027,330,Good,0,1955,1476.2748891
Orange,23,95,19.52760946,350,Bad,1,2185,6834.663311
Banana,24,95,12.41021712,249,Bad,1,2280,3090.14406288
Banana,26,95,20.85352641,397,Good,0,2470,8278.84998477
Tomato,25,95,12.62144823,304,Bad,1,2375,3836.92026192
Banana,26,95,17.69401633,316,Good,0,2470,5591.3091602800005
Orange,23,95,19.85095108,351,Bad,1,2185,6967.683829080001
Orange,24,95,14.83589827,433,Bad,1,2280,6423.943950909999
Pineapple,25,95,11.20647613,323,Bad,1,2375,3619.69178999
Orange,22,95,6.48823229,261,Good,0,2090,1693.42862769
Orange,24,95,17.02725828,272,Bad,1,2280,4631.414252160001
Orange,23,89,4.377830797,330,Good,0,2047,1444.6841630099998
Pineapple,22,93,12.69256136,323,Good,0,2046,4099.69731928
Tomato,22,92,10.34079221,357,Good,0,2024,3691.66281897
Banana,26,94,13.80304952,305,Good,0,2444,4209.9301036
Orange,23,95,19.95991509,333,Bad,1,2185,6646.65172497
Orange,22,95,6.613669965,259,Good,0,2090,1712.940520935
Pineapple,24,95,13.95754575,324,Good,0,2280,4522.244823
Orange,23,95,16.47502321,248,Bad,1,2185,4085.80575608
Tomato,24,95,16.20534945,343,Bad,1,2280,5558.43486135
Banana,25,89,20.51379641,303,Good,0,2225,6215.680312230001
Orange,23,95,14.75399666,216,Bad,1,2185,3186.8632785600003
Orange,23,95,15.85228317,252,Bad,1,2185,3994.77535884
Orange,22,95,4.441500903,331,Good,0,2090,1470.1367988929999
Tomato,23,90,12.76402932,330,Good,0,2070,4212.1296756
Tomato,24,95,15.93986231,339,Bad,1,2280,5403.61332309
Orange,23,95,19.85095108,342,Bad,1,2185,6789.0252693600005
Tomato,23,87,6.364536513,283,Good,0,2001,1801.163833179
Orange,24,95,14.91822038,361,Bad,1,2280,5385.47755718
Tomato,23,87,6.082547355,283,Good,0,2001,1721.360901465
Orange,23,95,4.870193845,352,Good,0,2185,1714.30823344
Orange,23,80,16.11639251,252,Bad,1,1840,4061.3309125200003
Banana,24,95,16.65717174,253,Bad,1,2280,4214.26445022
Orange,23,95,16.38466179,260,Bad,1,2185,4260.0120654
Tomato,25,95,15.85228317,313,Bad,1,2375,4961.76463221
Orange,23,95,6.869873736,256,Good,0,2185,1758.687676416
Tomato,25,95,13.3488037,388,Bad,1,2375,5179.3358356
Orange,23,95,19.85095108,349,Bad,1,2185,6927.981926920001
Tomato,25,95,12.55068787,376,Bad,1,2375,4719.05863912
Pineapple,25,95,11.01598084,293,Bad,1,2375,3227.6823861199996
Banana,25,87,13.57421101,336,Good,0,2175,4560.934899360001
Orange,23,95,8.88012605,193,Good,0,2185,1713.86432765
Tomato,22,92,9.8718154,355,Good,0,2024,3504.4944669999995
Orange,22,95,6.571662296,247,Good,0,2090,1623.200587112
Orange,23,95,17.59724365,375,Bad,1,2185,6598.96636875
Banana,26,91,20.06947764,299,Good,0,2366,6000.77381436
Orange,22,95,9.201267821,178,Good,0,2090,1637.825672138
Orange,24,95,17.98744479,260,Bad,1,2280,4676.7356454
Tomato,25,95,12.76402932,381,Bad,1,2375,4863.09517092
Pineapple,24,95,13.95754575,305,Good,0,2280,4257.05145375
Orange,23,95,16.74896501,261,Bad,1,2185,4371.47986761
Orange,24,95,15.16773612,371,Bad,1,2280,5627.230100520001
Orange,24,95,15.42113219,383,Bad,1,2280,5906.2936287699995
Tomato,22,92,11.79502342,350,Good,0,2024,4128.258197
Pineapple,25,95,10.10404473,291,Bad,1,2375,2940.27701643
Pineapple,25,95,9.987371503,306,Bad,1,2375,3056.1356799180003
Pineapple,25,95,10.82824911,408,Bad,1,2375,4417.92563688
Orange,24,95,14.91822038,438,Bad,1,2280,6534.18052644
Tomato,23,89,8.568009903,307,Good,0,2047,2630.379040221
Pineapple,25,95,11.66198098,432,Bad,1,2375,5037.97578336
Pineapple,23,81,12.69256136,340,Good,0,1863,4315.4708623999995
Pineapple,25,95,10.89052217,292,Bad,1,2375,3180.0324736400003
Tomato,22,92,10.10404473,357,Good,0,2024,3607.1439686100002
Tomato,23,92,10.76627794,357,Good,0,2116,3843.5612245800003
Banana,25,89,19.20950925,381,Good,0,2225,7318.82302425
Orange,22,95,6.323687334,258,Good,0,2090,1631.511332172
Tomato,24,89,8.116146322,289,Good,0,2136,2345.566287058
Tomato,25,95,13.12676612,367,Bad,1,2375,4817.5231660399995
Orange,22,95,5.925488904,258,Good,0,2090,1528.7761372319999
Tomato,24,95,13.05349201,304,Bad,1,2280,3968.2615710399996
Orange,24,95,14.91822038,375,Bad,1,2280,5594.3326425
Banana,24,95,12.34050263,247,Bad,1,2280,3048.1041496099997
Tomato,23,89,7.683058499,293,Good,0,2047,2251.136140207
Tomato,24,89,13.80304952,394,Good,0,2136,5438.40151088
Orange,22,95,6.162179985,249,Good,0,2090,1534.382816265
Orange,22,95,7.0889296,361,Good,0,2090,2559.1035856
Orange,23,95,4.538130868,344,Good,0,2185,1561.1170185919998
Orange,24,95,14.91822038,389,Bad,1,2280,5803.18772782
Banana,26,90,19.10462223,391,Good,0,2340,7469.90729193
Pineapple,23,95,12.27113269,332,Good,0,2185,4074.01605308
Tomato,23,89,7.589280351,301,Good,0,2047,2284.3733856510003
Pineapple,23,95,12.55068787,329,Good,0,2185,4129.176309230001
Tomato,25,95,12.98058343,381,Bad,1,2375,4945.60228683
Pineapple,23,81,12.62144823,335,Good,0,1863,4228.18515705
Pineapple,22,95,12.76402932,324,Good,0,2090,4135.54549968
Pineapple,25,95,9.757364232,269,Bad,1,2375,2624.7309784080003
Orange,22,95,8.933015125,386,Good,0,2090,3448.1438382500005
Pineapple,24,95,14.1136139,327,Good,0,2280,4615.151745300001
Orange,23,95,4.836285621,344,Good,0,2185,1663.682253624
Banana,24,95,17.12100442,253,Bad,1,2280,4331.6141182599995
Banana,24,95,12.62144823,244,Bad,1,2280,3079.63336812
Orange,23,95,15.67848238,256,Bad,1,2185,4013.69148928
Orange,23,95,14.91822038,212,Bad,1,2185,3162.66272056
Pineapple,25,95,10.04556771,295,Bad,1,2375,2963.44247445
Banana,24,95,17.30998858,252,Bad,1,2280,4362.11712216
Tomato,25,95,14.91822038,384,Bad,1,2375,5728.5966259199995
Banana,25,88,15.25176672,320,Good,0,2200,4880.5653504
Pineapple,25,95,10.46089174,368,Bad,1,2375,3849.6081603199996
Pineapple,25,95,9.929454577,312,Bad,1,2375,3097.989828024
Pineapple,25,95,12.13341843,414,Bad,1,2375,5023.23523002
Banana,25,86,18.69070341,389,Good,0,2150,7270.68362649
Banana,24,95,12.27113269,254,Bad,1,2280,3116.86770326
Banana,24,95,12.06507013,252,Bad,1,2280,3040.39767276
Pineapple,25,95,10.28117628,363,Bad,1,2375,3732.06698964
Pineapple,23,94,12.55068787,349,Good,0,2162,4380.190066630001
Tomato,26,90,7.044707922,405,Good,0,2340,2853.10670841
Orange,23,95,6.405576451,247,Good,0,2185,1582.177383397
Pineapple,22,95,13.80304952,340,Good,0,2090,4693.0368368
Orange,23,95,5.007419045,352,Good,0,2185,1762.6115038399998
Banana,24,86,13.88010234,343,Good,0,2064,4760.87510262
Banana,25,86,18.48706888,403,Good,0,2150,7450.288758639999
Pineapple,24,95,14.03538213,318,Good,0,2280,4463.25151734
Orange,23,95,8.568009903,176,Good,0,2185,1507.969742928
Tomato,24,95,14.83589827,320,Bad,1,2280,4747.4874463999995
Orange,23,95,16.29477154,261,Bad,1,2185,4252.93537194
Tomato,23,89,7.777721829,303,Good,0,2047,2356.649714187
Tomato,23,91,8.465927903,365,Good,0,2093,3090.0636845950003
Tomato,24,95,16.47502321,367,Bad,1,2280,6046.33351807
Tomato,22,91,13.42356205,321,Good,0,2002,4308.96341805
Orange,24,95,15.00096563,367,Bad,1,2280,5505.35438621
Pineapple,25,95,11.46485093,411,Bad,1,2375,4712.053732230001
Pineapple,23,95,12.13341843,311,Good,0,2185,3773.49313173
Tomato,24,95,11.99705843,362,Good,0,2280,4342.93515166
Pineapple,22,95,13.88010234,347,Good,0,2090,4816.39551198
Tomato,23,92,10.04556771,357,Good,0,2116,3586.26767247
Tomato,25,95,16.56585884,264,Bad,1,2375,4373.38673376
Pineapple,23,95,12.69256136,314,Good,0,2185,3985.46426704
Orange,23,95,7.542720421,161,Good,0,2185,1214.377987781
Banana,25,88,19.52760946,389,Good,0,2200,7596.24007994
Pineapple,25,95,9.8718154,338,Bad,1,2375,3336.6736051999997
Tomato,26,92,6.48823229,402,Good,0,2392,2608.26938058
Orange,22,95,9.420521035,389,Good,0,2090,3664.582682615
Pineapple,24,95,10.22184745,439,Bad,1,2280,4487.39103055
Pineapple,25,95,11.14266773,291,Bad,1,2375,3242.5163094299996
Pineapple,23,95,12.76402932,351,Good,0,2185,4480.1742913200005
Orange,24,95,15.59225501,394,Bad,1,2280,6143.34847394
Banana,24,95,17.30998858,254,Bad,1,2280,4396.737099319999
Tomato,25,95,7.730278953,190,Good,0,2375,1468.75300107
Orange,23,95,14.59144457,389,Bad,1,2185,5676.07193773
Tomato,23,90,13.05349201,328,Good,0,2070,4281.54537928
Orange,23,95,19.63480231,338,Bad,1,2185,6636.56318078
Tomato,25,81,8.165410187,396,Good,0,2025,3233.5024340520004
Tomato,25,95,15.67848238,400,Bad,1,2375,6271.392952
Banana,24,95,16.56585884,245,Bad,1,2280,4058.6354158000004
Orange,22,95,9.814452454,201,Good,0,2090,1972.704943254
Banana,25,95,14.75399666,266,Bad,1,2375,3924.56311156
Tomato,25,95,16.47502321,373,Bad,1,2375,6145.18365733
Orange,23,95,14.67251295,217,Bad,1,2185,3183.93531015
Banana,24,86,13.3488037,348,Good,0,2064,4645.3836876
Pineapple,25,95,9.929454577,347,Bad,1,2375,3445.5207382189997
Banana,24,95,12.69256136,251,Bad,1,2280,3185.8329013599996
Orange,22,95,4.904260592,351,Good,0,2090,1721.395467792
Tomato,25,93,6.571662296,405,Good,0,2325,2661.52322988
Pineapple,25,95,9.987371503,289,Bad,1,2375,2886.350364367
Orange,22,95,7.044707922,346,Good,0,2090,2437.468941012
Orange,23,95,14.75399666,439,Bad,1,2185,6477.00453374
Banana,24,95,17.59724365,269,Bad,1,2280,4733.65854185
Tomato,23,89,7.683058499,294,Good,0,2047,2258.819198706
Orange,23,95,19.74258151,282,Bad,1,2185,5567.40798582
Orange,24,95,15.76515749,378,Bad,1,2280,5959.22953122
Orange,22,95,7.404343951,362,Good,0,2090,2680.372510262
Tomato,23,92,10.16280412,353,Good,0,2116,3587.46985436
Orange,23,95,8.415248038,176,Good,0,2185,1481.083654688
Pineapple,25,95,10.64323454,448,Bad,1,2375,4768.16907392
Tomato,24,89,8.0671142,288,Good,0,2136,2323.3288896000004
Orange,22,95,8.516848104,167,Good,0,2090,1422.313633368
Pineapple,23,94,12.76402932,347,Good,0,2162,4429.11817404
Orange,23,95,14.91822038,388,Bad,1,2185,5788.26950744
Pineapple,25,95,11.46485093,436,Bad,1,2375,4998.67500548
Pineapple,25,95,10.04556771,292,Bad,1,2375,2933.30577132
Orange,23,95,6.446808067,251,Good,0,2185,1618.148824817
Tomato,23,89,8.264637967,295,Good,0,2047,2438.068200265
Pineapple,25,95,11.14266773,294,Bad,1,2375,3275.94431262
Orange,24,95,15.67848238,456,Bad,1,2280,7149.38796528
Tomato,24,95,12.98058343,298,Bad,1,2280,3868.21386214
Orange,22,95,8.986156218,327,Good,0,2090,2938.473083286
Tomato,23,91,13.57421101,332,Good,0,2093,4506.638055320001
Tomato,25,95,12.76402932,301,Bad,1,2375,3841.97282532
Orange,22,95,4.505770041,339,Good,0,2090,1527.456043899
Orange,22,95,9.420521035,366,Good,0,2090,3447.91069881
Orange,23,95,15.25176672,455,Bad,1,2185,6939.553857600001
Tomato,25,95,7.636059339,201,Good,0,2375,1534.847927139
Tomato,24,95,13.72638492,383,Bad,1,2280,5257.20542436
Banana,25,89,18.89654455,388,Good,0,2225,7331.859285400001
Banana,24,95,12.27113269,255,Bad,1,2280,3129.13883595
Tomato,24,89,8.116146322,288,Good,0,2136,2337.4501407360003
Pineapple,25,95,11.20647613,314,Bad,1,2375,3518.83350482
Tomato,25,95,7.873279406,187,Good,0,2375,1472.303248922
Pineapple,25,95,10.76627794,292,Bad,1,2375,3143.75315848
Tomato,24,90,12.69256136,338,Good,0,2160,4290.085739679999
Tomato,25,95,12.76402932,302,Bad,1,2375,3854.7368546400003
Banana,24,95,16.65717174,249,Bad,1,2280,4147.63576326
Orange,22,95,4.538130868,344,Good,0,2090,1561.1170185919998
Tomato,23,92,9.814452454,355,Good,0,2116,3484.13062117
Tomato,23,90,12.62144823,330,Good,0,2070,4165.0779159
Tomato,25,95,7.969740423,188,Good,0,2375,1498.3111995240001
Orange,23,95,15.59225501,252,Bad,1,2185,3929.24826252
Banana,25,95,17.98744479,373,Good,0,2375,6709.31690667
Tomato,24,95,12.90803823,301,Bad,1,2280,3885.31950723
Tomato,24,95,13.42356205,305,Bad,1,2280,4094.18642525
Pineapple,23,80,12.62144823,327,Good,0,1840,4127.21357121
Orange,22,95,4.870193845,340,Good,0,2090,1655.8659073000001
Pineapple,24,95,14.03538213,302,Good,0,2280,4238.68540326
Pineapple,25,95,10.04556771,302,Bad,1,2375,3033.7614484200003
Tomato,26,93,6.613669965,400,Good,0,2418,2645.4679859999997
Pineapple,25,95,11.01598084,308,Bad,1,2375,3392.9220987199997
Banana,24,95,16.02789778,344,Bad,1,2280,5513.59683632
Banana,25,87,13.65010619,337,Good,0,2175,4600.08578603
Orange,22,95,12.20210529,226,Good,0,2090,2757.6757955400003
Orange,22,95,7.177995872,291,Good,0,2090,2088.796798752
Banana,26,94,13.80304952,300,Good,0,2444,4140.914856
Orange,23,95,14.91822038,374,Bad,1,2185,5579.4144221199995
Banana,24,95,16.65717174,245,Bad,1,2280,4081.0070763
Banana,25,95,16.11639251,262,Bad,1,2375,4222.49483762
Banana,24,95,18.48706888,256,Bad,1,2280,4732.68963328
Tomato,25,95,12.90803823,368,Bad,1,2375,4750.15806864
Orange,23,95,16.38466179,258,Bad,1,2185,4227.2427418199995
Tomato,24,89,12.98058343,329,Good,0,2136,4270.61194847
Pineapple,25,95,10.58215896,452,Bad,1,2375,4783.13584992
Pineapple,25,95,9.814452454,324,Bad,1,2375,3179.882595096
Banana,26,89,17.98744479,410,Good,0,2314,7374.8523639000005
Pineapple,25,95,10.16280412,363,Bad,1,2375,3689.0978955600003
Banana,25,90,20.06947764,303,Good,0,2250,6081.051724919999
Tomato,23,89,12.55068787,328,Good,0,2047,4116.62562136
Banana,24,95,18.38606989,256,Bad,1,2280,4706.83389184
Pineapple,24,95,13.88010234,336,Good,0,2280,4663.71438624
Banana,24,95,12.83585424,254,Bad,1,2280,3260.30697696
Tomato,26,93,6.529850053,398,Good,0,2418,2598.880321094
Banana,24,95,12.69256136,253,Bad,1,2280,3211.21802408
Orange,24,95,15.76515749,395,Bad,1,2280,6227.23720855
Tomato,22,94,11.862037,348,Good,0,2068,4127.988876
Tomato,25,95,15.50647254,309,Bad,1,2375,4791.50001486
Pineapple,22,95,12.98058343,324,Good,0,2090,4205.70903132
Banana,24,92,17.5009837,322,Good,0,2208,5635.3167514
Banana,25,86,13.57421101,342,Good,0,2150,4642.380165420001
Tomato,25,95,7.636059339,194,Good,0,2375,1481.395511766
Orange,23,95,19.74258151,353,Bad,1,2185,6969.131273030001
Orange,22,95,8.933015125,196,Good,0,2090,1750.8709645000001
Pineapple,23,95,12.62144823,336,Good,0,2185,4240.80660528
Orange,22,95,6.405576451,264,Good,0,2090,1691.072183064
Orange,22,95,7.000692513,361,Good,0,2090,2527.249997193
Tomato,24,89,13.57421101,402,Good,0,2136,5456.8328260200005
Orange,22,95,8.568009903,384,Good,0,2090,3290.115802752
Tomato,25,95,15.67848238,317,Bad,1,2375,4970.07891446
Pineapple,24,95,14.1136139,312,Good,0,2280,4403.4475368
Pineapple,25,95,10.28117628,445,Bad,1,2375,4575.1234446
Banana,26,94,14.67251295,302,Good,0,2444,4431.0989109
Banana,25,86,13.72638492,340,Good,0,2150,4666.9708728
Banana,24,95,23.0158361,194,Good,0,2280,4465.0722034
Banana,24,95,13.27441976,256,Bad,1,2280,3398.25145856
Pineapple,25,95,12.48027818,438,Bad,1,2375,5466.3618428400005
Orange,22,95,6.48823229,260,Good,0,2090,1686.9403954
Banana,26,95,17.02725828,312,Good,0,2470,5312.504583360001
Pineapple,23,86,12.69256136,334,Good,0,1978,4239.31549424
Pineapple,22,95,12.48027818,331,Good,0,2090,4130.972077580001
Orange,23,95,14.83589827,215,Bad,1,2185,3189.71812805
Orange,23,95,14.51078894,364,Bad,1,2185,5281.92717416
Orange,23,95,4.570643409,325,Good,0,2185,1485.459107925
Banana,25,86,13.72638492,344,Good,0,2150,4721.87641248
Orange,23,95,14.75399666,217,Bad,1,2185,3201.61727522
Orange,24,95,16.11639251,385,Bad,1,2280,6204.811116350001
Tomato,24,94,11.46485093,360,Good,0,2256,4127.3463348000005
Orange,23,95,6.740875089,253,Good,0,2185,1705.441397517
Pineapple,23,93,12.76402932,344,Good,0,2139,4390.82608608
Banana,25,87,14.19224347,334,Good,0,2175,4740.20931898
Banana,26,95,17.69401633,313,Good,0,2470,5538.22711129
Pineapple,25,95,10.52137857,382,Bad,1,2375,4019.16661374
Banana,25,89,20.29041491,393,Good,0,2225,7974.1330596299995
Tomato,22,94,12.55068787,344,Good,0,2068,4317.436627280001
Pineapple,23,82,12.62144823,340,Good,0,1886,4291.2923982
Orange,23,95,16.47502321,260,Bad,1,2185,4283.5060346
Pineapple,25,95,10.22184745,356,Bad,1,2375,3638.9776922
Pineapple,25,95,10.22184745,358,Bad,1,2375,3659.4213871
Pineapple,25,95,11.01598084,304,Bad,1,2375,3348.8581753599997
Tomato,24,89,8.0671142,292,Good,0,2136,2355.5973464000003
Banana,26,95,16.38466179,310,Good,0,2470,5079.2451549
Banana,26,94,15.16773612,300,Good,0,2444,4550.320836
Orange,22,95,7.542720421,301,Good,0,2090,2270.358846721
Banana,25,89,20.17964285,297,Good,0,2225,5993.3539264500005
Banana,24,95,17.21524677,260,Bad,1,2280,4475.9641602
Pineapple,25,95,10.46089174,390,Bad,1,2375,4079.7477785999995
Tomato,26,85,8.415248038,406,Good,0,2210,3416.590703428
Orange,22,95,5.042126986,355,Good,0,2090,1789.95508003
Orange,22,95,6.122270991,247,Good,0,2090,1512.200934777
Orange,22,95,9.475991969,185,Good,0,2090,1753.0585142650002
Banana,25,89,20.51379641,305,Good,0,2225,6256.707905050001
Banana,24,95,17.69401633,253,Bad,1,2280,4476.58613149
Pineapple,25,95,12.76402932,417,Bad,1,2375,5322.60022644
Orange,22,95,8.415248038,384,Good,0,2090,3231.4552465919996
Pineapple,23,82,12.62144823,328,Good,0,1886,4139.83501944
Orange,22,95,4.938486566,351,Good,0,2090,1733.408784666
Pineapple,23,80,12.41021712,330,Good,0,1840,4095.3716496
Banana,25,86,13.27441976,353,Good,0,2150,4685.870175280001
Orange,24,95,16.11639251,408,Bad,1,2280,6575.48814408
Orange,22,95,6.740875089,253,Good,0,2090,1705.441397517
Tomato,26,94,6.529850053,388,Good,0,2444,2533.581820564
Banana,26,89,19.63480231,386,Good,0,2314,7579.033691660001
Pineapple,25,95,9.987371503,305,Bad,1,2375,3046.148308415
Orange,23,95,4.870193845,290,Good,0,2185,1412.35621505
Tomato,24,95,12.06507013,292,Bad,1,2280,3523.0004779600004
Pineapple,25,95,11.20647613,448,Bad,1,2375,5020.50130624
Tomato,25,95,15.42113219,401,Bad,1,2375,6183.87400819
Orange,24,95,15.67848238,374,Bad,1,2280,5863.75241012
Tomato,23,91,13.3488037,327,Good,0,2093,4365.0588099
Tomato,25,95,13.65010619,372,Bad,1,2375,5077.83950268
Pineapple,25,95,11.33503171,457,Bad,1,2375,5180.109491470001
Orange,23,95,19.74258151,322,Bad,1,2185,6357.11124622
Orange,23,95,14.83589827,211,Bad,1,2185,3130.37453497
Tomato,26,94,6.613669965,402,Good,0,2444,2658.69532593
Orange,22,95,10.10404473,196,Good,0,2090,1980.39276708
Banana,26,94,14.51078894,300,Good,0,2444,4353.236682
Pineapple,24,95,14.1136139,311,Good,0,2280,4389.3339229
Orange,23,95,19.85095108,354,Bad,1,2185,7027.236682320001
Banana,25,86,13.49869706,349,Good,0,2150,4711.04527394
Pineapple,24,95,13.05349201,408,Bad,1,2280,5325.82474008
Pineapple,25,95,13.57421101,401,Bad,1,2375,5443.2586150100005
Tomato,22,94,13.49869706,359,Good,0,2068,4846.03224454
Tomato,23,88,8.018312629,291,Good,0,2024,2333.328975039
Orange,23,95,15.59225501,249,Bad,1,2185,3882.4714974900003
Banana,24,95,13.49869706,257,Bad,1,2280,3469.1651444199997
Banana,26,90,20.51379641,398,Good,0,2340,8164.49097118
Tomato,24,95,12.98058343,299,Bad,1,2280,3881.19444557
Orange,23,95,15.08413665,403,Bad,1,2185,6078.90706995
Tomato,24,89,13.80304952,389,Good,0,2136,5369.38626328
Tomato,22,92,10.22184745,359,Good,0,2024,3669.64323455
Pineapple,22,93,12.41021712,343,Good,0,2046,4256.7044721600005
Orange,24,95,16.38466179,392,Bad,1,2280,6422.78742168
Tomato,23,87,6.043008199,274,Good,0,2001,1655.784246526
Tomato,23,91,8.31460431,373,Good,0,2093,3101.34740763
Orange,24,95,14.91822038,359,Bad,1,2280,5355.64111642
Orange,24,95,14.83589827,375,Bad,1,2280,5563.46185125
Tomato,24,93,11.01598084,391,Good,0,2232,4307.24850844
Tomato,25,92,6.571662296,391,Good,0,2300,2569.5199577360004
Pineapple,25,95,11.20647613,296,Bad,1,2375,3317.11693448
Orange,23,95,9.814452454,384,Good,0,2185,3768.749742336
Orange,23,95,14.75399666,214,Bad,1,2185,3157.3552852400003
Banana,24,95,16.65717174,252,Bad,1,2280,4197.60727848
Pineapple,23,95,12.41021712,328,Good,0,2185,4070.5512153600002
Tomato,24,95,14.67251295,322,Bad,1,2280,4724.5491699
Tomato,23,91,13.3488037,320,Good,0,2093,4271.617184
Banana,24,90,16.65717174,322,Good,0,2160,5363.60930028
Banana,24,95,12.27113269,250,Bad,1,2280,3067.7831725
Banana,25,89,19.63480231,390,Good,0,2225,7657.572900900001
Pineapple,23,92,12.83585424,343,Good,0,2116,4402.69800432
Orange,22,95,6.405576451,244,Good,0,2090,1562.960654044
Pineapple,23,95,12.55068787,332,Good,0,2185,4166.82837284
Tomato,26,94,6.405576451,398,Good,0,2444,2549.419427498
Pineapple,25,95,9.8718154,317,Bad,1,2375,3129.3654817999995
Tomato,23,91,8.31460431,371,Good,0,2093,3084.71819901
Banana,24,95,12.48027818,255,Bad,1,2280,3182.4709359000003
Pineapple,23,95,13.72638492,278,Good,0,2185,3815.9350077599997
Orange,23,95,4.636126276,336,Good,0,2185,1557.7384287359998
Tomato,24,94,10.89052217,379,Good,0,2256,4127.50790243
Banana,26,94,15.08413665,300,Good,0,2444,4525.240995
Tomato,23,88,7.404343951,287,Good,0,2024,2125.0467139370003
Tomato,24,89,8.116146322,326,Good,0,2136,2645.863700972
Banana,24,95,13.05349201,247,Bad,1,2280,3224.21252647
Pineapple,23,85,12.76402932,334,Good,0,1955,4263.18579288
Pineapple,25,95,10.34079221,360,Bad,1,2375,3722.6851956
Orange,23,95,14.91822038,416,Bad,1,2185,6205.97967808
Tomato,24,90,13.05349201,333,Good,0,2160,4346.812839329999
Orange,23,95,6.783674055,248,Good,0,2185,1682.3511656399999
Orange,22,95,6.571662296,250,Good,0,2090,1642.915574
Pineapple,24,95,14.35070581,316,Good,0,2280,4534.823035959999
Tomato,26,93,6.48823229,400,Good,0,2418,2595.292916
Tomato,25,95,13.65010619,375,Bad,1,2375,5118.78982125
Orange,22,95,7.496378442,368,Good,0,2090,2758.6672666560003
Tomato,24,95,12.76402932,303,Bad,1,2280,3867.50088396
Tomato,23,90,12.48027818,331,Good,0,2070,4130.972077580001
Tomato,23,92,8.986156218,363,Good,0,2116,3261.974707134
Orange,23,95,4.904260592,337,Good,0,2185,1652.735819504
Orange,23,95,14.91822038,217,Bad,1,2185,3237.25382246
Tomato,24,89,8.214906999,286,Good,0,2136,2349.463401714
Banana,26,95,17.21524677,313,Good,0,2470,5388.37223901
Pineapple,23,95,13.49869706,364,Good,0,2185,4913.52572984
Tomato,25,95,13.12676612,372,Bad,1,2375,4883.156996639999
Tomato,24,95,14.67251295,320,Bad,1,2280,4695.204144
Banana,24,95,19.00030193,286,Bad,1,2280,5434.08635198
Tomato,23,89,12.69256136,328,Good,0,2047,4163.16012608
Pineapple,22,95,12.98058343,333,Good,0,2090,4322.534282189999
Tomato,23,89,7.873279406,295,Good,0,2047,2322.61742477
Tomato,25,95,13.42356205,387,Bad,1,2375,5194.91851335
Orange,23,95,14.83589827,388,Bad,1,2185,5756.32852876
Orange,23,85,4.47356027,322,Good,0,1955,1440.48640694
Tomato,23,94,10.89052217,384,Good,0,2162,4181.960513280001
Tomato,26,91,6.783674055,396,Good,0,2366,2686.33492578
Orange,24,95,14.75399666,423,Bad,1,2280,6240.94058718
Orange,23,95,16.20534945,259,Bad,1,2185,4197.18550755
Banana,24,95,12.62144823,250,Bad,1,2280,3155.3620575
Pineapple,25,95,11.14266773,311,Bad,1,2375,3465.36966403
Tomato,25,95,13.20040797,363,Bad,1,2375,4791.74809311
Banana,26,95,19.95991509,396,Good,0,2470,7904.126375639999
Orange,23,95,15.93986231,252,Bad,1,2185,4016.8453021200003
Orange,23,95,16.65717174,249,Bad,1,2185,4147.63576326
Tomato,25,93,6.613669965,388,Good,0,2325,2566.10394642
Pineapple,25,95,10.40069682,448,Bad,1,2375,4659.51217536
Orange,22,95,7.589280351,313,Good,0,2090,2375.444749863
Orange,23,95,14.67251295,364,Bad,1,2185,5340.7947138
Pineapple,24,95,13.95754575,310,Good,0,2280,4326.8391825
Orange,22,95,6.48823229,254,Good,0,2090,1648.01100166
Pineapple,23,95,12.90803823,341,Good,0,2185,4401.64103643
Orange,22,95,9.093199852,381,Good,0,2090,3464.5091436119997
Pineapple,25,95,11.53023895,313,Bad,1,2375,3608.96479135
Banana,24,95,17.30998858,256,Bad,1,2280,4431.35707648
Pineapple,25,95,10.16280412,291,Bad,1,2375,2957.3759989200003
Orange,22,95,8.986156218,177,Good,0,2090,1590.5496505859999
Tomato,25,95,12.83585424,363,Bad,1,2375,4659.41508912
Orange,24,95,14.91822038,360,Bad,1,2280,5370.5593368
Pineapple,25,95,9.987371503,300,Bad,1,2375,2996.2114509000003
Tomato,23,91,8.264637967,366,Good,0,2093,3024.857495922
Pineapple,23,95,12.76402932,348,Good,0,2185,4441.88220336
Orange,22,95,7.921396405,166,Good,0,2090,1314.95180323
Banana,25,89,20.06947764,302,Good,0,2225,6060.98224728
Orange,24,95,15.33623116,403,Bad,1,2280,6180.50115748
Orange,23,95,14.59144457,213,Bad,1,2185,3107.97769341
Orange,22,95,6.740875089,263,Good,0,2090,1772.850148407
Orange,23,95,6.698275399,248,Good,0,2185,1661.172298952
Orange,23,95,15.08413665,386,Bad,1,2185,5822.4767469
Tomato,22,92,11.92938136,348,Good,0,2024,4151.42471328
Tomato,26,94,6.283027997,402,Good,0,2444,2525.777254794
Tomato,26,93,6.571662296,398,Good,0,2418,2615.521593808
Pineapple,24,95,14.27127328,332,Good,0,2280,4738.062728960001
Orange,24,95,14.67251295,394,Bad,1,2280,5780.9701023
Banana,24,95,12.55068787,245,Bad,1,2280,3074.9185281500004
Banana,24,95,12.48027818,252,Bad,1,2280,3145.03010136
Pineapple,23,84,12.62144823,350,Good,0,1932,4417.5068805
Pineapple,23,88,12.62144823,351,Good,0,2024,4430.12832873
Tomato,24,95,12.83585424,301,Bad,1,2280,3863.5921262399997
Tomato,24,95,14.75399666,318,Bad,1,2280,4691.77093788
Orange,24,95,16.02789778,373,Bad,1,2280,5978.40587194
Tomato,24,95,12.20210529,287,Bad,1,2280,3502.0042182300003
Banana,24,95,13.05349201,255,Bad,1,2280,3328.64046255
Pineapple,22,95,13.49869706,344,Good,0,2090,4643.55178864
Orange,23,95,6.740875089,260,Good,0,2185,1752.62752314
Banana,25,89,19.31496687,380,Good,0,2225,7339.6874106
Tomato,23,90,12.62144823,357,Good,0,2070,4505.85701811
Pineapple,25,95,10.70460698,292,Bad,1,2375,3125.7452381599996
Tomato,24,95,14.83589827,318,Bad,1,2280,4717.81564986
Banana,25,89,20.17964285,393,Good,0,2225,7930.59964005
Tomato,23,88,7.825388265,293,Good,0,2024,2292.838761645
Orange,23,95,14.75399666,433,Bad,1,2185,6388.48055378
Tomato,24,95,16.47502321,359,Bad,1,2280,5914.5333323899995
Tomato,22,91,13.42356205,335,Good,0,2002,4496.89328675
Tomato,23,95,14.83589827,316,Bad,1,2185,4688.14385332
Pineapple,24,95,13.95754575,328,Good,0,2280,4578.075006
Pineapple,25,95,10.46089174,447,Bad,1,2375,4676.01860778
Orange,22,95,6.956882353,297,Good,0,2090,2066.1940588410002
Tomato,23,90,13.05349201,336,Good,0,2070,4385.97331536
Pineapple,25,95,9.987371503,321,Bad,1,2375,3205.9462524630003
Orange,23,95,18.58861217,260,Bad,1,2185,4833.0391642
Orange,22,95,8.827487661,177,Good,0,2090,1562.4653159969998
Orange,24,95,14.91822038,403,Bad,1,2280,6012.042813139999
Banana,24,95,12.55068787,250,Bad,1,2280,3137.6719675000004
Tomato,23,89,12.69256136,326,Good,0,2047,4137.77500336
Tomato,25,95,16.38466179,362,Bad,1,2375,5931.24756798
Orange,23,95,4.768941936,341,Good,0,2185,1626.209200176
Pineapple,23,88,12.76402932,344,Good,0,2024,4390.82608608
Tomato,25,95,16.20534945,366,Bad,1,2375,5931.1578987
Orange,22,95,4.47356027,345,Good,0,2090,1543.37829315
Orange,22,95,12.06507013,226,Good,0,2090,2726.70584938
Tomato,26,91,6.783674055,405,Good,0,2366,2747.3879922749998
Tomato,25,95,16.47502321,362,Bad,1,2375,5963.95840202
Orange,22,95,4.904260592,349,Good,0,2090,1711.586946608
Orange,23,95,17.5009837,407,Bad,1,2185,7122.9003659
Pineapple,23,80,12.62144823,325,Good,0,1840,4101.97067475
Orange,23,95,4.836285621,355,Good,0,2185,1716.881395455
Orange,23,95,8.415248038,175,Good,0,2185,1472.66840665
Orange,23,95,15.16773612,391,Bad,1,2185,5930.58482292
Orange,23,95,14.83589827,400,Bad,1,2185,5934.359308
Banana,24,95,17.12100442,252,Bad,1,2280,4314.49311384
Orange,22,95,11.72833871,223,Good,0,2090,2615.41953233
Orange,23,95,4.409591293,350,Good,0,2185,1543.35695255
Tomato,23,88,7.358649263,289,Good,0,2024,2126.649637007
Orange,24,95,15.33623116,391,Bad,1,2280,5996.46638356
Pineapple,25,95,9.8718154,328,Bad,1,2375,3237.9554511999995
Orange,22,95,6.48823229,259,Good,0,2090,1680.45216311
Orange,23,95,4.505770041,311,Good,0,2185,1401.294482751
Pineapple,24,95,14.1136139,306,Good,0,2280,4318.7658534
Pineapple,24,95,11.33503171,434,Bad,1,2280,4919.40376214
Orange,22,95,4.972872478,358,Good,0,2090,1780.288347124
Pineapple,25,95,9.987371503,301,Bad,1,2375,3006.198822403
Pineapple,24,95,13.80304952,401,Bad,1,2280,5535.02285752
Banana,26,95,16.84124175,312,Good,0,2470,5254.467425999999
Orange,23,95,8.0671142,178,Good,0,2185,1435.9463276000001
Orange,24,95,15.25176672,457,Bad,1,2280,6970.057391040001
Pineapple,23,95,12.76402932,354,Good,0,2185,4518.46637928
Tomato,23,95,14.43054353,309,Bad,1,2185,4459.03795077
Banana,24,95,19.00030193,280,Bad,1,2280,5320.0845404
Orange,23,95,16.56585884,261,Bad,1,2185,4323.68915724
Tomato,25,92,6.48823229,396,Good,0,2300,2569.33998684
Tomato,22,93,14.1136139,327,Good,0,2046,4615.151745300001
Banana,24,95,19.42099897,318,Bad,1,2280,6175.87767246
Pineapple,24,95,11.66198098,432,Bad,1,2280,5037.97578336
Pineapple,25,95,12.83585424,413,Bad,1,2375,5301.20780112
Banana,25,86,12.48027818,344,Good,0,2150,4293.21569392
Pineapple,25,95,10.95309884,296,Bad,1,2375,3242.1172566399996
Tomato,23,89,6.613669965,286,Good,0,2047,1891.50960999
Pineapple,25,95,9.929454577,322,Bad,1,2375,3197.2843737939997
Banana,24,95,13.57421101,254,Bad,1,2280,3447.84959654
Pineapple,25,95,10.10404473,353,Bad,1,2375,3566.72778969
Banana,24,87,14.1136139,326,Good,0,2088,4601.038131400001
Orange,22,95,9.093199852,199,Good,0,2090,1809.546770548
Pineapple,23,95,12.83585424,347,Good,0,2185,4454.04142128
Tomato,23,91,8.465927903,361,Good,0,2093,3056.1999729830004
Pineapple,22,95,12.41021712,337,Good,0,2090,4182.24316944
Pineapple,25,95,5.36188151,440,Bad,1,2375,2359.2278644
Pineapple,25,95,9.987371503,313,Bad,1,2375,3126.047280439
Tomato,23,89,7.636059339,304,Good,0,2047,2321.362039056
Tomato,24,95,12.13341843,291,Bad,1,2280,3530.82476313
Pineapple,23,95,13.57421101,371,Good,0,2185,5036.032284710001
Orange,22,95,8.264637967,175,Good,0,2090,1446.311644225
Tomato,25,95,14.51078894,385,Bad,1,2375,5586.6537419
Orange,22,95,8.671063387,188,Good,0,2090,1630.159916756
Orange,22,95,6.48823229,262,Good,0,2090,1699.91685998
Banana,24,95,13.88010234,248,Bad,1,2280,3442.26538032
Orange,22,95,8.568009903,179,Good,0,2090,1533.673772637
Banana,25,95,13.27441976,200,Bad,1,2375,2654.883952
Orange,22,95,5.182587061,359,Good,0,2090,1860.5487548990002
Tomato,25,95,14.03538213,371,Bad,1,2375,5207.12677023
Banana,24,95,13.72638492,251,Bad,1,2280,3445.32261492
Orange,23,95,14.59144457,214,Bad,1,2185,3122.56913798
Banana,26,90,19.31496687,396,Good,0,2340,7648.72688052
Orange,23,95,19.52760946,359,Bad,1,2185,7010.411796140001
Pineapple,25,95,10.22184745,276,Bad,1,2375,2821.2298962
Orange,24,95,14.51078894,246,Bad,1,2280,3569.6540792399996
Pineapple,23,95,12.34050263,329,Good,0,2185,4060.02536527
Pineapple,25,95,9.929454577,342,Bad,1,2375,3395.873465334
Pineapple,25,95,9.757364232,324,Bad,1,2375,3161.386011168
Banana,24,95,20.85352641,318,Good,0,2280,6631.42139838
Tomato,24,90,8.165410187,290,Good,0,2160,2367.9689542300002
Pineapple,25,95,11.01598084,296,Bad,1,2375,3260.7303286399997
Tomato,23,93,11.20647613,352,Good,0,2139,3944.67959776
Pineapple,22,95,12.69256136,335,Good,0,2090,4252.008055599999
Banana,26,91,19.74258151,302,Good,0,2366,5962.25961602
Banana,26,90,20.40179801,394,Good,0,2340,8038.3084159400005
Banana,24,92,17.12100442,315,Good,0,2208,5393.1163922999995
Tomato,23,92,10.70460698,358,Good,0,2116,3832.24929884
Tomato,25,95,13.05349201,369,Bad,1,2375,4816.738551689999
Orange,23,95,9.531728808,181,Good,0,2185,1725.242914248
Pineapple,25,95,10.52137857,402,Bad,1,2375,4229.59418514
Tomato,23,89,7.636059339,301,Good,0,2047,2298.453861039
Tomato,24,95,12.90803823,303,Bad,1,2280,3911.13558369
Orange,22,95,6.446808067,253,Good,0,2090,1631.0424409510001
Pineapple,25,95,9.987371503,311,Bad,1,2375,3106.072537433
Pineapple,23,82,12.48027818,342,Good,0,1886,4268.255137560001
Orange,24,95,14.67251295,366,Bad,1,2280,5370.1397397
Tomato,23,89,12.76402932,336,Good,0,2047,4288.71385152
Orange,23,95,19.95991509,336,Bad,1,2185,6706.53147024
Pineapple,25,95,11.20647613,408,Bad,1,2375,4572.24226104
Orange,22,95,5.007419045,351,Good,0,2090,1757.6040847949998
Tomato,25,95,12.98058343,380,Bad,1,2375,4932.6217034
Banana,25,95,16.20534945,276,Bad,1,2375,4472.6764482
Orange,22,95,7.589280351,296,Good,0,2090,2246.426983896
Orange,23,95,16.11639251,254,Bad,1,2185,4093.5636975400002
Banana,24,95,17.12100442,243,Bad,1,2280,4160.404074059999
Tomato,24,89,13.27441976,393,Good,0,2136,5216.846965680001
Orange,22,95,4.904260592,343,Good,0,2090,1682.161383056
Orange,22,95,8.415248038,175,Good,0,2090,1472.66840665
Pineapple,25,95,9.757364232,329,Bad,1,2375,3210.1728323280004
Tomato,26,93,6.571662296,390,Good,0,2418,2562.94829544
Orange,22,95,8.465927903,183,Good,0,2090,1549.2648062490002
Orange,23,95,7.404343951,357,Good,0,2185,2643.350790507
Pineapple,22,95,12.90803823,333,Good,0,2090,4298.37673059
Orange,23,95,15.00096563,378,Bad,1,2185,5670.36500814
Tomato,23,87,6.48823229,290,Good,0,2001,1881.5873641
Tomato,23,91,8.264637967,370,Good,0,2093,3057.91604779
Banana,24,95,16.93400512,248,Bad,1,2280,4199.633269759999
Tomato,24,89,13.49869706,379,Good,0,2136,5116.00618574
Banana,26,95,14.43054353,307,Good,0,2470,4430.176863709999
Tomato,24,95,16.56585884,362,Bad,1,2280,5996.84090008
Banana,25,85,13.57421101,350,Good,0,2125,4750.973853500001
Tomato,25,95,12.83585424,373,Bad,1,2375,4787.77363152
Tomato,24,95,16.38466179,357,Bad,1,2280,5849.32425903
Pineapple,22,88,12.62144823,338,Good,0,1936,4266.04950174
Orange,23,95,14.75399666,377,Bad,1,2185,5562.25674082
Tomato,26,85,8.364807255,414,Good,0,2210,3463.03020357
Pineapple,23,86,12.76402932,342,Good,0,1978,4365.298027440001
Orange,23,95,14.91822038,218,Bad,1,2185,3252.17204284
Orange,23,95,15.16773612,248,Bad,1,2185,3761.5985577600004
Tomato,22,94,12.62144823,180,Good,0,2068,2271.8606814
Pineapple,24,95,12.13341843,438,Bad,1,2280,5314.43727234
Pineapple,23,95,12.41021712,327,Good,0,2185,4058.14099824
Tomato,23,89,7.777721829,302,Good,0,2047,2348.871992358
Orange,22,95,6.740875089,261,Good,0,2090,1759.3683982290001
Pineapple,22,92,12.76402932,320,Good,0,2024,4084.4893824
Banana,25,89,19.74258151,303,Good,0,2225,5982.002197530001
Tomato,23,91,8.364807255,372,Good,0,2093,3111.70829886
Tomato,22,92,10.16280412,359,Good,0,2024,3648.44667908
Tomato,24,89,13.65010619,401,Good,0,2136,5473.69258219
Orange,24,95,18.48706888,261,Bad,1,2280,4825.12497768
Orange,24,95,15.93986231,373,Bad,1,2280,5945.5686416300005
Pineapple,23,95,12.48027818,332,Good,0,2185,4143.4523557600005
Banana,24,95,19.20950925,303,Bad,1,2280,5820.48130275
Pineapple,25,95,12.13341843,411,Bad,1,2375,4986.83497473
Tomato,25,95,12.90803823,369,Bad,1,2375,4763.06610687
Orange,22,95,4.870193845,345,Good,0,2090,1680.216876525
Banana,25,89,15.76515749,327,Good,0,2225,5155.20649923
Orange,24,95,15.00096563,373,Bad,1,2280,5595.36017999
Orange,23,95,14.59144457,212,Bad,1,2185,3093.38624884
Orange,22,95,8.568009903,187,Good,0,2090,1602.217851861
Tomato,24,95,16.47502321,362,Bad,1,2280,5963.95840202
Orange,22,95,8.116146322,371,Good,0,2090,3011.0902854620003
Pineapple,24,95,12.98058343,401,Bad,1,2280,5205.21395543
Orange,23,95,6.446808067,245,Good,0,2185,1579.467976415
Orange,23,95,19.95991509,332,Bad,1,2185,6626.69180988
Banana,24,95,12.41021712,251,Bad,1,2280,3114.96449712
Pineapple,23,95,12.76402932,350,Good,0,2185,4467.410262
Orange,22,95,8.568009903,375,Good,0,2090,3213.003713625
Pineapple,24,95,11.59594835,435,Bad,1,2280,5044.23753225
Tomato,25,95,13.72638492,385,Bad,1,2375,5284.658194199999
Pineapple,25,95,10.10404473,436,Bad,1,2375,4405.36350228
Tomato,25,95,14.67251295,303,Bad,1,2375,4445.77142385
Orange,23,95,16.38466179,259,Bad,1,2185,4243.627403609999
Pineapple,24,95,14.1136139,313,Good,0,2280,4417.5611507
Orange,22,95,7.450253315,346,Good,0,2090,2577.78764699
Orange,22,95,7.450253315,298,Good,0,2090,2220.17548787
Tomato,23,88,7.683058499,297,Good,0,2024,2281.8683742030003
Banana,24,95,14.27127328,250,Bad,1,2280,3567.8183200000003
Banana,26,94,14.27127328,306,Good,0,2444,4367.00962368
Tomato,23,92,11.27059687,357,Good,0,2116,4023.60308259
Orange,23,95,16.20534945,255,Bad,1,2185,4132.36410975
Tomato,26,88,7.267899623,397,Good,0,2288,2885.3561503309998
Orange,23,95,8.415248038,174,Good,0,2185,1464.2531586119999
Banana,26,90,19.63480231,376,Good,0,2340,7382.6856685600005
Orange,22,95,7.542720421,299,Good,0,2090,2255.273405879
Banana,26,94,15.16773612,301,Good,0,2444,4565.48857212
Orange,24,95,16.11639251,216,Bad,1,2280,3481.14078216
Orange,23,95,8.516848104,175,Good,0,2185,1490.4484181999999
Orange,22,95,7.044707922,345,Good,0,2090,2430.4242330899997
Pineapple,25,95,9.929454577,309,Bad,1,2375,3068.201464293
Banana,24,95,17.21524677,264,Bad,1,2280,4544.82514728
Tomato,23,89,8.116146322,296,Good,0,2047,2402.379311312
Banana,24,95,12.83585424,258,Bad,1,2280,3311.6503939199997
Pineapple,25,95,11.862037,372,Bad,1,2375,4412.677764
Tomato,23,92,9.929454577,355,Good,0,2116,3524.9563748349997
Orange,23,95,9.039550676,188,Good,0,2185,1699.4355270879998
Banana,24,95,19.42099897,301,Bad,1,2280,5845.7206899699995
Pineapple,25,95,10.82824911,290,Bad,1,2375,3140.1922418999998
Banana,24,95,18.18569032,252,Bad,1,2280,4582.79396064
Orange,22,95,8.264637967,178,Good,0,2090,1471.105558126
Pineapple,22,87,12.62144823,333,Good,0,1914,4202.94226059
Banana,26,94,15.42113219,307,Good,0,2444,4734.28758233
Orange,23,95,14.83589827,219,Bad,1,2185,3249.06172113
Orange,23,95,14.83589827,214,Bad,1,2185,3174.8822297799998
Orange,22,95,6.956882353,350,Good,0,2090,2434.90882355
Orange,22,95,9.420521035,395,Good,0,2090,3721.105808825
Tomato,24,95,16.38466179,362,Bad,1,2280,5931.24756798
Orange,24,95,14.75399666,404,Bad,1,2280,5960.61465064
Tomato,23,89,8.018312629,313,Good,0,2047,2509.731852877
Tomato,25,95,15.42113219,387,Bad,1,2375,5967.97815753
Banana,25,86,13.27441976,347,Good,0,2150,4606.22365672
Tomato,24,95,12.06507013,287,Bad,1,2280,3462.6751273100003
Tomato,24,89,12.98058343,282,Good,0,2136,3660.52452726
Orange,23,95,16.38466179,203,Bad,1,2185,3326.0863433699997
Orange,23,95,5.886678992,264,Good,0,2185,1554.083253888
Pineapple,25,95,10.04556771,289,Bad,1,2375,2903.16906819
Pineapple,25,95,11.66198098,431,Bad,1,2375,5026.313802379999
Orange,24,95,15.67848238,370,Bad,1,2280,5801.0384806
Pineapple,24,95,14.1136139,303,Good,0,2280,4276.4250117
Orange,23,95,14.91822038,220,Bad,1,2185,3282.0084835999996
Orange,22,95,4.441500903,339,Good,0,2090,1505.6688061169998
Pineapple,22,91,12.69256136,325,Good,0,2002,4125.082442
Tomato,26,87,7.873279406,390,Good,0,2262,3070.57896834
Orange,23,95,4.538130868,336,Good,0,2185,1524.8119716479998
Banana,24,95,19.10462223,290,Bad,1,2280,5540.3404467
Tomato,25,95,14.35070581,386,Bad,1,2375,5539.372442659999
Orange,23,95,19.74258151,346,Bad,1,2185,6830.93320246
Pineapple,22,90,12.13341843,338,Good,0,1980,4101.09542934
Pineapple,24,95,14.1136139,300,Good,0,2280,4234.08417
Orange,22,95,4.904260592,344,Good,0,2090,1687.0656436479999
Orange,22,95,4.870193845,350,Good,0,2090,1704.56784575
Banana,24,95,12.34050263,250,Bad,1,2280,3085.1256574999998
Banana,26,90,18.69070341,400,Good,0,2340,7476.281364
Orange,24,95,17.21524677,395,Bad,1,2280,6800.02247415
Orange,22,95,8.568009903,176,Good,0,2090,1507.969742928
Pineapple,25,95,9.987371503,298,Bad,1,2375,2976.236707894
Banana,24,95,12.48027818,89,Bad,1,2280,1110.74475802
Tomato,25,95,13.42356205,382,Bad,1,2375,5127.8007031
Tomato,25,95,16.47502321,365,Bad,1,2375,6013.38347165
Banana,25,89,19.20950925,401,Good,0,2225,7703.01320925
Tomato,23,90,12.98058343,334,Good,0,2070,4335.51486562
Tomato,24,94,11.46485093,367,Good,0,2256,4207.60029131
Orange,23,95,4.972872478,344,Good,0,2185,1710.668132432
Pineapple,24,95,14.27127328,334,Good,0,2280,4766.60527552
Banana,24,86,13.57421101,347,Good,0,2064,4710.251220470001
Pineapple,23,84,12.62144823,348,Good,0,1932,4392.26398404
Tomato,25,95,7.730278953,204,Good,0,2375,1576.976906412
Pineapple,24,95,14.1136139,338,Good,0,2280,4770.4014982
Orange,23,95,16.11639251,253,Bad,1,2185,4077.4473050300003
Orange,23,95,4.938486566,353,Good,0,2185,1743.285757798
Pineapple,25,95,11.20647613,298,Bad,1,2375,3339.52988674
Tomato,23,89,7.542720421,291,Good,0,2047,2194.931642511
Banana,26,94,14.43054353,297,Good,0,2444,4285.87142841
Orange,22,95,8.568009903,175,Good,0,2090,1499.401733025
Banana,26,94,14.27127328,300,Good,0,2444,4281.381984000001
Tomato,25,95,15.42113219,385,Bad,1,2375,5937.13589315
Orange,23,95,15.00096563,435,Bad,1,2185,6525.42004905
Pineapple,23,80,12.55068787,330,Good,0,1840,4141.7269971000005
Tomato,24,89,8.165410187,290,Good,0,2136,2367.9689542300002
Pineapple,25,95,9.8718154,326,Bad,1,2375,3218.2118204
Orange,23,95,4.904260592,338,Good,0,2185,1657.640080096
Banana,24,95,17.30998858,251,Bad,1,2280,4344.80713358
Orange,23,95,10.82824911,396,Good,0,2185,4287.98664756
Banana,26,95,17.12100442,310,Good,0,2470,5307.5113702
Orange,23,95,16.38466179,247,Bad,1,2185,4047.01146213
Orange,23,95,14.83589827,402,Bad,1,2185,5964.031104539999
Orange,23,95,4.570643409,332,Good,0,2185,1517.453611788
Banana,24,95,12.20210529,256,Bad,1,2280,3123.73895424
Tomato,24,95,12.13341843,369,Good,0,2280,4477.23140067
Pineapple,22,95,12.76402932,320,Good,0,2090,4084.4893824
Banana,24,95,16.84124175,249,Bad,1,2280,4193.46919575
Orange,23,95,19.74258151,337,Bad,1,2185,6653.24996887
Tomato,26,87,7.404343951,405,Good,0,2262,2998.7593001550003
Orange,23,95,17.40523312,399,Bad,1,2185,6944.688014879999
Banana,24,95,17.30998858,258,Bad,1,2280,4465.97705364
Tomato,24,95,14.51078894,310,Bad,1,2280,4498.3445714
Tomato,23,92,9.757364232,361,Good,0,2116,3522.4084877520004
Orange,23,95,8.018312629,164,Good,0,2185,1315.003271156
Tomato,24,95,15.93986231,346,Bad,1,2280,5515.192359260001
Pineapple,22,95,12.62144823,336,Good,0,2090,4240.80660528
Orange,22,95,4.836285621,339,Good,0,2090,1639.500825519
Orange,23,95,16.02789778,258,Bad,1,2185,4135.19762724
Tomato,23,89,8.264637967,301,Good,0,2047,2487.656028067
Tomato,23,91,8.364807255,362,Good,0,2093,3028.0602263100004
Pineapple,25,95,10.04556771,350,Bad,1,2375,3515.9486985000003
Orange,24,88,18.89654455,265,Bad,1,2112,5007.584305750001
Tomato,23,92,9.8718154,352,Good,0,2116,3474.8790207999996
Orange,23,95,14.67251295,214,Bad,1,2185,3139.9177713
Tomato,22,92,10.46089174,366,Good,0,2024,3828.68637684
Tomato,25,95,12.83585424,379,Bad,1,2375,4864.78875696
Pineapple,24,95,14.03538213,333,Good,0,2280,4673.78224929
Tomato,24,95,12.13341843,294,Bad,1,2280,3567.22501842
Tomato,23,89,8.516848104,300,Good,0,2047,2555.0544311999997
Tomato,24,89,13.49869706,395,Good,0,2136,5331.9853387
Banana,24,95,16.74896501,245,Bad,1,2280,4103.49642745
Pineapple,25,95,10.22184745,361,Bad,1,2375,3690.0869294500003
Orange,23,95,19.74258151,277,Bad,1,2185,5468.6950782700005
Tomato,25,95,16.11639251,320,Bad,1,2375,5157.2456032
Orange,23,95,16.65717174,245,Bad,1,2185,4081.0070763
Tomato,24,95,13.05349201,296,Bad,1,2280,3863.83363496
Pineapple,22,95,12.69256136,325,Good,0,2090,4125.082442
Tomato,24,95,12.76402932,305,Bad,1,2280,3893.0289426000004
Orange,22,95,9.644005982,191,Good,0,2090,1842.005142562
Orange,23,95,16.02789778,256,Bad,1,2185,4103.14183168
Orange,22,95,6.913276429,295,Good,0,2090,2039.416546555
Orange,23,95,15.42113219,250,Bad,1,2185,3855.2830475
Tomato,25,95,15.42113219,316,Bad,1,2375,4873.07777204
Orange,23,95,14.91822038,361,Bad,1,2185,5385.47755718
Pineapple,23,95,13.12676612,348,Good,0,2185,4568.114609759999
Tomato,23,92,9.814452454,353,Good,0,2116,3464.5017162619997
Tomato,23,89,12.41021712,340,Good,0,2047,4219.4738208
Tomato,22,92,10.34079221,362,Good,0,2024,3743.36678002
Tomato,22,94,11.53023895,350,Good,0,2068,4035.5836324999996
Pineapple,24,95,14.27127328,348,Good,0,2280,4966.403101440001
Orange,23,95,7.921396405,168,Good,0,2185,1330.79459604
Pineapple,25,95,11.46485093,340,Bad,1,2375,3898.0493162000002
Banana,25,95,16.29477154,266,Bad,1,2375,4334.4092296399995
Pineapple,25,95,9.8718154,316,Bad,1,2375,3119.4936663999997
Orange,23,95,14.67251295,215,Bad,1,2185,3154.59028425
Banana,25,89,19.74258151,379,Good,0,2225,7482.438392290001
Orange,23,94,15.93986231,256,Bad,1,2162,4080.60475136
Tomato,26,91,6.869873736,397,Good,0,2366,2727.3398731919997
Pineapple,22,90,12.62144823,342,Good,0,1980,4316.535294660001
Orange,22,95,6.48823229,258,Good,0,2090,1673.96393082
Tomato,25,95,7.683058499,197,Good,0,2375,1513.5625243030001
Pineapple,25,95,9.987371503,303,Bad,1,2375,3026.1735654090003
Banana,25,95,16.11639251,257,Bad,1,2375,4141.91287507
Banana,25,86,13.80304952,342,Good,0,2150,4720.64293584
Pineapple,24,95,14.03538213,299,Good,0,2280,4196.57925687
Banana,24,95,19.00030193,290,Bad,1,2280,5510.0875596999995
Orange,22,95,7.969740423,168,Good,0,2090,1338.916391064
Tomato,23,89,9.365314571,313,Good,0,2047,2931.343460723
Orange,22,95,11.92938136,226,Good,0,2090,2696.0401873600003
Banana,24,95,19.31496687,307,Bad,1,2280,5929.69482909
Orange,24,95,14.59144457,360,Bad,1,2280,5252.9200452000005
Banana,24,95,18.7933463,297,Bad,1,2280,5581.6238511
Pineapple,25,95,11.99705843,417,Bad,1,2375,5002.7733653099995
Tomato,23,91,8.31460431,368,Good,0,2093,3059.77438608
Banana,25,87,18.69070341,396,Good,0,2175,7401.5185503600005
Orange,23,95,4.802535216,336,Good,0,2185,1613.651832576
Pineapple,25,95,10.10404473,289,Bad,1,2375,2920.06892697
Tomato,25,95,12.69256136,308,Bad,1,2375,3909.3088988799996
Pineapple,23,95,12.62144823,324,Good,0,2185,4089.3492265200002
Banana,26,95,17.30998858,313,Good,0,2470,5418.02642554
Banana,26,95,15.33623116,304,Good,0,2470,4662.21427264
Banana,26,95,20.51379641,385,Good,0,2470,7897.81161785
Pineapple,25,95,9.757364232,326,Bad,1,2375,3180.9007396320003
Pineapple,22,95,12.48027818,341,Good,0,2090,4255.774859380001
Banana,25,89,20.17964285,304,Good,0,2225,6134.6114264
Tomato,23,95,14.75399666,317,Bad,1,2185,4677.01694122
Orange,22,95,9.310371154,385,Good,0,2090,3584.49289429
Pineapple,25,95,10.70460698,366,Bad,1,2375,3917.88615468
Orange,22,95,4.441500903,340,Good,0,2090,1510.11030702
Pineapple,24,95,13.95754575,330,Good,0,2280,4605.9900975
Banana,24,95,17.79130513,251,Bad,1,2280,4465.61758763
Tomato,25,92,6.613669965,399,Good,0,2300,2638.854316035
Orange,22,95,6.446808067,251,Good,0,2090,1618.148824817
Pineapple,25,95,10.52137857,391,Bad,1,2375,4113.85902087
Banana,26,95,16.65717174,309,Good,0,2470,5147.06606766
Orange,24,95,16.38466179,204,Bad,1,2280,3342.47100516
Tomato,25,95,15.42113219,410,Bad,1,2375,6322.6641979
Tomato,25,95,16.47502321,371,Bad,1,2375,6112.23361091
Tomato,23,89,12.76402932,354,Good,0,2047,4518.46637928
Orange,23,95,19.74258151,365,Bad,1,2185,7206.04225115
Pineapple,25,95,9.987371503,302,Bad,1,2375,3016.186193906
Pineapple,25,95,9.8718154,334,Bad,1,2375,3297.1863436
Orange,22,95,8.516848104,175,Good,0,2090,1490.4484181999999
Orange,23,95,19.42099897,271,Bad,1,2185,5263.09072087
Tomato,26,89,7.0889296,409,Good,0,2314,2899.3722064
Tomato,25,95,13.80304952,377,Bad,1,2375,5203.74966904
Tomato,23,92,10.16280412,356,Good,0,2116,3617.95826672
Tomato,23,87,6.446808067,278,Good,0,2001,1792.212642626
Banana,24,95,16.93400512,250,Bad,1,2280,4233.5012799999995
Pineapple,25,95,9.987371503,356,Bad,1,2375,3555.504255068
Pineapple,24,95,14.75399666,408,Bad,1,2280,6019.63063728
Tomato,23,91,8.31460431,367,Good,0,2093,3051.45978177
Pineapple,25,95,11.53023895,427,Bad,1,2375,4923.412031649999
Orange,23,95,14.83589827,364,Bad,1,2185,5400.266970279999
Orange,22,95,7.358649263,353,Good,0,2090,2597.603189839
Orange,23,95,6.956882353,344,Good,0,2185,2393.1675294320003
Orange,24,95,15.33623116,382,Bad,1,2280,5858.44030312
Tomato,23,90,12.76402932,327,Good,0,2070,4173.8375876400005
Orange,22,95,9.420521035,185,Good,0,2090,1742.796391475
Orange,23,95,6.405576451,255,Good,0,2185,1633.421995005
Pineapple,23,95,12.76402932,358,Good,0,2185,4569.52249656
Tomato,25,95,12.83585424,370,Bad,1,2375,4749.2660688
Tomato,26,92,6.405576451,390,Good,0,2392,2498.17481589
Orange,24,95,15.50647254,398,Bad,1,2280,6171.57607092
Tomato,23,93,11.72833871,350,Good,0,2139,4104.9185485
Pineapple,25,95,11.99705843,408,Bad,1,2375,4894.799839439999
Tomato,25,95,15.42113219,396,Bad,1,2375,6106.76834724
Tomato,24,95,16.29477154,363,Bad,1,2280,5915.00206902
Orange,23,95,15.16773612,249,Bad,1,2185,3776.7662938800004
Orange,22,95,5.182587061,306,Good,0,2090,1585.871640666
Banana,24,95,17.5009837,272,Bad,1,2280,4760.2675664
Banana,24,95,12.90803823,252,Bad,1,2280,3252.8256339600002
Banana,24,95,11.53023895,139,Bad,1,2280,1602.7032140499998
Orange,24,95,15.16773612,390,Bad,1,2280,5915.4170868
Tomato,23,89,7.358649263,286,Good,0,2047,2104.5736892180003
Tomato,24,95,11.33503171,279,Bad,1,2280,3162.47384709
Pineapple,23,95,12.90803823,338,Good,0,2185,4362.91692174
Pineapple,23,95,12.48027818,331,Good,0,2185,4130.972077580001
Tomato,23,89,10.22184745,383,Good,0,2047,3914.9675733500003
Banana,24,95,18.89654455,275,Bad,1,2280,5196.549751250001
Banana,25,95,16.29477154,265,Bad,1,2375,4318.1144581
Tomato,24,95,14.83589827,321,Bad,1,2280,4762.32334467
Orange,22,95,4.768941936,342,Good,0,2090,1630.9781421120001
Banana,26,90,20.29041491,388,Good,0,2340,7872.68098508
Orange,23,95,19.85095108,339,Bad,1,2185,6729.47241612
Tomato,25,95,15.76515749,311,Bad,1,2375,4902.96397939
Orange,23,95,16.29477154,410,Bad,1,2185,6680.856331399999
Tomato,25,95,12.69256136,30,Bad,1,2375,380.77684079999995
Banana,24,95,16.74896501,248,Bad,1,2280,4153.74332248
Orange,22,95,7.542720421,298,Good,0,2090,2247.730685458
Orange,23,85,4.505770041,330,Good,0,1955,1486.90411353
Tomato,25,95,13.05349201,376,Bad,1,2375,4908.11299576
Orange,23,95,4.972872478,324,Good,0,2185,1611.210682872
Tomato,23,95,14.59144457,312,Bad,1,2185,4552.53070584
Orange,23,95,14.75399666,369,Bad,1,2185,5444.22476754
Tomato,24,95,16.29477154,349,Bad,1,2280,5686.87526746
Pineapple,22,81,12.41021712,329,Good,0,1782,4082.96143248
Orange,23,95,19.85095108,345,Bad,1,2185,6848.578122600001
Pineapple,25,95,10.40069682,375,Bad,1,2375,3900.2613075
Orange,22,95,6.446808067,261,Good,0,2090,1682.616905487
Banana,24,95,16.65717174,250,Bad,1,2280,4164.2929349999995
Banana,24,86,13.80304952,337,Good,0,2064,4651.62768824
Pineapple,22,95,12.83585424,329,Good,0,2090,4222.99604496
Pineapple,23,95,13.3488037,354,Good,0,2185,4725.4765098
Orange,22,95,7.825388265,179,Good,0,2090,1400.744499435
Banana,25,95,18.28561157,371,Good,0,2375,6783.96189247
Tomato,23,89,8.116146322,295,Good,0,2047,2394.26316499
Pineapple,25,95,9.814452454,348,Bad,1,2375,3415.4294539919997
Pineapple,23,87,12.76402932,339,Good,0,2001,4327.00593948
Pineapple,23,95,13.05349201,344,Good,0,2185,4490.40125144
Orange,23,95,4.603308323,355,Good,0,2185,1634.174454665
Orange,22,95,4.904260592,342,Good,0,2090,1677.257122464
Orange,22,95,7.921396405,369,Good,0,2090,2922.9952734450003
Pineapple,25,95,11.20647613,295,Bad,1,2375,3305.91045835
Orange,23,95,5.007419045,347,Good,0,2185,1737.574408615
Tomato,26,94,6.48823229,385,Good,0,2444,2497.96943165
Pineapple,24,95,14.03538213,321,Good,0,2280,4505.35766373
Pineapple,24,95,14.1136139,308,Good,0,2280,4346.9930812
Orange,24,95,15.08413665,366,Bad,1,2280,5520.7940139
Orange,23,95,4.870193845,339,Good,0,2185,1650.995713455
Orange,23,95,5.253804423,300,Good,0,2185,1576.1413269
Orange,22,90,5.112029894,355,Good,0,1980,1814.77061237
Orange,23,95,19.85095108,350,Bad,1,2185,6947.832878
Pineapple,25,95,10.89052217,315,Bad,1,2375,3430.51448355
Pineapple,23,95,12.48027818,314,Good,0,2185,3918.8073485200002
Orange,24,95,15.50647254,377,Bad,1,2280,5845.9401475800005
Tomato,25,95,12.90803823,383,Bad,1,2375,4943.77864209
Pineapple,25,95,11.07916988,295,Bad,1,2375,3268.3551146
Tomato,25,95,16.02789778,324,Bad,1,2375,5193.03888072
Tomato,23,89,12.62144823,338,Good,0,2047,4266.04950174
Orange,23,95,14.67251295,249,Bad,1,2185,3653.45572455
Orange,22,95,9.093199852,395,Good,0,2090,3591.81394154
Tomato,25,95,12.83585424,299,Bad,1,2375,3837.92041776
Pineapple,22,94,12.41021712,342,Good,0,2068,4244.29425504
Orange,23,95,15.08413665,359,Bad,1,2185,5415.20505735
Tomato,24,95,13.49869706,376,Bad,1,2280,5075.51009456
Pineapple,24,95,13.88010234,335,Good,0,2280,4649.834283900001
Orange,22,95,4.735505087,354,Good,0,2090,1676.368800798
Tomato,23,91,13.3488037,323,Good,0,2093,4311.6635951
Tomato,25,95,14.35070581,384,Bad,1,2375,5510.671031039999
Orange,23,95,8.516848104,186,Good,0,2185,1584.1337473439999
Tomato,24,95,11.53023895,364,Good,0,2280,4197.0069778
Tomato,24,95,16.20534945,349,Bad,1,2280,5655.66695805
Pineapple,24,95,14.19224347,302,Good,0,2280,4286.05752794
Orange,22,95,4.802535216,346,Good,0,2090,1661.677184736
Pineapple,25,95,10.10404473,292,Bad,1,2375,2950.38106116
Orange,22,95,7.730278953,174,Good,0,2090,1345.068537822
Banana,25,86,12.55068787,342,Good,0,2150,4292.33525154
Orange,23,95,4.505770041,341,Good,0,2185,1536.467583981
Tomato,23,95,12.06507013,369,Good,0,2185,4452.01087797
Tomato,23,89,12.76402932,319,Good,0,2047,4071.7253530800003
Banana,25,87,13.95754575,329,Good,0,2175,4592.03255175
Banana,24,95,12.55068787,252,Bad,1,2280,3162.77334324
Tomato,24,95,13.72638492,387,Bad,1,2280,5312.11096404
Pineapple,25,95,11.07916988,310,Bad,1,2375,3434.5426628
Tomato,24,90,12.27113269,332,Good,0,2160,4074.01605308
Tomato,25,93,6.571662296,397,Good,0,2325,2608.949931512
Pineapple,25,95,10.04556771,290,Bad,1,2375,2913.2146359
Banana,25,85,13.27441976,354,Good,0,2125,4699.14459504
Tomato,24,89,8.214906999,289,Good,0,2136,2374.108122711
Orange,23,95,14.75399666,441,Bad,1,2185,6506.51252706
Pineapple,23,95,12.83585424,349,Good,0,2185,4479.71312976
Tomato,23,89,7.133358572,293,Good,0,2047,2090.074061596
Banana,24,95,12.27113269,252,Bad,1,2280,3092.32543788
Orange,22,95,7.0889296,288,Good,0,2090,2041.6117248
Orange,24,95,19.31496687,266,Bad,1,2280,5137.78118742
Tomato,24,95,12.20210529,368,Good,0,2280,4490.37474672
Tomato,23,95,14.75399666,315,Bad,1,2185,4647.5089479
Orange,23,95,8.671063387,188,Good,0,2185,1630.159916756
Banana,24,95,12.13341843,246,Bad,1,2280,2984.8209337800004
Tomato,25,95,7.777721829,202,Good,0,2375,1571.099809458
Pineapple,23,81,12.62144823,346,Good,0,1863,4367.02108758
Banana,26,90,19.20950925,381,Good,0,2340,7318.82302425
Tomato,24,76,17.69401633,458,Good,0,1824,8103.85947914
Tomato,25,95,15.33623116,321,Bad,1,2375,4922.93020236
Pineapple,24,95,4.870193845,404,Bad,1,2280,1967.55831338
Tomato,23,91,10.58215896,344,Good,0,2093,3640.26268224
Pineapple,23,95,12.55068787,327,Good,0,2185,4104.07493349
Banana,24,95,20.85352641,320,Good,0,2280,6673.1284512
Orange,23,95,15.76515749,257,Bad,1,2185,4051.64547493
Orange,23,95,14.91822038,413,Bad,1,2185,6161.2250169399995
Banana,26,94,15.42113219,305,Good,0,2444,4703.44531795
Tomato,23,88,9.644005982,370,Good,0,2024,3568.28221334
Tomato,25,95,15.85228317,312,Bad,1,2375,4945.91234904
Orange,23,95,14.75399666,365,Bad,1,2185,5385.2087809
Tomato,23,88,7.22284254,291,Good,0,2024,2101.84717914
Banana,24,93,18.48706888,316,Good,0,2232,5841.91376608
Orange,22,95,4.870193845,353,Good,0,2090,1719.178427285
Orange,22,95,5.964479838,318,Good,0,2090,1896.704588484
Pineapple,25,95,11.14266773,299,Bad,1,2375,3331.65765127
Tomato,24,88,10.70460698,240,Good,0,2112,2569.1056752
Orange,23,95,14.83589827,410,Bad,1,2185,6082.7182907
Orange,23,95,8.827487661,175,Good,0,2185,1544.810340675
Tomato,23,90,12.98058343,320,Good,0,2070,4153.7866976
Banana,24,95,18.08630257,258,Bad,1,2280,4666.26606306
Tomato,24,89,13.42356205,404,Good,0,2136,5423.1190682
Banana,24,95,17.12100442,255,Bad,1,2280,4365.8561271
Tomato,23,90,12.83585424,329,Good,0,2070,4222.99604496
Pineapple,25,95,10.10404473,352,Bad,1,2375,3556.62374496
Banana,24,95,17.21524677,255,Bad,1,2280,4389.88792635
Banana,26,94,14.91822038,306,Good,0,2444,4564.9754362799995
Orange,22,95,7.825388265,301,Good,0,2090,2355.441867765
Orange,22,95,4.570643409,340,Good,0,2090,1554.0187590599999
Tomato,24,95,16.20534945,344,Bad,1,2280,5574.6402108
Banana,26,90,19.85095108,295,Good,0,2340,5856.0305686
Pineapple,25,95,11.39978246,431,Bad,1,2375,4913.306240260001
Tomato,22,91,9.814452454,356,Good,0,2002,3493.9450736239996
Banana,24,95,12.83585424,256,Bad,1,2280,3285.97868544
Tomato,24,95,14.43054353,305,Bad,1,2280,4401.31577665
Orange,22,95,4.47356027,333,Good,0,2090,1489.6955699100001
Orange,22,95,6.48823229,247,Good,0,2090,1602.59337563
Orange,23,95,8.986156218,178,Good,0,2185,1599.535806804
Tomato,25,95,14.51078894,389,Bad,1,2375,5644.69689766
Orange,23,95,8.214906999,176,Good,0,2185,1445.8236318240001
Pineapple,25,95,9.929454577,300,Bad,1,2375,2978.8363731
Orange,22,95,6.122270991,252,Good,0,2090,1542.812289732
Tomato,23,90,12.76402932,336,Good,0,2070,4288.71385152
Pineapple,24,95,10.04556771,401,Bad,1,2280,4028.27265171
Tomato,22,92,9.700549236,350,Good,0,2024,3395.1922326000004
Tomato,24,93,11.39978246,361,Good,0,2232,4115.32146806
Tomato,25,95,15.85228317,318,Bad,1,2375,5041.02604806
Pineapple,22,95,13.05349201,333,Good,0,2090,4346.812839329999
Orange,24,95,16.29477154,378,Bad,1,2280,6159.423642119999
Orange,24,95,14.75399666,362,Bad,1,2280,5340.94679092
Tomato,25,95,13.57421101,369,Bad,1,2375,5008.883862690001
Pineapple,23,86,12.76402932,334,Good,0,1978,4263.18579288
Banana,26,95,20.17964285,380,Good,0,2470,7668.264283
Banana,24,92,16.65717174,315,Good,0,2208,5247.009098099999
Tomato,24,95,11.92938136,377,Good,0,2280,4497.37677272
Banana,25,89,20.06947764,394,Good,0,2225,7907.37419016
Banana,24,95,12.69256136,249,Bad,1,2280,3160.44777864
Tomato,24,94,11.27059687,370,Good,0,2256,4170.1208419
Orange,22,95,5.695315198,315,Good,0,2090,1794.0242873700001
Orange,23,95,6.48823229,247,Good,0,2185,1602.59337563
Pineapple,25,95,10.46089174,449,Bad,1,2375,4696.94039126
Orange,23,95,18.89654455,266,Bad,1,2185,5026.4808503
Pineapple,23,95,12.69256136,334,Good,0,2185,4239.31549424
Orange,23,95,14.51078894,212,Bad,1,2185,3076.28725528
Pineapple,25,95,11.01598084,307,Bad,1,2375,3381.90611788
Banana,26,90,20.29041491,373,Good,0,2340,7568.32476143
Orange,22,95,6.283027997,281,Good,0,2090,1765.5308671569999
Tomato,23,88,6.956882353,284,Good,0,2024,1975.754588252
Pineapple,22,92,13.20040797,343,Good,0,2024,4527.7399337100005
Banana,24,95,16.47502321,252,Bad,1,2280,4151.70584892
Banana,24,95,16.56585884,252,Bad,1,2280,4174.5964276800005
Banana,25,86,12.41021712,343,Good,0,2150,4256.7044721600005
Banana,24,95,12.76402932,253,Bad,1,2280,3229.29941796
Orange,23,95,4.972872478,347,Good,0,2185,1725.586749866
Tomato,23,91,8.465927903,364,Good,0,2093,3081.597756692
Orange,23,95,15.93986231,259,Bad,1,2185,4128.42433829
Tomato,23,89,12.76402932,318,Good,0,2047,4058.96132376
Banana,26,95,13.95754575,305,Good,0,2470,4257.05145375
Orange,22,95,6.48823229,253,Good,0,2090,1641.52276937
Orange,22,95,9.987371503,197,Good,0,2090,1967.512186091
Banana,24,95,12.69256136,179,Bad,1,2280,2271.96848344
Tomato,22,92,11.27059687,356,Good,0,2024,4012.33248572
Pineapple,25,95,10.10404473,290,Bad,1,2375,2930.1729717
Pineapple,25,95,5.733232642,403,Bad,1,2375,2310.492754726
Tomato,26,86,7.921396405,395,Good,0,2236,3128.951579975
Pineapple,22,95,12.20210529,323,Good,0,2090,3941.28000867
Pineapple,23,95,12.83585424,340,Good,0,2185,4364.1904416
Banana,26,90,19.31496687,401,Good,0,2340,7745.30171487
Orange,22,95,6.783674055,247,Good,0,2090,1675.567491585
Orange,24,95,14.91822038,370,Bad,1,2280,5519.7415406
Banana,25,90,16.11639251,317,Good,0,2250,5108.89642567
Pineapple,25,95,10.04556771,291,Bad,1,2375,2923.26020361
Pineapple,23,88,12.76402932,349,Good,0,2024,4454.64623268
Orange,22,95,8.264637967,176,Good,0,2090,1454.576282192
Pineapple,25,95,11.27059687,298,Bad,1,2375,3358.63786726
Pineapple,25,95,11.59594835,429,Bad,1,2375,4974.66184215
Orange,22,95,7.0889296,293,Good,0,2090,2077.0563728
Orange,24,95,14.83589827,377,Bad,1,2280,5593.1336477899995
Tomato,26,87,7.683058499,396,Good,0,2262,3042.4911656040003
Tomato,25,95,15.42113219,323,Bad,1,2375,4981.02569737
Tomato,23,90,12.48027818,327,Good,0,2070,4081.0509648600005
Orange,23,95,16.93400512,258,Bad,1,2185,4368.97332096
Orange,23,95,4.904260592,353,Good,0,2185,1731.203988976
Tomato,25,95,13.88010234,376,Bad,1,2375,5218.91847984
Orange,23,95,19.85095108,347,Bad,1,2185,6888.280024760001
Tomato,22,93,14.19224347,246,Good,0,2046,3491.29189362
Orange,23,95,15.76515749,255,Bad,1,2185,4020.11515995
Banana,26,90,19.85095108,296,Good,0,2340,5875.881519680001
Tomato,24,89,13.80304952,404,Good,0,2136,5576.43200608
Orange,22,95,6.283027997,248,Good,0,2090,1558.1909432559999
Tomato,23,92,10.64323454,354,Good,0,2116,3767.70502716
Pineapple,23,95,12.98058343,355,Good,0,2185,4608.10711765
Orange,24,95,14.75399666,374,Bad,1,2280,5517.99475084
Banana,24,95,19.42099897,298,Bad,1,2280,5787.45769306
Orange,22,95,8.516848104,185,Good,0,2090,1575.6168992399998
Orange,23,95,15.59225501,387,Bad,1,2185,6034.20268887
Tomato,25,95,12.83585424,386,Bad,1,2375,4954.63973664
Tomato,25,95,15.25176672,318,Bad,1,2375,4850.06181696
Tomato,23,95,14.51078894,308,Bad,1,2185,4469.32299352
Orange,22,95,6.162179985,257,Good,0,2090,1583.680256145
Pineapple,24,95,13.95754575,322,Good,0,2280,4494.3297315
Orange,23,95,8.165410187,174,Good,0,2185,1420.7813725380001
Tomato,25,95,12.62144823,306,Bad,1,2375,3862.16315838
Pineapple,23,95,13.05349201,358,Good,0,2185,4673.15013958
Orange,23,95,14.75399666,425,Bad,1,2185,6270.4485805
Orange,23,95,8.31460431,180,Good,0,2185,1496.6287758
Orange,22,95,10.10404473,188,Good,0,2090,1899.56040924
Banana,26,88,19.31496687,378,Good,0,2288,7301.05747686
Tomato,24,88,10.64323454,244,Good,0,2112,2596.9492277599998
Orange,22,95,6.529850053,259,Good,0,2090,1691.231163727
Tomato,23,89,7.683058499,302,Good,0,2047,2320.283666698
Orange,22,95,9.420521035,393,Good,0,2090,3702.264766755
Orange,22,95,7.404343951,355,Good,0,2090,2628.5421026050003
Pineapple,22,95,12.90803823,326,Good,0,2090,4208.02046298
Banana,24,95,17.21524677,254,Bad,1,2280,4372.6726795800005
Banana,26,94,15.50647254,305,Good,0,2444,4729.4741247
Banana,24,95,13.3488037,262,Bad,1,2280,3497.3865693999996
Pineapple,25,95,9.929454577,319,Bad,1,2375,3167.496010063
Pineapple,22,94,12.76402932,334,Good,0,2068,4263.18579288
Orange,23,95,4.538130868,349,Good,0,2185,1583.8076729319998
Pineapple,22,95,12.69256136,320,Good,0,2090,4061.6196351999997
Tomato,23,92,10.04556771,363,Good,0,2116,3646.54107873
Tomato,26,92,6.529850053,387,Good,0,2392,2527.051970511
Orange,23,95,15.50647254,255,Bad,1,2185,3954.1504977000004
Tomato,23,90,12.98058343,327,Good,0,2070,4244.65078161
Orange,24,95,20.29041491,272,Bad,1,2280,5518.9928555199995
Banana,26,84,18.28561157,388,Good,0,2184,7094.81728916
Pineapple,22,95,12.41021712,341,Good,0,2090,4231.88403792
Tomato,24,95,15.00096563,397,Good,0,2280,5955.38335511
Banana,24,95,19.31496687,294,Bad,1,2280,5678.60025978
Pineapple,25,95,11.07916988,412,Bad,1,2375,4564.61799056
Orange,22,95,6.446808067,249,Good,0,2090,1605.255208683
Tomato,23,89,9.700549236,377,Good,0,2047,3657.1070619720003
Orange,23,95,15.25176672,392,Bad,1,2185,5978.69255424
Orange,23,95,14.91822038,397,Bad,1,2185,5922.53349086
Tomato,23,90,12.76402932,316,Good,0,2070,4033.43326512
Tomato,25,95,13.65010619,376,Bad,1,2375,5132.43992744
Banana,24,95,12.69256136,256,Bad,1,2280,3249.29570816
Pineapple,22,95,12.69256136,334,Good,0,2090,4239.31549424
Tomato,25,95,15.33623116,389,Bad,1,2375,5965.793921240001
Orange,21,94,8.364807255,385,Good,0,1974,3220.4507931750004
Orange,22,95,10.22184745,192,Good,0,2090,1962.5947104000002
Banana,26,90,19.95991509,302,Good,0,2340,6027.89435718
Tomato,24,76,17.21524677,467,Good,0,1824,8039.52024159
Orange,23,95,14.83589827,359,Bad,1,2185,5326.08747893
Tomato,23,91,13.3488037,336,Good,0,2093,4485.1980432
Tomato,22,93,13.12676612,351,Good,0,2046,4607.494908119999
Banana,26,90,19.52760946,389,Good,0,2340,7596.24007994
Orange,22,95,8.568009903,374,Good,0,2090,3204.435703722
Banana,24,95,12.34050263,252,Bad,1,2280,3109.80666276
Orange,23,95,14.67251295,213,Bad,1,2185,3125.24525835
Banana,26,84,18.38606989,379,Good,0,2184,6968.320488310001
Pineapple,25,95,9.987371503,315,Bad,1,2375,3146.0220234450003
Tomato,24,89,13.49869706,392,Good,0,2136,5291.4892475199995
Pineapple,25,95,13.27441976,403,Bad,1,2375,5349.59116328
Banana,25,88,19.74258151,382,Good,0,2200,7541.66613682
Tomato,25,95,15.25176672,371,Bad,1,2375,5658.40545312
Pineapple,25,95,9.987371503,344,Bad,1,2375,3435.655797032
Tomato,22,92,10.40069682,360,Good,0,2024,3744.2508552
Orange,23,95,15.76515749,258,Bad,1,2185,4067.41063242
Pineapple,25,95,9.929454577,296,Bad,1,2375,2939.118554792
Orange,22,95,5.007419045,347,Good,0,2090,1737.574408615
Orange,22,95,6.783674055,250,Good,0,2090,1695.9185137499999
Banana,26,95,17.59724365,309,Good,0,2470,5437.54828785
Pineapple,23,91,12.83585424,344,Good,0,2093,4415.53385856
Tomato,24,95,16.56585884,353,Bad,1,2280,5847.74817052
Orange,24,95,14.91822038,374,Bad,1,2280,5579.4144221199995
Banana,25,88,14.75399666,324,Good,0,2200,4780.29491784
Orange,24,95,17.88911347,268,Bad,1,2280,4794.28240996
Pineapple,23,95,12.34050263,331,Good,0,2185,4084.7063705299997
Tomato,24,95,12.69256136,303,Bad,1,2280,3845.84609208
Tomato,23,91,13.42356205,332,Good,0,2093,4456.6226006
Tomato,25,95,12.90803823,376,Bad,1,2375,4853.42237448
Orange,23,95,19.85095108,352,Bad,1,2185,6987.53478016
Pineapple,25,95,10.95309884,303,Bad,1,2375,3318.78894852
Orange,22,95,7.969740423,164,Good,0,2090,1307.0374293720001
Orange,23,95,19.74258151,342,Bad,1,2185,6751.962876420001
Orange,22,95,4.870193845,347,Good,0,2090,1689.9572642150001
Tomato,25,95,12.98058343,371,Bad,1,2375,4815.796452529999
Banana,24,95,16.93400512,245,Bad,1,2280,4148.8312544
Orange,23,95,19.95991509,361,Bad,1,2185,7205.52934749
Banana,25,89,19.95991509,301,Good,0,2225,6007.93444209
Orange,23,95,7.921396405,167,Good,0,2185,1322.873199635
Orange,24,95,14.83589827,363,Bad,1,2280,5385.43107201
Tomato,24,95,12.06507013,289,Bad,1,2280,3486.80526757
Tomato,22,93,11.33503171,356,Good,0,2046,4035.2712887600005
Tomato,24,82,7.777721829,392,Good,0,1968,3048.866956968
Orange,22,95,8.465927903,194,Good,0,2090,1642.390013182
Orange,22,95,9.310371154,375,Good,0,2090,3491.38918275
Tomato,23,92,10.28117628,355,Good,0,2116,3649.8175794000003
Tomato,22,92,10.52137857,363,Good,0,2024,3819.26042091
Tomato,22,90,13.27441976,323,Good,0,1980,4287.63758248
Pineapple,22,93,12.83585424,322,Good,0,2046,4133.1450652799995
Orange,24,95,17.02725828,392,Bad,1,2280,6674.685245760001
Banana,26,90,20.06947764,296,Good,0,2340,5940.565381439999
Banana,24,91,16.65717174,320,Good,0,2184,5330.294956799999
Orange,22,95,5.809598838,254,Good,0,2090,1475.638104852
Banana,25,86,13.65010619,345,Good,0,2150,4709.28663555
Pineapple,25,95,11.27059687,320,Bad,1,2375,3606.5909984
Tomato,22,94,11.66198098,346,Good,0,2068,4035.0454190799996
Tomato,23,92,10.58215896,362,Good,0,2116,3830.7415435199996
Tomato,24,95,16.47502321,357,Bad,1,2280,5881.58328597
Banana,24,95,12.62144823,257,Bad,1,2280,3243.7121951100003
Banana,24,95,17.12100442,254,Bad,1,2280,4348.735122679999
Orange,22,95,9.420521035,181,Good,0,2090,1705.114307335
Pineapple,22,89,12.90803823,321,Good,0,1958,4143.480271830001
Tomato,24,95,12.98058343,306,Bad,1,2280,3972.0585295799997
Pineapple,25,95,9.8718154,300,Bad,1,2375,2961.5446199999997
Tomato,24,76,17.30998858,469,Good,0,1824,8118.3846440199995
Orange,23,95,8.415248038,168,Good,0,2185,1413.761670384
Pineapple,22,95,12.83585424,333,Good,0,2090,4274.33946192
Tomato,24,94,10.95309884,383,Good,0,2256,4195.03685572
Pineapple,25,95,9.987371503,308,Bad,1,2375,3076.110422924
Pineapple,23,95,12.27113269,314,Good,0,2185,3853.13566466
Pineapple,22,95,12.76402932,336,Good,0,2090,4288.71385152
Tomato,23,92,11.20647613,352,Good,0,2116,3944.67959776
Tomato,25,92,6.529850053,407,Good,0,2300,2657.648971571
Orange,23,95,9.8718154,392,Good,0,2185,3869.7516367999997
Pineapple,22,89,12.62144823,327,Good,0,1958,4127.21357121
Banana,26,95,20.62641439,385,Good,0,2470,7941.16954015
Pineapple,25,95,9.987371503,319,Bad,1,2375,3185.971509457
Pineapple,24,95,14.03538213,326,Good,0,2280,4575.53457438
Tomato,23,89,8.165410187,302,Good,0,2047,2465.9538764740005
Orange,24,95,14.83589827,364,Bad,1,2280,5400.266970279999
Tomato,26,92,6.48823229,411,Good,0,2392,2666.66347119
Orange,24,95,16.93400512,202,Bad,1,2280,3420.6690342399997
Orange,23,95,4.836285621,348,Good,0,2185,1683.027396108
Orange,22,95,7.969740423,172,Good,0,2090,1370.795352756
Banana,24,95,12.27113269,251,Bad,1,2280,3080.05430519
Orange,24,95,18.89654455,225,Bad,1,2280,4251.722523750001
Banana,25,95,17.88911347,368,Good,0,2375,6583.19375696
Pineapple,25,95,10.82824911,300,Bad,1,2375,3248.474733
Tomato,23,92,10.28117628,359,Good,0,2116,3690.94228452
Orange,22,95,6.613669965,257,Good,0,2090,1699.713181005
Pineapple,23,93,12.83585424,347,Good,0,2139,4454.04142128
Orange,22,95,4.570643409,347,Good,0,2090,1586.013262923
Tomato,25,95,12.98058343,370,Bad,1,2375,4802.8158691
Pineapple,25,95,9.814452454,325,Bad,1,2375,3189.6970475499998
Pineapple,25,95,11.46485093,341,Bad,1,2375,3909.5141671300003
Pineapple,25,95,9.987371503,296,Bad,1,2375,2956.261964888
Tomato,23,91,8.465927903,375,Good,0,2093,3174.7229636250004
Tomato,25,95,7.683058499,199,Good,0,2375,1528.928641301
Banana,25,86,14.19224347,341,Good,0,2150,4839.55502327
Tomato,23,92,10.70460698,355,Good,0,2116,3800.1354779
Pineapple,25,95,11.72833871,349,Bad,1,2375,4093.1902097899997
Pineapple,22,95,12.62144823,320,Good,0,2090,4038.8634336
Tomato,25,95,12.90803823,375,Bad,1,2375,4840.51433625
Tomato,24,95,14.75399666,368,Bad,1,2280,5429.47077088
Tomato,23,92,13.95754575,331,Good,0,2116,4619.94764325
Orange,23,95,19.85095108,363,Bad,1,2185,7205.895242040001
Orange,23,95,4.870193845,346,Good,0,2185,1685.08707037
Banana,26,95,15.59225501,307,Good,0,2470,4786.8222880700005
Tomato,22,92,11.01598084,356,Good,0,2024,3921.6891790399995
Orange,24,95,16.93400512,393,Bad,1,2280,6655.064012159999
Banana,24,95,18.08630257,255,Bad,1,2280,4612.00715535
Tomato,24,95,11.79502342,363,Good,0,2280,4281.59350146
Pineapple,22,82,12.55068787,333,Good,0,1804,4179.37906071
Orange,22,95,6.242557594,255,Good,0,2090,1591.85218647
Orange,23,91,16.02789778,251,Bad,1,2093,4023.00234278
Pineapple,25,95,12.20210529,410,Bad,1,2375,5002.8631689
Orange,22,95,5.886678992,258,Good,0,2090,1518.7631799360001
Orange,23,95,14.91822038,364,Bad,1,2185,5430.232218319999
Orange,24,95,14.67251295,373,Bad,1,2280,5472.8473303499995
Tomato,23,89,12.55068787,316,Good,0,2047,3966.0173669200003
Pineapple,23,95,13.57421101,366,Good,0,2185,4968.161229660001
Tomato,25,95,13.88010234,364,Bad,1,2375,5052.3572517600005
Pineapple,25,95,11.862037,347,Bad,1,2375,4116.1268390000005
Orange,22,95,11.92938136,207,Good,0,2090,2469.38194152
Tomato,25,95,12.69256136,303,Bad,1,2375,3845.84609208
Pineapple,23,80,12.55068787,333,Good,0,1840,4179.37906071
Banana,26,90,20.17964285,302,Good,0,2340,6094.2521407
Pineapple,25,95,10.10404473,298,Bad,1,2375,3011.00532954
Orange,22,95,4.938486566,349,Good,0,2090,1723.5318115339999
Banana,24,88,15.00096563,324,Good,0,2112,4860.31286412
Banana,24,95,13.12676612,258,Bad,1,2280,3386.7056589599997
Pineapple,25,95,10.10404473,351,Bad,1,2375,3546.51970023
Orange,23,95,14.91822038,216,Bad,1,2185,3222.3356020799997
Orange,23,95,8.827487661,193,Good,0,2185,1703.705118573
Orange,24,95,15.00096563,364,Bad,1,2280,5460.35148932
Orange,23,95,15.00096563,401,Bad,1,2185,6015.38721763
Banana,24,95,12.06507013,76,Bad,1,2280,916.94532988
Banana,24,95,12.76402932,255,Bad,1,2280,3254.8274766
Tomato,24,95,13.72638492,385,Bad,1,2280,5284.658194199999
Tomato,24,89,11.14266773,401,Good,0,2136,4468.20975973
Tomato,25,95,12.76402932,306,Bad,1,2375,3905.79297192
Tomato,24,95,13.05349201,302,Bad,1,2280,3942.15458702
Pineapple,25,95,9.814452454,322,Bad,1,2375,3160.253690188
Orange,23,95,5.007419045,348,Good,0,2185,1742.5818276599998
Banana,26,91,19.95991509,298,Good,0,2366,5948.05469682
Orange,22,95,7.496378442,298,Good,0,2090,2233.920775716
Orange,24,95,16.74896501,397,Bad,1,2280,6649.33910897
Tomato,23,94,11.14266773,393,Good,0,2162,4379.06841789
Orange,24,95,14.91822038,373,Bad,1,2280,5564.496201739999
Tomato,23,95,14.35070581,314,Bad,1,2185,4506.1216243399995
Tomato,22,90,12.98058343,328,Good,0,1980,4257.63136504
Orange,23,95,15.42113219,400,Bad,1,2185,6168.452876
Orange,24,95,14.83589827,361,Bad,1,2280,5355.75927547
Tomato,25,95,13.80304952,378,Bad,1,2375,5217.55271856
Orange,23,95,16.65717174,246,Bad,1,2185,4097.66424804
Orange,24,95,15.00096563,361,Bad,1,2280,5415.34859243
Pineapple,23,95,13.05349201,334,Good,0,2185,4359.86633134
Orange,24,95,14.83589827,422,Bad,1,2280,6260.74906994
Pineapple,22,95,12.76402932,340,Good,0,2090,4339.7699688
Orange,22,95,6.446808067,247,Good,0,2090,1592.361592549
Pineapple,25,95,11.07916988,293,Bad,1,2375,3246.19677484
Banana,26,94,15.42113219,306,Good,0,2444,4718.86645014
Pineapple,25,95,11.92938136,412,Bad,1,2375,4914.905120320001
Orange,23,95,4.702223982,359,Good,0,2185,1688.098409538
Orange,23,81,4.603308323,336,Good,0,1863,1546.711596528
Pineapple,24,95,13.65010619,404,Bad,1,2280,5514.64290076
Orange,23,95,19.85095108,337,Bad,1,2185,6689.77051396
Banana,25,87,14.1136139,336,Good,0,2175,4742.1742704
Banana,25,86,13.27441976,345,Good,0,2150,4579.674817200001
Tomato,23,89,12.62144823,339,Good,0,2047,4278.67094997
Orange,23,95,9.039550676,200,Good,0,2185,1807.9101351999998
Orange,22,95,6.283027997,256,Good,0,2090,1608.455167232
Orange,24,95,16.84124175,402,Bad,1,2280,6770.179183499999
Banana,24,89,15.59225501,321,Good,0,2136,5005.11385821
Tomato,25,95,14.51078894,388,Bad,1,2375,5630.1861087199995
Orange,22,95,7.267899623,357,Good,0,2090,2594.640165411
Tomato,25,95,7.636059339,200,Good,0,2375,1527.2118678
Tomato,22,93,14.03538213,329,Good,0,2046,4617.64072077
Banana,24,95,17.12100442,245,Bad,1,2280,4194.6460829
Orange,23,95,8.465927903,175,Good,0,2185,1481.537383025
Orange,22,95,6.698275399,252,Good,0,2090,1687.965400548
Pineapple,22,94,12.69256136,340,Good,0,2068,4315.4708623999995
Tomato,25,95,15.85228317,314,Bad,1,2375,4977.61691538
Orange,23,95,14.67251295,359,Bad,1,2185,5267.43214905
Orange,22,95,8.465927903,178,Good,0,2090,1506.9351667340002
Tomato,24,90,8.214906999,285,Good,0,2160,2341.248494715
Orange,23,95,19.63480231,280,Bad,1,2185,5497.744646800001
Pineapple,25,95,10.10404473,359,Bad,1,2375,3627.35205807
Orange,23,95,15.00096563,369,Bad,1,2185,5535.35631747
Orange,24,95,17.59724365,224,Bad,1,2280,3941.7825776
Banana,24,95,19.20950925,288,Bad,1,2280,5532.338664
Banana,26,94,15.50647254,304,Good,0,2444,4713.96765216
Orange,22,95,5.886678992,261,Good,0,2090,1536.423216912
Pineapple,25,95,10.04556771,287,Bad,1,2375,2883.07793277
Orange,22,95,8.264637967,367,Good,0,2090,3033.122133889
Tomato,25,95,15.93986231,309,Bad,1,2375,4925.41745379
Orange,23,95,14.51078894,388,Bad,1,2185,5630.1861087199995
Pineapple,23,95,13.3488037,363,Good,0,2185,4845.6157431
Pineapple,24,95,13.95754575,311,Good,0,2280,4340.796728249999
Pineapple,23,84,12.41021712,349,Good,0,1932,4331.16577488
Tomato,23,89,12.69256136,335,Good,0,2047,4252.008055599999
Orange,23,95,8.415248038,179,Good,0,2185,1506.329398802
Banana,24,89,15.59225501,320,Good,0,2136,4989.5216032
Tomato,24,95,16.47502321,356,Bad,1,2280,5865.10826276
Tomato,22,92,13.95754575,326,Good,0,2024,4550.1599145
Banana,26,94,14.35070581,299,Good,0,2444,4290.8610371899995
Tomato,24,76,17.40523312,467,Good,0,1824,8128.243867039999
Tomato,23,89,7.636059339,303,Good,0,2047,2313.725979717
Banana,25,89,19.52760946,377,Good,0,2225,7361.908766420001
Orange,24,95,15.00096563,385,Bad,1,2280,5775.37176755
Orange,22,95,5.582615631,312,Good,0,2090,1741.7760768720002
Orange,23,95,14.59144457,373,Bad,1,2185,5442.60882461
Tomato,22,92,10.34079221,364,Good,0,2024,3764.04836444
Pineapple,22,95,13.20040797,314,Good,0,2090,4144.92810258
Orange,22,95,8.568009903,383,Good,0,2090,3281.547792849
Orange,23,95,15.33623116,254,Bad,1,2185,3895.4027146400003
Banana,24,95,12.62144823,255,Bad,1,2280,3218.46929865
Tomato,23,90,13.05349201,312,Good,0,2070,4072.6895071199997
Orange,23,95,5.398243871,304,Good,0,2185,1641.066136784
Pineapple,23,83,12.62144823,332,Good,0,1909,4190.32081236
Orange,22,95,8.568009903,185,Good,0,2090,1585.081832055
Orange,23,95,9.310371154,180,Good,0,2185,1675.86680772
Orange,23,95,4.570643409,344,Good,0,2185,1572.301332696
Banana,26,94,15.33623116,308,Good,0,2444,4723.55919728
Tomato,26,88,7.450253315,407,Good,0,2288,3032.253099205
Tomato,24,95,13.95754575,380,Bad,1,2280,5303.867385
Orange,24,95,16.93400512,390,Bad,1,2280,6604.261996799999
Tomato,23,90,12.34050263,331,Good,0,2070,4084.7063705299997
Tomato,23,89,9.310371154,365,Good,0,2047,3398.28547121
Tomato,22,94,13.65010619,346,Good,0,2068,4722.93674174
Banana,24,95,17.21524677,256,Bad,1,2280,4407.10317312
Pineapple,23,95,13.27441976,350,Good,0,2185,4646.046916
Pineapple,22,95,12.55068787,337,Good,0,2090,4229.58181219
Orange,22,95,5.545397326,309,Good,0,2090,1713.527773734
Pineapple,23,95,12.48027818,320,Good,0,2185,3993.6890176
Pineapple,24,95,14.19224347,308,Good,0,2280,4371.21098876
Pineapple,25,95,9.757364232,330,Bad,1,2375,3219.9301965600002
Orange,23,95,14.75399666,209,Bad,1,2185,3083.58530194
Pineapple,24,95,13.95754575,334,Good,0,2280,4661.8202805
Tomato,25,93,6.740875089,394,Good,0,2325,2655.904785066
Orange,23,95,6.529850053,253,Good,0,2185,1652.0520634089999
Orange,23,95,15.00096563,219,Bad,1,2185,3285.2114729699997
Pineapple,22,95,12.83585424,332,Good,0,2090,4261.50360768
Orange,22,95,8.264637967,177,Good,0,2090,1462.840920159
Orange,23,95,17.59724365,302,Bad,1,2185,5314.367582299999
Orange,23,95,14.91822038,253,Bad,1,2185,3774.30975614
Pineapple,22,95,12.76402932,323,Good,0,2090,4122.78147036
Orange,24,95,19.10462223,229,Bad,1,2280,4374.95849067
Tomato,25,95,12.83585424,382,Bad,1,2375,4903.29631968
Tomato,23,91,10.58215896,350,Good,0,2093,3703.755636
Pineapple,23,95,12.48027818,324,Good,0,2185,4043.6101303200003
Pineapple,22,95,12.83585424,342,Good,0,2090,4389.86215008
Tomato,25,95,12.76402932,367,Bad,1,2375,4684.39876044
Tomato,24,95,12.13341843,290,Bad,1,2280,3518.6913447
Orange,23,95,8.986156218,196,Good,0,2185,1761.286618728
Banana,25,89,19.63480231,394,Good,0,2225,7736.11211014
Orange,22,95,7.450253315,359,Good,0,2090,2674.6409400850002
Pineapple,25,95,10.04556771,356,Bad,1,2375,3576.22210476
Orange,22,95,5.471478228,302,Good,0,2090,1652.3864248559998
Tomato,25,95,13.20040797,381,Bad,1,2375,5029.35543657
Pineapple,23,85,12.62144823,332,Good,0,1955,4190.32081236
Tomato,24,95,13.20040797,296,Bad,1,2280,3907.3207591200003
Tomato,25,95,15.76515749,317,Bad,1,2375,4997.55492433
Pineapple,25,95,13.42356205,399,Bad,1,2375,5356.00125795
Pineapple,22,95,12.69256136,329,Good,0,2090,4175.8526874399995
Orange,23,95,4.505770041,332,Good,0,2185,1495.915653612
Pineapple,25,95,10.16280412,288,Bad,1,2375,2926.8875865600003
Orange,22,95,8.31460431,177,Good,0,2090,1471.68496287
Banana,26,91,20.06947764,302,Good,0,2366,6060.98224728
Banana,24,95,12.41021712,253,Bad,1,2280,3139.78493136
Orange,22,95,8.0671142,371,Good,0,2090,2992.8993682
Pineapple,24,95,14.03538213,293,Good,0,2280,4112.36696409
Banana,24,95,19.10462223,286,Bad,1,2280,5463.92195778
Orange,23,95,4.836285621,352,Good,0,2185,1702.372538592
Banana,24,91,16.74896501,314,Good,0,2184,5259.1750131399995
Banana,24,89,15.59225501,322,Good,0,2136,5020.706113220001
Banana,24,91,12.27113269,247,Bad,1,2184,3030.96977443
Tomato,23,88,7.358649263,291,Good,0,2024,2141.3669355330003
Banana,24,95,12.27113269,257,Bad,1,2280,3153.68110133
Orange,24,95,14.67251295,372,Bad,1,2280,5458.1748173999995
Banana,26,95,15.59225501,310,Good,0,2470,4833.5990531
Orange,23,95,8.568009903,185,Good,0,2185,1585.081832055
Banana,24,95,14.75399666,264,Bad,1,2280,3895.05511824
Tomato,25,95,12.98058343,366,Bad,1,2375,4750.89353538
Tomato,24,95,16.38466179,340,Bad,1,2280,5570.7850086
Tomato,23,92,9.987371503,352,Good,0,2116,3515.554769056
Pineapple,24,95,11.862037,419,Bad,1,2280,4970.193503
Tomato,23,89,8.364807255,306,Good,0,2047,2559.63102003
Pineapple,22,95,12.90803823,332,Good,0,2090,4285.46869236
Orange,23,95,5.253804423,350,Good,0,2185,1838.83154805
Tomato,23,89,7.683058499,296,Good,0,2047,2274.185315704
Banana,24,86,13.57421101,345,Good,0,2064,4683.102798450001
Orange,22,95,5.620007507,314,Good,0,2090,1764.682357198
Tomato,26,91,6.698275399,399,Good,0,2366,2672.611884201
Pineapple,24,95,11.20647613,409,Bad,1,2280,4583.44873717
Banana,24,95,19.20950925,304,Bad,1,2280,5839.690812
Orange,22,95,7.358649263,354,Good,0,2090,2604.961839102
Tomato,25,95,12.69256136,301,Bad,1,2375,3820.4609693599996
Tomato,23,92,9.700549236,354,Good,0,2116,3433.994429544
Banana,24,95,16.38466179,247,Bad,1,2280,4047.01146213
Tomato,23,91,8.264637967,371,Good,0,2093,3066.180685757
Tomato,24,95,16.02789778,345,Bad,1,2280,5529.6247341
Orange,23,95,9.201267821,178,Good,0,2185,1637.825672138
Tomato,23,87,6.364536513,286,Good,0,2001,1820.257442718
Banana,25,88,14.75399666,327,Good,0,2200,4824.55690782
Banana,26,95,16.65717174,297,Good,0,2470,4947.1800067799995
Pineapple,24,95,14.1136139,336,Good,0,2280,4742.1742704
Orange,23,95,4.904260592,345,Good,0,2185,1691.96990424
Tomato,24,95,12.69256136,301,Bad,1,2280,3820.4609693599996
Pineapple,25,95,11.59594835,341,Bad,1,2375,3954.2183873500003
Banana,25,86,13.49869706,353,Good,0,2150,4765.04006218
Orange,23,95,15.85228317,442,Bad,1,2185,7006.70916114
Orange,22,95,6.48823229,292,Good,0,2090,1894.56382868
Orange,24,95,20.17964285,270,Bad,1,2280,5448.5035695
Tomato,22,92,13.57421101,326,Good,0,2024,4425.192789260001
Orange,22,95,4.836285621,348,Good,0,2090,1683.027396108
Tomato,25,95,13.88010234,366,Bad,1,2375,5080.11745644
Pineapple,25,95,10.04556771,299,Bad,1,2375,3003.62474529
Tomato,23,89,8.516848104,312,Good,0,2047,2657.256608448
Tomato,23,90,12.62144823,309,Good,0,2070,3900.02750307
Orange,22,95,7.450253315,296,Good,0,2090,2205.27498124
Pineapple,23,95,12.20210529,326,Good,0,2185,3977.8863245400003
Pineapple,25,95,12.06507013,409,Bad,1,2375,4934.6136831700005
Orange,22,95,7.000692513,289,Good,0,2090,2023.200136257
Orange,22,95,6.529850053,290,Good,0,2090,1893.6565153699999
Tomato,23,89,12.69256136,322,Good,0,2047,4087.0047579199995
Banana,26,94,14.91822038,308,Good,0,2444,4594.81187704
Orange,24,95,15.00096563,357,Bad,1,2280,5355.34472991
Tomato,25,95,15.76515749,312,Bad,1,2375,4918.72913688
Pineapple,25,95,10.22184745,289,Bad,1,2375,2954.11391305
Tomato,26,86,8.165410187,406,Good,0,2236,3315.1565359220003
Orange,23,95,16.93400512,246,Bad,1,2185,4165.76525952
Orange,23,95,14.75399666,403,Bad,1,2185,5945.86065398
Pineapple,24,95,13.05349201,421,Bad,1,2280,5495.52013621
Pineapple,25,95,11.79502342,351,Bad,1,2375,4140.05322042
Pineapple,22,92,12.55068787,329,Good,0,2024,4129.176309230001
Tomato,22,92,10.76627794,359,Good,0,2024,3865.09378046
Pineapple,25,95,11.14266773,286,Bad,1,2375,3186.8029707799997
Orange,22,95,9.093199852,179,Good,0,2090,1627.6827735079999
Tomato,22,93,11.39978246,356,Good,0,2046,4058.3225557600003
Pineapple,25,95,11.01598084,322,Bad,1,2375,3547.14583048
Pineapple,23,93,12.69256136,346,Good,0,2139,4391.626230559999
Orange,23,95,4.972872478,333,Good,0,2185,1655.966535174
Orange,23,95,19.95991509,352,Bad,1,2185,7025.89011168
Pineapple,23,95,12.76402932,336,Good,0,2185,4288.71385152
Orange,22,95,5.50835179,313,Good,0,2090,1724.1141102699999
Tomato,23,93,12.55068787,351,Good,0,2139,4405.29144237
Orange,22,95,7.404343951,346,Good,0,2090,2561.9030070460003
Orange,23,95,14.83589827,401,Bad,1,2185,5949.19520627
Tomato,23,91,8.31460431,361,Good,0,2093,3001.57215591
Orange,23,95,4.836285621,360,Good,0,2185,1741.06282356
Tomato,24,95,16.47502321,371,Bad,1,2280,6112.23361091
Orange,23,95,14.75399666,371,Bad,1,2185,5473.73276086
Pineapple,23,87,12.76402932,346,Good,0,2001,4416.3541447200005
Pineapple,25,95,10.64323454,455,Bad,1,2375,4842.6717157
Tomato,24,90,12.83585424,330,Good,0,2160,4235.8318991999995
Orange,22,95,4.377830797,347,Good,0,2090,1519.107286559
Pineapple,23,95,12.98058343,350,Good,0,2185,4543.204200499999
Tomato,23,88,10.46089174,365,Good,0,2024,3818.2254851
Tomato,24,95,16.47502321,361,Bad,1,2280,5947.4833788099995
Pineapple,25,95,9.929454577,303,Bad,1,2375,3008.624736831
Orange,23,95,15.08413665,368,Bad,1,2185,5550.9622872
Tomato,23,90,12.55068787,316,Good,0,2070,3966.0173669200003
Orange,22,95,7.450253315,285,Good,0,2090,2123.3221947750003
Tomato,23,92,10.95309884,358,Good,0,2116,3921.20938472
Orange,23,95,19.74258151,363,Bad,1,2185,7166.55708813
Orange,22,95,6.913276429,357,Good,0,2090,2468.039685153
Orange,23,95,8.214906999,173,Good,0,2185,1421.178910827
Tomato,24,95,11.99705843,359,Good,0,2280,4306.943976369999
Banana,26,94,14.27127328,303,Good,0,2444,4324.19580384
Orange,24,95,14.91822038,371,Bad,1,2280,5534.65976098
Tomato,26,94,6.613669965,394,Good,0,2444,2605.78596621
Pineapple,22,85,12.48027818,334,Good,0,1870,4168.41291212
Banana,26,95,17.30998858,316,Good,0,2470,5469.9563912799995
Orange,23,95,15.25176672,365,Bad,1,2185,5566.8948528
Pineapple,22,95,12.83585424,322,Good,0,2090,4133.1450652799995
Pineapple,23,95,13.49869706,346,Good,0,2185,4670.54918276
Orange,22,95,8.775098629,178,Good,0,2090,1561.967555962
Tomato,24,89,13.57421101,385,Good,0,2136,5226.071238850001
Pineapple,23,95,13.27441976,359,Good,0,2185,4765.51669384
Pineapple,25,95,10.76627794,288,Bad,1,2375,3100.68804672
Banana,25,88,19.42099897,379,Good,0,2200,7360.558609629999
Orange,23,95,19.74258151,356,Bad,1,2185,7028.35901756
Orange,24,95,14.75399666,395,Bad,1,2280,5827.8286807
Orange,24,95,15.08413665,383,Bad,1,2280,5777.22433695
Tomato,25,95,15.67848238,316,Bad,1,2375,4954.40043208
Orange,22,95,7.358649263,359,Good,0,2090,2641.755085417
Banana,24,86,13.49869706,338,Good,0,2064,4562.55960628
Orange,22,95,6.698275399,245,Good,0,2090,1641.077472755
Orange,23,95,14.67251295,386,Bad,1,2185,5663.5899987
Orange,22,95,7.358649263,350,Good,0,2090,2575.52724205
Tomato,25,95,15.76515749,316,Bad,1,2375,4981.78976684
Orange,23,95,14.83589827,433,Bad,1,2185,6423.943950909999
Orange,23,95,15.67848238,257,Bad,1,2185,4029.36997166
Orange,24,85,4.47356027,329,Good,0,2040,1471.80132883
Orange,24,95,15.08413665,372,Bad,1,2280,5611.2988338
Banana,24,95,18.7933463,261,Bad,1,2280,4905.0633843
Tomato,25,95,12.90803823,366,Bad,1,2375,4724.3419921800005
Pineapple,25,95,11.07916988,297,Bad,1,2375,3290.51345436
Orange,24,95,14.91822038,400,Bad,1,2280,5967.288152
Banana,24,95,16.65717174,255,Bad,1,2280,4247.5787937
Banana,25,86,12.55068787,339,Good,0,2150,4254.683187930001
Pineapple,23,95,13.12676612,360,Good,0,2185,4725.6358032
Banana,24,95,12.34050263,254,Bad,1,2280,3134.48766802
Banana,26,90,19.10462223,375,Good,0,2340,7164.23333625
Orange,22,95,8.465927903,175,Good,0,2090,1481.537383025
Orange,22,95,7.542720421,351,Good,0,2090,2647.494867771
Pineapple,23,85,12.69256136,348,Good,0,1955,4417.01135328
Pineapple,25,95,10.95309884,326,Bad,1,2375,3570.7102218399996
Banana,24,95,16.84124175,250,Bad,1,2280,4210.310437499999
Banana,25,86,12.69256136,338,Good,0,2150,4290.085739679999
Orange,22,95,8.827487661,388,Good,0,2090,3425.0652124679996
Banana,24,95,16.65717174,248,Bad,1,2280,4130.97859152
Pineapple,24,95,11.53023895,428,Bad,1,2280,4934.9422706
Tomato,24,93,10.89052217,386,Good,0,2232,4203.74155762
Pineapple,25,95,10.95309884,294,Bad,1,2375,3220.2110589599997
Orange,22,95,4.904260592,329,Good,0,2090,1613.501734768
Pineapple,23,93,12.76402932,347,Good,0,2139,4429.11817404
Banana,24,95,14.83589827,265,Bad,1,2280,3931.51304155
Banana,26,90,19.85095108,300,Good,0,2340,5955.285324
Pineapple,24,95,14.1136139,324,Good,0,2280,4572.8109036000005
Orange,24,95,15.16773612,452,Bad,1,2280,6855.81672624
Orange,22,95,8.415248038,174,Good,0,2090,1464.2531586119999
Tomato,27,74,8.415248038,400,Good,0,1998,3366.0992152
Tomato,23,92,9.587732994,366,Good,0,2116,3509.1102758039997
Orange,23,95,9.201267821,387,Good,0,2185,3560.890646727
Orange,23,95,14.83589827,425,Bad,1,2185,6305.25676475
Tomato,24,90,12.41021712,333,Good,0,2160,4132.60230096
Pineapple,23,95,12.83585424,353,Good,0,2185,4531.0565467199995
Orange,23,95,14.91822038,377,Bad,1,2185,5624.16908326
Orange,23,95,8.364807255,164,Good,0,2185,1371.82838982
Orange,23,95,16.02789778,249,Bad,1,2185,3990.94654722
Banana,24,95,12.83585424,249,Bad,1,2280,3196.12770576
Tomato,26,92,6.529850053,393,Good,0,2392,2566.2310708289997
Tomato,23,89,8.264637967,315,Good,0,2047,2603.360959605
Orange,23,95,8.671063387,392,Good,0,2185,3399.056847704
Pineapple,23,95,12.41021712,333,Good,0,2185,4132.60230096
Banana,25,86,13.88010234,349,Good,0,2150,4844.1557166600005
Tomato,26,91,6.913276429,403,Good,0,2366,2786.050400887
Orange,23,95,6.529850053,255,Good,0,2185,1665.111763515
Orange,23,95,16.29477154,244,Bad,1,2185,3975.92425576
Orange,22,95,6.48823229,249,Good,0,2090,1615.56984021
Pineapple,22,95,12.83585424,330,Good,0,2090,4235.8318991999995
Orange,23,95,15.42113219,251,Bad,1,2185,3870.70417969
Pineapple,23,94,12.62144823,351,Good,0,2162,4430.12832873
Tomato,23,89,6.783674055,284,Good,0,2047,1926.5634316199998
Orange,22,95,8.671063387,377,Good,0,2090,3268.9908968990003
Orange,22,95,6.698275399,326,Good,0,2090,2183.637780074
Pineapple,25,95,11.33503171,319,Bad,1,2375,3615.87511549
Pineapple,24,95,10.22184745,437,Bad,1,2280,4466.94733565
Tomato,24,89,13.72638492,413,Good,0,2136,5668.996971959999
Pineapple,24,95,14.1136139,299,Good,0,2280,4219.9705561
Pineapple,25,95,10.64323454,292,Bad,1,2375,3107.82448568
Orange,22,94,5.733232642,356,Good,0,2068,2041.030820552
Tomato,23,89,7.313168177,289,Good,0,2047,2113.505603153
Tomato,26,94,6.571662296,390,Good,0,2444,2562.94829544
Pineapple,25,95,12.98058343,413,Bad,1,2375,5360.98095659
Tomato,24,95,16.20534945,346,Bad,1,2280,5607.0509097
Orange,22,95,7.969740423,366,Good,0,2090,2916.924994818
Banana,24,95,17.69401633,254,Bad,1,2280,4494.28014782
Tomato,22,91,10.70460698,357,Good,0,2002,3821.5446918599996
Tomato,24,95,12.27113269,369,Good,0,2280,4528.04796261
Pineapple,25,95,11.14266773,292,Bad,1,2375,3253.6589771599997
Pineapple,25,95,11.59594835,342,Bad,1,2375,3965.8143357000004
Orange,22,95,8.364807255,169,Good,0,2090,1413.652426095
Tomato,24,89,8.165410187,291,Good,0,2136,2376.134364417
Banana,26,95,15.42113219,308,Good,0,2470,4749.70871452
Orange,23,95,16.93400512,256,Bad,1,2185,4335.10531072
Tomato,23,88,7.921396405,290,Good,0,2024,2297.20495745
Tomato,23,92,10.28117628,358,Good,0,2116,3680.66110824
Banana,26,90,19.10462223,382,Good,0,2340,7297.96569186
Orange,22,95,8.933015125,187,Good,0,2090,1670.473828375
Pineapple,23,95,12.55068787,322,Good,0,2185,4041.32149414
Tomato,24,95,16.02789778,344,Bad,1,2280,5513.59683632
Pineapple,23,95,12.20210529,322,Good,0,2185,3929.07790338
Orange,24,95,16.20534945,408,Bad,1,2280,6611.7825756
Orange,22,95,7.404343951,359,Good,0,2090,2658.1594784090003
Orange,24,95,15.08413665,393,Bad,1,2280,5928.06570345
Tomato,25,95,13.3488037,363,Bad,1,2375,4845.6157431
Tomato,24,95,15.50647254,375,Bad,1,2280,5814.9272025
Orange,22,95,7.496378442,301,Good,0,2090,2256.409911042
Pineapple,25,95,10.95309884,315,Bad,1,2375,3450.2261345999996
Pineapple,25,95,11.39978246,444,Bad,1,2375,5061.50341224
Banana,26,95,15.50647254,309,Good,0,2470,4791.50001486
Orange,23,95,14.67251295,375,Bad,1,2185,5502.19235625
Tomato,24,94,11.14266773,378,Good,0,2256,4211.92840194
Tomato,24,76,16.65717174,459,Good,0,1824,7645.641828659999
Tomato,24,95,16.56585884,357,Bad,1,2280,5914.01160588
Tomato,23,90,12.69256136,328,Good,0,2070,4163.16012608
Tomato,24,95,14.75399666,315,Bad,1,2280,4647.5089479
Banana,25,85,13.80304952,345,Good,0,2125,4762.0520844
Banana,25,95,16.11639251,274,Bad,1,2375,4415.8915477400005
Tomato,25,95,15.85228317,309,Bad,1,2375,4898.35549953
Orange,22,95,4.938486566,345,Good,0,2090,1703.77786527
Tomato,22,92,10.28117628,360,Good,0,2024,3701.2234608000003
Pineapple,25,95,11.27059687,293,Bad,1,2375,3302.2848829100003
Banana,24,95,17.98744479,256,Bad,1,2280,4604.78586624
Tomato,25,95,15.25176672,378,Bad,1,2375,5765.167820160001
Orange,23,95,16.29477154,259,Bad,1,2185,4220.3458288599995
Banana,24,95,16.74896501,249,Bad,1,2280,4170.492287489999
Pineapple,25,95,10.04556771,445,Bad,1,2375,4470.2776309500005
Orange,23,95,15.25176672,221,Bad,1,2185,3370.64044512
Orange,23,95,16.29477154,264,Bad,1,2185,4301.81968656
Orange,23,95,20.06947764,356,Bad,1,2185,7144.734039839999
Orange,22,95,7.044707922,344,Good,0,2090,2423.379525168
Tomato,24,88,10.76627794,246,Good,0,2112,2648.50437324
Tomato,24,95,16.56585884,360,Bad,1,2280,5963.7091824
Banana,26,90,19.31496687,393,Good,0,2340,7590.78197991
Orange,22,95,4.836285621,345,Good,0,2090,1668.518539245
Orange,23,95,19.74258151,341,Bad,1,2185,6732.22029491
Banana,24,95,17.59724365,258,Bad,1,2280,4540.0888617
Orange,22,85,8.722957641,377,Good,0,1870,3288.5550306570003
Pineapple,23,82,12.62144823,335,Good,0,1886,4228.18515705
Pineapple,25,95,9.987371503,299,Bad,1,2375,2986.224079397
Orange,22,95,6.405576451,250,Good,0,2090,1601.39411275
Orange,23,95,15.00096563,216,Bad,1,2185,3240.20857608
Pineapple,23,82,12.69256136,332,Good,0,1886,4213.930371519999
Pineapple,23,95,12.55068787,317,Good,0,2185,3978.56805479
Orange,23,95,16.65717174,257,Bad,1,2185,4280.89313718
Pineapple,25,95,12.90803823,406,Bad,1,2375,5240.66352138
Pineapple,22,95,13.57421101,332,Good,0,2090,4506.638055320001
Pineapple,23,95,12.41021712,335,Good,0,2185,4157.4227352
Orange,22,95,5.007419045,349,Good,0,2090,1747.5892467049998
Orange,23,95,16.20534945,264,Bad,1,2185,4278.2122548
Orange,22,95,4.836285621,341,Good,0,2090,1649.173396761
Orange,23,95,16.47502321,256,Bad,1,2185,4217.60594176
Tomato,24,95,15.59225501,378,Bad,1,2280,5893.8723937800005
Pineapple,24,95,14.35070581,328,Good,0,2280,4707.03150568
Pineapple,25,95,9.987371503,295,Bad,1,2375,2946.274593385
Orange,24,95,19.31496687,272,Bad,1,2280,5253.670988639999
Orange,22,95,8.827487661,379,Good,0,2090,3345.6178235189996
Tomato,23,89,8.31460431,308,Good,0,2047,2560.89812748
Tomato,24,89,13.42356205,398,Good,0,2136,5342.5776958999995
Orange,24,95,15.50647254,459,Bad,1,2280,7117.47089586
Orange,24,95,15.25176672,382,Bad,1,2280,5826.174887040001
Orange,22,95,7.133358572,358,Good,0,2090,2553.7423687759997
Pineapple,24,95,14.51078894,404,Bad,1,2280,5862.3587317599995
Orange,23,95,15.00096563,406,Bad,1,2185,6090.3920457799995
Orange,22,95,4.47356027,351,Good,0,2090,1570.21965477
Pineapple,25,95,10.95309884,310,Bad,1,2375,3395.4606403999996
Pineapple,23,95,12.69256136,332,Good,0,2185,4213.930371519999
Pineapple,25,95,10.89052217,301,Bad,1,2375,3278.04717317
Tomato,26,88,7.358649263,410,Good,0,2288,3017.04619783
Pineapple,23,81,12.62144823,342,Good,0,1863,4316.535294660001
Banana,24,95,16.93400512,244,Bad,1,2280,4131.897249279999
Banana,26,95,17.30998858,310,Good,0,2470,5366.0964598
Orange,23,95,15.33623116,253,Bad,1,2185,3880.06648348
Pineapple,25,95,10.04556771,307,Bad,1,2375,3083.98928697
Pineapple,23,84,12.62144823,339,Good,0,1932,4278.67094997
Tomato,25,95,13.20040797,380,Bad,1,2375,5016.1550286
Pineapple,25,95,9.700549236,306,Bad,1,2375,2968.368066216
Orange,23,95,4.870193845,341,Good,0,2185,1660.736101145
Tomato,23,92,10.46089174,362,Good,0,2116,3786.8428098799995
Pineapple,25,95,10.89052217,304,Bad,1,2375,3310.71873968
Tomato,25,95,14.19224347,372,Bad,1,2375,5279.51457084
Banana,24,95,13.42356205,260,Bad,1,2280,3490.1261329999998
Tomato,23,91,10.58215896,346,Good,0,2093,3661.42700016
Orange,21,94,8.415248038,372,Good,0,1974,3130.4722701359997
Pineapple,25,95,10.10404473,297,Bad,1,2375,3000.90128481
Banana,26,90,19.20950925,377,Good,0,2340,7241.98498725
Tomato,23,94,11.33503171,390,Good,0,2162,4420.6623669
Tomato,24,95,12.41021712,363,Good,0,2280,4504.90881456
Pineapple,22,91,12.83585424,316,Good,0,2002,4056.12993984
Pineapple,24,95,14.19224347,300,Good,0,2280,4257.673041
Banana,26,95,15.33623116,310,Good,0,2470,4754.2316596
Pineapple,22,95,12.98058343,342,Good,0,2090,4439.35953306
Orange,22,95,4.904260592,347,Good,0,2090,1701.778425424
Banana,25,87,13.88010234,337,Good,0,2175,4677.59448858
Pineapple,25,95,12.55068787,447,Bad,1,2375,5610.15747789
Tomato,26,88,7.267899623,409,Good,0,2288,2972.570945807
Tomato,24,95,12.90803823,379,Bad,1,2280,4892.146489170001
Tomato,23,91,8.364807255,369,Good,0,2093,3086.613877095
Banana,25,89,20.40179801,298,Good,0,2225,6079.73580698
Orange,22,95,7.267899623,305,Good,0,2090,2216.709385015
Banana,25,86,13.49869706,352,Good,0,2150,4751.54136512
Tomato,23,95,11.66198098,348,Good,0,2185,4058.3693810399996
Banana,26,90,19.31496687,389,Good,0,2340,7513.52211243
Pineapple,22,95,12.55068787,343,Good,0,2090,4304.88593941
Tomato,24,89,13.80304952,413,Good,0,2136,5700.65945176
Tomato,24,95,13.12676612,298,Bad,1,2280,3911.77630376
Pineapple,22,89,12.69256136,336,Good,0,1958,4264.70061696
Orange,24,95,15.00096563,386,Bad,1,2280,5790.37273318
Orange,22,95,6.655874013,260,Good,0,2090,1730.52724338
Banana,26,95,12.90803823,303,Good,0,2470,3911.13558369
Pineapple,25,95,10.22184745,308,Bad,1,2375,3148.3290146
Tomato,25,95,15.59225501,320,Bad,1,2375,4989.5216032
Tomato,25,95,15.93986231,317,Bad,1,2375,5052.9363522700005
Orange,23,95,14.51078894,214,Bad,1,2185,3105.3088331599997
Tomato,23,87,6.364536513,289,Good,0,2001,1839.351052257
Banana,24,95,13.72638492,256,Bad,1,2280,3513.95453952
Orange,22,95,7.044707922,355,Good,0,2090,2500.87131231
Pineapple,25,95,11.27059687,317,Bad,1,2375,3572.7792077900003
Tomato,23,92,9.700549236,358,Good,0,2116,3472.796626488
Banana,24,95,12.48027818,253,Bad,1,2280,3157.51037954
Orange,22,95,8.986156218,386,Good,0,2090,3468.656300148
Banana,24,95,18.08630257,254,Bad,1,2280,4593.92085278
Orange,23,95,14.83589827,371,Bad,1,2185,5504.1182581699995
Orange,24,95,16.02789778,256,Bad,1,2280,4103.14183168
Tomato,27,71,9.531728808,155,Good,0,1917,1477.41796524
Tomato,22,94,13.57421101,355,Good,0,2068,4818.844908550001
Pineapple,25,95,13.72638492,405,Bad,1,2375,5559.1858925999995
Orange,23,95,15.67848238,450,Bad,1,2185,7055.317071
Tomato,25,95,13.12676612,381,Bad,1,2375,5001.29789172
Banana,24,95,19.42099897,303,Bad,1,2280,5884.56268791
Tomato,23,89,7.636059339,298,Good,0,2047,2275.545683022
Pineapple,25,95,11.66198098,421,Bad,1,2375,4909.69399258
Tomato,23,92,10.16280412,358,Good,0,2116,3638.28387496
Banana,26,90,18.69070341,389,Good,0,2340,7270.68362649
Tomato,23,92,13.65010619,325,Good,0,2116,4436.28451175
Tomato,25,95,15.42113219,402,Bad,1,2375,6199.29514038
Tomato,23,89,7.589280351,297,Good,0,2047,2254.016264247
Orange,23,95,4.836285621,328,Good,0,2185,1586.301683688
Tomato,26,91,6.956882353,394,Good,0,2366,2741.011647082
Pineapple,25,95,12.62144823,410,Bad,1,2375,5174.7937743
Pineapple,23,91,12.76402932,336,Good,0,2093,4288.71385152
Banana,24,86,13.65010619,341,Good,0,2064,4654.686210790001
Orange,24,95,15.25176672,392,Bad,1,2280,5978.69255424
Pineapple,25,95,11.72833871,413,Bad,1,2375,4843.803887229999
Orange,22,95,7.777721829,290,Good,0,2090,2255.53933041
Pineapple,23,95,12.83585424,341,Good,0,2185,4377.02629584
Banana,24,95,17.21524677,258,Bad,1,2280,4441.53366666
Orange,23,95,15.85228317,253,Bad,1,2185,4010.62764201
Orange,23,95,6.48823229,249,Good,0,2185,1615.56984021
Orange,22,95,4.538130868,334,Good,0,2090,1515.735709912
Banana,25,86,12.48027818,339,Good,0,2150,4230.81430302
Tomato,23,91,13.05349201,330,Good,0,2093,4307.6523633
Pineapple,24,95,14.03538213,316,Good,0,2280,4435.18075308
Tomato,26,93,6.48823229,402,Good,0,2418,2608.26938058
Pineapple,22,95,13.12676612,336,Good,0,2090,4410.59341632
Pineapple,22,95,12.98058343,341,Good,0,2090,4426.37894963
Tomato,23,92,10.70460698,354,Good,0,2116,3789.43087092
Tomato,26,94,6.655874013,399,Good,0,2444,2655.693731187
Orange,23,95,4.938486566,346,Good,0,2185,1708.716351836
Tomato,23,92,10.40069682,358,Good,0,2116,3723.44946156
Tomato,23,92,11.07916988,350,Good,0,2116,3877.7094580000003
Orange,22,95,7.921396405,366,Good,0,2090,2899.2310842300003
Banana,25,88,19.31496687,398,Good,0,2200,7687.35681426
Tomato,23,89,7.777721829,296,Good,0,2047,2302.205661384
Tomato,23,89,8.018312629,296,Good,0,2047,2373.420538184
Tomato,23,89,8.264637967,309,Good,0,2047,2553.773131803
Banana,25,89,20.62641439,297,Good,0,2225,6126.045073830001
Tomato,23,88,7.589280351,291,Good,0,2024,2208.480582141
Tomato,24,88,10.58215896,246,Good,0,2112,2603.2111041599996
Orange,23,95,15.93986231,256,Bad,1,2185,4080.60475136
Banana,26,95,17.30998858,312,Good,0,2470,5400.71643696
Orange,24,95,18.48706888,263,Bad,1,2280,4862.09911544
Banana,26,94,14.1136139,300,Good,0,2444,4234.08417
Pineapple,25,95,11.72833871,439,Bad,1,2375,5148.74069369
Pineapple,25,95,10.10404473,309,Bad,1,2375,3122.14982157
Tomato,23,93,11.33503171,387,Good,0,2139,4386.65727177
Banana,26,90,19.20950925,383,Good,0,2340,7357.24204275
Banana,24,95,16.74896501,253,Bad,1,2280,4237.48814753
Tomato,24,95,16.56585884,363,Bad,1,2280,6013.40675892
Orange,22,95,7.683058499,299,Good,0,2090,2297.2344912010003
Tomato,23,88,6.956882353,286,Good,0,2024,1989.668352958
Pineapple,25,95,5.695315198,399,Bad,1,2375,2272.430764002
Pineapple,25,95,11.20647613,317,Bad,1,2375,3552.45293321
Tomato,23,89,7.777721829,292,Good,0,2047,2271.094774068
Pineapple,23,95,12.55068787,324,Good,0,2185,4066.4228698800002
Banana,24,95,12.69256136,252,Bad,1,2280,3198.5254627199997
Tomato,24,90,12.62144823,338,Good,0,2160,4266.04950174
Tomato,25,95,15.76515749,319,Bad,1,2375,5029.08523931
Pineapple,25,95,11.72833871,365,Bad,1,2375,4280.843629149999
Tomato,23,87,6.242557594,286,Good,0,2001,1785.371471884
Orange,23,95,6.529850053,248,Good,0,2185,1619.402813144
Orange,23,95,8.165410187,176,Good,0,2185,1437.1121929120002
Banana,25,86,13.20040797,349,Good,0,2150,4606.942381530001
Tomato,23,89,7.267899623,286,Good,0,2047,2078.619292178
Orange,23,95,15.42113219,257,Bad,1,2185,3963.23097283
Pineapple,25,95,11.27059687,323,Bad,1,2375,3640.40278901
Tomato,25,95,16.11639251,382,Bad,1,2375,6156.46193882
Tomato,25,95,15.50647254,396,Bad,1,2375,6140.56312584
Orange,23,95,4.870193845,353,Good,0,2185,1719.178427285
Banana,26,90,20.40179801,302,Good,0,2340,6161.34299902
Orange,22,95,7.000692513,345,Good,0,2090,2415.238916985
Banana,26,90,19.10462223,390,Good,0,2340,7450.8026697000005
Banana,25,87,18.69070341,395,Good,0,2175,7382.82784695
Tomato,23,89,13.05349201,336,Good,0,2047,4385.97331536
Tomato,26,94,6.613669965,398,Good,0,2444,2632.24064607
Orange,22,95,8.0671142,177,Good,0,2090,1427.8792134
Tomato,23,93,11.53023895,354,Good,0,2139,4081.7045882999996
Tomato,25,95,15.25176672,389,Bad,1,2375,5932.9372540800005
Banana,25,87,12.34050263,344,Good,0,2175,4245.13290472
Pineapple,24,95,14.19224347,321,Good,0,2280,4555.71015387
Orange,23,95,8.933015125,195,Good,0,2185,1741.9379493750002
Orange,23,95,8.933015125,194,Good,0,2185,1733.0049342500001
Pineapple,23,95,12.83585424,348,Good,0,2185,4466.87727552
Tomato,25,95,7.683058499,200,Good,0,2375,1536.6116998
Orange,23,87,16.20534945,256,Bad,1,2001,4148.5694592
Tomato,24,90,12.69256136,333,Good,0,2160,4226.62293288
Orange,23,95,15.08413665,414,Bad,1,2185,6244.8325730999995
Pineapple,25,95,11.862037,296,Bad,1,2375,3511.162952
Orange,24,95,16.20534945,256,Bad,1,2280,4148.5694592
Orange,22,95,8.465927903,181,Good,0,2090,1532.332950443
Banana,24,95,12.83585424,251,Bad,1,2280,3221.79941424
Orange,23,95,19.42099897,361,Bad,1,2185,7010.980628169999
Tomato,23,89,8.116146322,292,Good,0,2047,2369.914726024
Tomato,24,89,12.98058343,394,Good,0,2136,5114.3498714199995
Pineapple,25,95,9.929454577,313,Bad,1,2375,3107.919282601
Tomato,25,93,6.48823229,396,Good,0,2325,2569.33998684
Tomato,24,76,17.21524677,463,Good,0,1824,7970.65925451
Banana,24,95,18.38606989,253,Bad,1,2280,4651.67568217
Banana,24,95,19.20950925,298,Bad,1,2280,5724.4337565
Banana,24,88,15.33623116,316,Good,0,2112,4846.24904656
Orange,23,95,15.00096563,217,Bad,1,2185,3255.20954171
Pineapple,23,95,12.69256136,351,Good,0,2185,4455.08903736
Tomato,25,95,16.47502321,355,Bad,1,2375,5848.63323955
Banana,24,95,12.76402932,252,Bad,1,2280,3216.5353886400003
Orange,24,95,14.83589827,367,Bad,1,2280,5444.77466509
Banana,26,94,15.25176672,304,Good,0,2444,4636.5370828800005
Tomato,23,89,7.730278953,298,Good,0,2047,2303.623127994
Banana,26,90,19.74258151,391,Good,0,2340,7719.34937041
Tomato,25,95,7.683058499,201,Good,0,2375,1544.294758299
Tomato,25,95,14.51078894,374,Bad,1,2375,5427.03506356
Pineapple,25,95,10.04556771,296,Bad,1,2375,2973.48804216
Orange,23,95,8.88012605,192,Good,0,2185,1704.9842015999998
Tomato,23,87,6.283027997,290,Good,0,2001,1822.0781191299998
Pineapple,23,84,12.69256136,331,Good,0,1932,4201.23781016
Tomato,23,92,10.40069682,353,Good,0,2116,3671.44597746
Orange,24,95,19.31496687,267,Bad,1,2280,5157.0961542899995
Pineapple,24,95,12.20210529,415,Bad,1,2280,5063.87369535
Tomato,23,89,7.404343951,287,Good,0,2047,2125.0467139370003
Pineapple,25,95,10.52137857,450,Bad,1,2375,4734.6203565
Orange,24,95,16.38466179,254,Bad,1,2280,4161.70409466
Pineapple,23,95,12.76402932,345,Good,0,2185,4403.5901154
Orange,22,95,7.542720421,300,Good,0,2090,2262.8161263
Orange,21,94,8.165410187,369,Good,0,1974,3013.036359003
Tomato,25,95,14.43054353,380,Bad,1,2375,5483.6065413999995
Orange,23,95,19.63480231,362,Bad,1,2185,7107.79843622
Pineapple,24,95,14.27127328,325,Good,0,2280,4638.163816
Orange,22,95,6.162179985,247,Good,0,2090,1522.058456295
Orange,22,95,4.47356027,346,Good,0,2090,1547.85185342
Pineapple,24,95,11.01598084,414,Bad,1,2280,4560.61606776
Tomato,24,95,14.75399666,312,Bad,1,2280,4603.24695792
Banana,26,90,19.52760946,375,Good,0,2340,7322.8535475
Pineapple,22,92,12.83585424,321,Good,0,2024,4120.30921104
Orange,22,95,4.603308323,344,Good,0,2090,1583.5380631120001
Tomato,23,92,10.28117628,363,Good,0,2116,3732.06698964
Banana,25,87,14.59144457,322,Good,0,2175,4698.44515154
Tomato,24,88,10.58215896,240,Good,0,2112,2539.7181504
Pineapple,23,87,12.76402932,345,Good,0,2001,4403.5901154
Orange,22,95,6.571662296,256,Good,0,2090,1682.345547776
Orange,22,95,4.735505087,299,Good,0,2090,1415.916021013
Tomato,24,95,14.83589827,372,Bad,1,2280,5518.95415644
Orange,24,95,14.67251295,416,Bad,1,2280,6103.7653872
Orange,23,95,14.83589827,377,Bad,1,2185,5593.1336477899995
Orange,22,95,6.446808067,243,Good,0,2090,1566.574360281
Tomato,23,89,7.636059339,295,Good,0,2047,2252.637505005
Orange,23,95,19.95991509,363,Bad,1,2185,7245.44917767
Orange,24,95,14.59144457,383,Bad,1,2280,5588.52327031
Pineapple,24,95,13.95754575,317,Good,0,2280,4424.5420027499995
Orange,22,95,6.48823229,252,Good,0,2090,1635.03453708
Banana,26,94,14.91822038,304,Good,0,2444,4535.13899552
Orange,22,95,8.165410187,172,Good,0,2090,1404.450552164
Pineapple,25,95,11.46485093,413,Bad,1,2375,4734.983434090001
Pineapple,25,95,12.98058343,400,Bad,1,2375,5192.233372
Tomato,23,93,11.27059687,354,Good,0,2139,3989.79129198
Orange,23,95,4.735505087,330,Good,0,2185,1562.71667871
Tomato,24,95,12.13341843,292,Bad,1,2280,3542.9581815600004
Pineapple,22,95,12.69256136,322,Good,0,2090,4087.0047579199995
Pineapple,23,95,12.90803823,340,Good,0,2185,4388.7329982
Tomato,22,92,9.644005982,361,Good,0,2024,3481.4861595019997
Orange,23,95,19.95991509,349,Bad,1,2185,6966.01036641
Orange,23,95,14.75399666,247,Bad,1,2185,3644.23717502
Orange,22,95,6.48823229,257,Good,0,2090,1667.47569853
Orange,22,95,8.986156218,178,Good,0,2090,1599.535806804
Tomato,24,93,11.39978246,368,Good,0,2232,4195.11994528
Banana,26,94,15.33623116,305,Good,0,2444,4677.5505038
Orange,24,95,14.67251295,380,Bad,1,2280,5575.554921
Pineapple,25,95,10.04556771,312,Bad,1,2375,3134.21712552
Banana,24,90,16.47502321,318,Good,0,2160,5239.05738078
Pineapple,25,95,4.802535216,439,Bad,1,2375,2108.312959824
Pineapple,22,95,12.62144823,341,Good,0,2090,4303.91384643
Orange,24,95,14.91822038,395,Bad,1,2280,5892.6970501
Pineapple,22,95,13.42356205,345,Good,0,2090,4631.128907249999
Orange,23,95,19.63480231,352,Bad,1,2185,6911.45041312
Tomato,23,90,13.27441976,338,Good,0,2070,4486.75387888
Orange,24,95,15.33623116,370,Bad,1,2280,5674.4055292
Banana,26,94,15.50647254,302,Good,0,2444,4682.95470708
Banana,25,86,13.88010234,333,Good,0,2150,4622.07407922
Tomato,24,95,11.92938136,291,Bad,1,2280,3471.44997576
Orange,23,95,14.91822038,435,Bad,1,2185,6489.4258653
Orange,23,95,8.516848104,168,Good,0,2185,1430.830481472
Tomato,24,95,14.43054353,426,Good,0,2280,6147.41154378
Banana,26,90,19.85095108,390,Good,0,2340,7741.8709212
Tomato,23,92,10.22184745,357,Good,0,2116,3649.19953965
Banana,24,95,18.69070341,252,Bad,1,2280,4710.05725932
Tomato,23,91,13.3488037,321,Good,0,2093,4284.9659876999995
Pineapple,22,83,12.48027818,330,Good,0,1826,4118.491799400001
Banana,25,95,14.83589827,264,Bad,1,2375,3916.6771432799997
Tomato,23,89,12.69256136,336,Good,0,2047,4264.70061696
Orange,22,95,5.007419045,294,Good,0,2090,1472.18119923
Tomato,25,93,6.698275399,400,Good,0,2325,2679.3101596
Orange,22,86,7.000692513,259,Good,0,1892,1813.179360867
Tomato,24,95,16.47502321,358,Bad,1,2280,5898.05830918
Orange,22,95,5.886678992,353,Good,0,2090,2077.997684176
Tomato,26,93,6.446808067,389,Good,0,2418,2507.808338063
Tomato,25,95,15.42113219,395,Bad,1,2375,6091.34721505
Orange,22,95,6.956882353,360,Good,0,2090,2504.47764708
Pineapple,23,95,12.98058343,351,Good,0,2185,4556.18478393
Tomato,24,95,12.98058343,304,Bad,1,2280,3946.0973627199996
Tomato,23,89,12.83585424,353,Good,0,2047,4531.0565467199995
Banana,26,95,14.19224347,306,Good,0,2470,4342.82650182
Orange,23,95,6.783674055,250,Good,0,2185,1695.9185137499999
Pineapple,25,95,9.814452454,318,Bad,1,2375,3120.9958803719996
Tomato,25,95,15.50647254,308,Bad,1,2375,4775.99354232
Orange,23,95,19.74258151,274,Bad,1,2185,5409.46733374
Tomato,24,94,10.76627794,379,Good,0,2256,4080.41933926
Tomato,23,88,7.000692513,291,Good,0,2024,2037.201521283
Orange,22,95,6.202275223,279,Good,0,2090,1730.434787217
Tomato,24,95,16.47502321,351,Bad,1,2280,5782.73314671
Orange,23,83,4.409591293,331,Good,0,1909,1459.574717983
Pineapple,24,95,14.91822038,405,Bad,1,2280,6041.8792539
Pineapple,25,95,10.10404473,293,Bad,1,2375,2960.48510589
Orange,23,95,15.42113219,459,Bad,1,2185,7078.29967521
Tomato,24,95,12.13341843,289,Bad,1,2280,3506.5579262700003
Orange,22,95,7.496378442,300,Good,0,2090,2248.9135326
Banana,26,95,16.93400512,314,Good,0,2470,5317.277607679999
Pineapple,25,95,11.39978246,452,Bad,1,2375,5152.70167192
Orange,22,95,7.000692513,344,Good,0,2090,2408.2382244719997
Orange,23,95,16.02789778,257,Bad,1,2185,4119.16972946
Tomato,25,95,12.69256136,306,Bad,1,2375,3883.9237761599998
Tomato,25,95,13.12676612,373,Bad,1,2375,4896.283762759999
Pineapple,24,95,14.27127328,336,Good,0,2280,4795.14782208
Orange,23,95,19.95991509,341,Bad,1,2185,6806.33104569
Tomato,25,95,15.33623116,405,Bad,1,2375,6211.1736198
Orange,24,95,18.89654455,259,Bad,1,2280,4894.205038450001
Orange,23,95,8.619414571,170,Good,0,2185,1465.30047707
Banana,26,90,20.62641439,393,Good,0,2340,8106.18085527
Orange,22,95,8.775098629,191,Good,0,2090,1676.0438381390002
Banana,26,90,19.63480231,389,Good,0,2340,7637.938098590001
Banana,26,95,17.40523312,315,Good,0,2470,5482.6484328
Orange,23,95,8.364807255,178,Good,0,2185,1488.93569139
Pineapple,23,95,12.69256136,321,Good,0,2185,4074.31219656
Tomato,25,95,15.76515749,386,Bad,1,2375,6085.35079114
Tomato,25,95,13.20040797,369,Bad,1,2375,4870.95054093
Banana,26,90,19.20950925,402,Good,0,2340,7722.2227185
Tomato,24,90,12.83585424,327,Good,0,2160,4197.32433648
Tomato,24,95,16.47502321,353,Bad,1,2280,5815.68319313
Orange,23,95,15.50647254,251,Bad,1,2185,3892.1246075400004
Tomato,25,95,12.90803823,385,Bad,1,2375,4969.59471855
Orange,22,95,6.740875089,267,Good,0,2090,1799.813648763
Orange,22,95,6.162179985,246,Good,0,2090,1515.89627631
Pineapple,24,95,14.1136139,309,Good,0,2280,4361.1066951
Tomato,23,89,10.58215896,357,Good,0,2047,3777.8307487199995
Pineapple,25,95,9.814452454,351,Bad,1,2375,3444.8728113539996
Orange,23,95,14.51078894,385,Bad,1,2185,5586.6537419
Tomato,23,90,15.42113219,349,Good,0,2070,5381.97513431
Pineapple,25,95,11.59594835,415,Bad,1,2375,4812.318565250001
Tomato,25,95,12.76402932,305,Bad,1,2375,3893.0289426000004
Orange,22,95,7.921396405,176,Good,0,2090,1394.16576728
Orange,23,95,16.29477154,248,Bad,1,2185,4041.10334192
Orange,23,95,14.67251295,373,Bad,1,2185,5472.8473303499995
Tomato,23,92,10.58215896,358,Good,0,2116,3788.4129076799995
Pineapple,24,95,14.1136139,323,Good,0,2280,4558.6972897000005
Banana,24,95,12.76402932,249,Bad,1,2280,3178.24330068
Banana,24,88,14.75399666,320,Good,0,2112,4721.2789312
Pineapple,23,95,12.13341843,331,Good,0,2185,4016.1615003300003
Tomato,23,89,7.730278953,294,Good,0,2047,2272.702012182
Tomato,25,95,13.27441976,365,Bad,1,2375,4845.163212400001
Tomato,25,95,15.67848238,319,Bad,1,2375,5001.43587922
Orange,22,95,6.869873736,270,Good,0,2090,1854.8659087199999
Pineapple,25,95,10.22184745,362,Bad,1,2375,3700.3087769
Pineapple,25,95,12.20210529,411,Bad,1,2375,5015.06527419
Banana,24,95,17.30998858,260,Bad,1,2280,4500.5970308
Tomato,23,89,13.05349201,327,Good,0,2047,4268.49188727
Banana,25,89,19.63480231,383,Good,0,2225,7520.12928473
Tomato,23,91,8.264637967,361,Good,0,2093,2983.534306087
Pineapple,25,95,11.72833871,351,Bad,1,2375,4116.6468872099995
Banana,26,94,15.00096563,311,Good,0,2444,4665.30031093
Orange,22,95,9.420521035,186,Good,0,2090,1752.21691251
Banana,24,95,16.84124175,248,Bad,1,2280,4176.627954
Orange,23,95,4.938486566,344,Good,0,2185,1698.839378704
Tomato,24,88,10.52137857,245,Good,0,2112,2577.73774965
Pineapple,24,95,11.79502342,439,Bad,1,2280,5178.01528138
Pineapple,25,95,11.53023895,455,Bad,1,2375,5246.25872225
Tomato,22,94,11.99705843,345,Good,0,2068,4138.985158349999
Tomato,25,95,13.49869706,382,Bad,1,2375,5156.5022769199995
Tomato,25,95,14.91822038,386,Bad,1,2375,5758.43306668
Orange,23,95,14.51078894,390,Bad,1,2185,5659.2076866
Orange,23,95,19.85095108,340,Bad,1,2185,6749.323367200001
Banana,26,94,15.08413665,301,Good,0,2444,4540.32513165
Banana,25,86,13.42356205,351,Good,0,2150,4711.67027955
Tomato,22,90,12.98058343,335,Good,0,1980,4348.4954490499995
Pineapple,25,95,9.8718154,333,Bad,1,2375,3287.3145281999996
Pineapple,24,95,13.88010234,325,Good,0,2280,4511.0332605
Tomato,24,95,16.29477154,345,Bad,1,2280,5621.6961813
Pineapple,25,95,10.10404473,446,Bad,1,2375,4506.40394958
Tomato,23,89,8.165410187,296,Good,0,2047,2416.961415352
Orange,22,95,4.938486566,302,Good,0,2090,1491.422942932
Orange,22,95,6.698275399,278,Good,0,2090,1862.1205609219999
Tomato,22,92,9.814452454,358,Good,0,2024,3513.5739785319997
Pineapple,25,95,9.987371503,317,Bad,1,2375,3165.996766451
Banana,24,90,16.56585884,317,Good,0,2160,5251.37725228
Tomato,25,95,15.85228317,315,Bad,1,2375,4993.46919855
Banana,25,87,13.80304952,331,Good,0,2175,4568.80939112
Tomato,24,95,12.83585424,304,Bad,1,2280,3902.09968896
Banana,24,95,19.10462223,283,Bad,1,2280,5406.60809109
Banana,26,90,21.08316911,389,Good,0,2340,8201.35278379
Pineapple,23,95,12.83585424,355,Good,0,2185,4556.7282552
Tomato,23,91,8.264637967,367,Good,0,2093,3033.122133889
Orange,22,81,6.869873736,269,Good,0,1782,1847.9960349839998
Banana,24,90,16.74896501,314,Good,0,2160,5259.1750131399995
Banana,24,95,12.62144823,256,Bad,1,2280,3231.09074688
Tomato,24,95,16.38466179,364,Bad,1,2280,5964.01689156
Pineapple,25,95,9.814452454,340,Bad,1,2375,3336.91383436
Tomato,23,90,12.76402932,335,Good,0,2070,4275.9498222
Pineapple,25,95,10.10404473,296,Bad,1,2375,2990.79724008
Pineapple,25,95,11.14266773,316,Bad,1,2375,3521.08300268
Orange,23,95,15.00096563,253,Bad,1,2185,3795.24430439
Orange,22,95,6.613669965,243,Good,0,2090,1607.121801495
Tomato,25,95,15.42113219,392,Bad,1,2375,6045.0838184799995
Pineapple,25,95,9.8718154,298,Bad,1,2375,2941.8009891999995
Pineapple,25,95,13.57421101,405,Bad,1,2375,5497.5554590500005
Orange,22,95,7.000692513,337,Good,0,2090,2359.233376881
Orange,24,95,15.50647254,372,Bad,1,2280,5768.407784880001
Orange,24,95,15.76515749,457,Bad,1,2280,7204.67697293
Tomato,22,93,13.80304952,351,Good,0,2046,4844.87038152
Pineapple,25,95,9.757364232,327,Bad,1,2375,3190.658103864
Orange,23,95,6.242557594,250,Good,0,2185,1560.6393985
Orange,23,95,16.74896501,207,Bad,1,2185,3467.03575707
Orange,23,95,4.570643409,337,Good,0,2185,1540.3068288329998
Tomato,26,94,6.655874013,397,Good,0,2444,2642.381983161
Pineapple,23,95,12.76402932,340,Good,0,2185,4339.7699688
Tomato,23,90,12.62144823,314,Good,0,2070,3963.13474422
Tomato,23,91,10.64323454,370,Good,0,2093,3937.9967798
Tomato,23,91,13.3488037,332,Good,0,2093,4431.8028284
Orange,22,95,6.122270991,254,Good,0,2090,1555.0568317139998
Tomato,25,95,12.90803823,301,Bad,1,2375,3885.31950723
Tomato,25,95,15.42113219,321,Bad,1,2375,4950.18343299
Orange,22,95,7.133358572,290,Good,0,2090,2068.6739858799997
Banana,26,94,15.00096563,303,Good,0,2444,4545.29258589
Orange,23,95,6.364536513,251,Good,0,2185,1597.498664763
Pineapple,24,95,14.19224347,322,Good,0,2280,4569.90239734
Orange,22,95,9.147105109,390,Good,0,2090,3567.37099251
Orange,24,95,15.33623116,371,Bad,1,2280,5689.741760360001
Banana,24,91,16.84124175,313,Good,0,2184,5271.30866775
Orange,23,95,15.00096563,218,Bad,1,2185,3270.21050734
Orange,23,95,4.802535216,350,Good,0,2185,1680.8873256
Pineapple,23,95,12.27113269,320,Good,0,2185,3926.7624608
Pineapple,25,95,14.35070581,401,Bad,1,2375,5754.633029809999
Orange,23,95,15.00096563,254,Bad,1,2185,3810.2452700199997
Pineapple,22,92,12.69256136,323,Good,0,2024,4099.69731928
Pineapple,22,95,12.83585424,318,Good,0,2090,4081.80164832
Tomato,25,95,15.50647254,386,Bad,1,2375,5985.49840044
Orange,21,94,9.255689372,392,Good,0,1974,3628.230233824
Banana,24,95,19.31496687,282,Bad,1,2280,5446.820657339999
Pineapple,22,95,12.55068787,331,Good,0,2090,4154.27768497
Banana,24,95,12.41021712,254,Bad,1,2280,3152.19514848
Pineapple,25,95,10.16280412,361,Bad,1,2375,3668.77228732
Tomato,26,90,7.0889296,408,Good,0,2340,2892.2832768
Tomato,24,89,13.42356205,387,Good,0,2136,5194.91851335
Pineapple,22,87,12.48027818,335,Good,0,1914,4180.8931903
Banana,25,89,19.85095108,301,Good,0,2225,5975.136275080001
Orange,22,95,6.783674055,256,Good,0,2090,1736.62055808
Banana,26,93,14.51078894,298,Good,0,2418,4324.2151041199995
Tomato,24,90,13.05349201,326,Good,0,2160,4255.43839526
Banana,25,89,20.29041491,386,Good,0,2225,7832.10015526
Tomato,24,95,14.75399666,316,Bad,1,2280,4662.2629445600005
Tomato,22,92,9.757364232,362,Good,0,2024,3532.1658519840003
Orange,23,95,15.00096563,370,Bad,1,2185,5550.3572831
Tomato,23,90,12.69256136,313,Good,0,2070,3972.7717056799997
Pineapple,22,95,12.41021712,334,Good,0,2090,4145.0125180800005
Orange,24,95,14.91822038,365,Bad,1,2280,5445.1504386999995
Banana,24,95,12.90803823,20,Bad,1,2280,258.1607646
Pineapple,24,95,14.03538213,305,Good,0,2280,4280.79154965
Tomato,25,95,13.95754575,368,Bad,1,2375,5136.3768359999995
Tomato,25,95,15.08413665,380,Bad,1,2375,5731.971927
Tomato,23,92,10.16280412,352,Good,0,2116,3577.30705024
Tomato,24,76,16.56585884,463,Good,0,1824,7669.99264292
Pineapple,25,95,10.22184745,360,Bad,1,2375,3679.8650820000003
Banana,24,95,13.42356205,251,Bad,1,2280,3369.31407455
Tomato,22,90,13.20040797,332,Good,0,1980,4382.53544604
Banana,25,89,20.62641439,384,Good,0,2225,7920.54312576
Banana,24,95,20.62641439,314,Good,0,2280,6476.69411846
Tomato,23,89,6.956882353,272,Good,0,2047,1892.272000016
Tomato,23,92,10.10404473,356,Good,0,2116,3597.03992388
Tomato,24,95,11.862037,372,Good,0,2280,4412.677764
Orange,23,95,16.93400512,248,Bad,1,2185,4199.633269759999
Tomato,25,95,15.33623116,320,Bad,1,2375,4907.5939712
Banana,24,95,12.76402932,250,Bad,1,2280,3191.0073300000004
Orange,23,95,4.735505087,336,Good,0,2185,1591.129709232
Orange,23,95,15.76515749,252,Bad,1,2185,3972.81968748
Orange,22,95,10.10404473,192,Good,0,2090,1939.9765881600001
Pineapple,23,86,12.76402932,337,Good,0,1978,4301.477880840001
Banana,26,90,19.42099897,399,Good,0,2340,7748.97858903
Pineapple,24,95,14.19224347,352,Good,0,2280,4995.66970144
Pineapple,25,95,10.89052217,302,Bad,1,2375,3288.93769534
Banana,25,86,13.65010619,334,Good,0,2150,4559.135467460001
Tomato,23,88,7.730278953,298,Good,0,2024,2303.623127994
Banana,24,95,12.62144823,248,Bad,1,2280,3130.11916104
Pineapple,25,95,9.929454577,316,Bad,1,2375,3137.707646332
Tomato,23,89,7.000692513,230,Good,0,2047,1610.15927799
Pineapple,25,95,11.07916988,294,Bad,1,2375,3257.27594472
Banana,26,90,18.69070341,402,Good,0,2340,7513.66277082
Orange,23,95,18.58861217,358,Bad,1,2185,6654.72315686
Orange,23,95,16.20534945,256,Bad,1,2185,4148.5694592
Orange,23,95,16.74896501,241,Bad,1,2185,4036.50056741
Orange,22,95,7.636059339,348,Good,0,2090,2657.348649972
Orange,24,95,14.83589827,369,Bad,1,2280,5474.44646163
Banana,26,95,17.5009837,313,Good,0,2470,5477.8078981
Banana,24,95,17.88911347,259,Bad,1,2280,4633.280388730001
Tomato,24,76,17.59724365,470,Good,0,1824,8270.7045155
Pineapple,25,95,9.814452454,328,Bad,1,2375,3219.1404049119997
Orange,23,95,5.042126986,354,Good,0,2185,1784.9129530440002
Pineapple,25,95,13.95754575,401,Bad,1,2375,5596.97584575
Tomato,22,92,9.531728808,350,Good,0,2024,3336.1050828
Pineapple,25,95,10.16280412,438,Bad,1,2375,4451.30820456
Orange,23,95,15.25176672,246,Bad,1,2185,3751.93461312
Banana,24,95,16.84124175,247,Bad,1,2280,4159.786712249999
Tomato,25,95,12.76402932,304,Bad,1,2375,3880.26491328
Orange,23,95,14.75399666,373,Bad,1,2185,5503.24075418
Orange,22,95,8.214906999,172,Good,0,2090,1412.964003828
Pineapple,24,95,13.95754575,321,Good,0,2280,4480.3721857499995
Tomato,22,92,9.757364232,351,Good,0,2024,3424.8348454320003
Tomato,25,95,12.90803823,380,Bad,1,2375,4905.054527400001
Orange,24,95,15.59225501,452,Bad,1,2280,7047.69926452
Pineapple,22,89,12.69256136,324,Good,0,1958,4112.389880639999
Tomato,25,95,7.777721829,203,Good,0,2375,1578.877531287
Banana,26,95,17.12100442,309,Good,0,2470,5290.390365779999
Tomato,23,89,7.542720421,299,Good,0,2047,2255.273405879
Banana,24,86,13.72638492,346,Good,0,2064,4749.32918232
Pineapple,22,95,12.76402932,322,Good,0,2090,4110.01744104
Orange,22,95,5.182587061,300,Good,0,2090,1554.7761183000002
Orange,22,95,6.242557594,251,Good,0,2090,1566.881956094
Pineapple,22,81,12.76402932,336,Good,0,1782,4288.71385152
Banana,25,89,19.63480231,377,Good,0,2225,7402.3204708700005
Pineapple,25,95,10.64323454,451,Bad,1,2375,4800.09877754
Tomato,24,89,13.3488037,410,Good,0,2136,5473.0095169999995
Orange,23,95,20.06947764,363,Bad,1,2185,7285.220383319999
Orange,24,95,14.67251295,379,Bad,1,2280,5560.88240805
Banana,24,95,19.31496687,300,Bad,1,2280,5794.4900609999995
Orange,23,95,16.65717174,203,Bad,1,2185,3381.40586322
Banana,25,89,18.38606989,389,Good,0,2225,7152.181187210001
Orange,24,95,19.63480231,273,Bad,1,2280,5360.30103063
Tomato,24,95,12.90803823,306,Bad,1,2280,3949.8596983800003
Orange,23,95,4.972872478,343,Good,0,2185,1705.695259954
Pineapple,22,95,12.83585424,324,Good,0,2090,4158.81677376
Pineapple,25,95,10.16280412,287,Bad,1,2375,2916.72478244
Tomato,24,95,12.98058343,300,Bad,1,2280,3894.175029
Orange,22,95,8.31460431,382,Good,0,2090,3176.17884642
Orange,24,95,16.20534945,373,Bad,1,2280,6044.59534485
Tomato,24,95,11.99705843,288,Bad,1,2280,3455.1528278399996
Orange,23,95,14.51078894,393,Bad,1,2185,5702.74005342
Banana,24,95,12.34050263,253,Bad,1,2280,3122.14716539
Tomato,22,94,12.48027818,351,Good,0,2068,4380.577641180001
Orange,23,95,8.671063387,177,Good,0,2185,1534.778219499
Pineapple,23,80,12.48027818,338,Good,0,1840,4218.33402484
Pineapple,23,95,12.48027818,339,Good,0,2185,4230.81430302
Orange,23,95,17.02725828,246,Bad,1,2185,4188.70553688
Orange,22,95,4.802535216,289,Good,0,2090,1387.932677424
Tomato,24,95,14.67251295,373,Bad,1,2280,5472.8473303499995
Tomato,24,95,16.38466179,350,Bad,1,2280,5734.6316265
Pineapple,23,95,12.83585424,315,Good,0,2185,4043.2940856
Pineapple,23,95,12.69256136,353,Good,0,2185,4480.47416008
Orange,24,95,14.75399666,379,Bad,1,2280,5591.76473414
Pineapple,25,95,9.929454577,295,Bad,1,2375,2929.189100215
Tomato,23,89,9.201267821,313,Good,0,2047,2879.996827973
Banana,25,95,16.29477154,274,Bad,1,2375,4464.76740196
Orange,23,95,8.264637967,174,Good,0,2185,1438.047006258
Orange,24,95,15.00096563,382,Bad,1,2280,5730.36887066
Orange,23,95,19.95991509,329,Bad,1,2185,6566.81206461
Orange,23,95,19.85095108,322,Bad,1,2185,6392.00624776
Orange,22,95,8.827487661,382,Good,0,2090,3372.1002865019996
Tomato,23,91,8.31460431,364,Good,0,2093,3026.51596884
Orange,22,95,7.873279406,168,Good,0,2090,1322.710940208
Orange,23,95,19.63480231,354,Bad,1,2185,6950.720017740001
Banana,26,86,18.38606989,386,Good,0,2236,7097.02297754
Tomato,22,90,12.90803823,328,Good,0,1980,4233.83653944
Orange,23,95,7.969740423,174,Good,0,2185,1386.734833602
Tomato,23,88,7.873279406,298,Good,0,2024,2346.237262988
Orange,23,95,5.007419045,353,Good,0,2185,1767.6189228849998
Tomato,24,89,8.0671142,290,Good,0,2136,2339.463118
Orange,24,95,15.16773612,374,Bad,1,2280,5672.733308880001
Tomato,25,95,12.83585424,378,Bad,1,2375,4851.95290272
Orange,22,95,7.496378442,302,Good,0,2090,2263.906289484
Orange,23,95,15.50647254,250,Bad,1,2185,3876.618135
Banana,24,95,12.13341843,256,Bad,1,2280,3106.15511808
Banana,25,95,14.75399666,261,Bad,1,2375,3850.7931282600002
Pineapple,22,95,12.83585424,338,Good,0,2090,4338.5187331199995
Orange,22,95,4.570643409,345,Good,0,2090,1576.871976105
Banana,26,94,15.59225501,300,Good,0,2444,4677.676503000001
Orange,24,95,15.42113219,379,Bad,1,2280,5844.60910001
Tomato,26,94,6.323687334,398,Good,0,2444,2516.827558932
Banana,25,95,13.57421101,251,Bad,1,2375,3407.12696351
Banana,24,95,12.48027818,250,Bad,1,2280,3120.0695450000003
Banana,24,95,12.69256136,257,Bad,1,2280,3261.98826952
Banana,26,91,20.40179801,296,Good,0,2366,6038.93221096
Tomato,25,95,13.3488037,383,Bad,1,2375,5112.591817099999
Banana,25,90,20.06947764,296,Good,0,2250,5940.565381439999
Banana,24,95,19.00030193,264,Bad,1,2280,5016.07970952
Tomato,23,88,7.0889296,291,Good,0,2024,2062.8785136
Banana,24,95,12.41021712,247,Bad,1,2280,3065.32362864
Tomato,25,95,16.47502321,360,Bad,1,2375,5931.0083556
Orange,23,95,19.95991509,354,Bad,1,2185,7065.8099418599995
Tomato,25,95,15.50647254,378,Bad,1,2375,5861.44662012
Orange,24,95,15.00096563,371,Bad,1,2280,5565.35824873
Pineapple,25,95,9.929454577,339,Bad,1,2375,3366.0851016029997
Tomato,26,84,8.264637967,403,Good,0,2184,3330.6491007010004
Tomato,23,89,7.683058499,298,Good,0,2047,2289.551432702
Banana,25,95,16.11639251,175,Bad,1,2375,2820.36868925
Banana,26,95,21.55018992,297,Good,0,2470,6400.40640624
Banana,26,90,20.62641439,303,Good,0,2340,6249.80356017
Tomato,25,95,15.08413665,384,Bad,1,2375,5792.3084736
Pineapple,25,95,11.14266773,323,Bad,1,2375,3599.0816767899996
Tomato,24,95,16.56585884,368,Bad,1,2280,6096.23605312
Banana,26,90,18.69070341,388,Good,0,2340,7251.992923080001
Tomato,24,95,16.47502321,369,Bad,1,2280,6079.28356449
Orange,23,95,4.938486566,358,Good,0,2185,1767.978190628
Banana,25,86,13.65010619,349,Good,0,2150,4763.88706031
Orange,22,95,9.093199852,385,Good,0,2090,3500.88194302
Orange,23,95,5.50835179,313,Good,0,2185,1724.1141102699999
Banana,24,95,12.76402932,254,Bad,1,2280,3242.06344728
Tomato,24,89,12.90803823,331,Good,0,2136,4272.56065413
Banana,24,95,20.51379641,477,Bad,1,2280,9785.08088757
Tomato,25,95,12.98058343,368,Bad,1,2375,4776.85470224
Pineapple,22,95,12.98058343,321,Good,0,2090,4166.76728103
Orange,22,95,6.162179985,241,Good,0,2090,1485.085376385
Tomato,24,95,16.56585884,348,Bad,1,2280,5764.91887632
Pineapple,25,95,10.22184745,435,Bad,1,2375,4446.50364075
Banana,26,91,18.7933463,395,Good,0,2366,7423.3717885
Tomato,23,89,8.465927903,312,Good,0,2047,2641.369505736
Pineapple,24,95,12.27113269,437,Bad,1,2280,5362.48498553
Pineapple,24,95,13.88010234,331,Good,0,2280,4594.31387454
Tomato,24,95,12.83585424,368,Bad,1,2280,4723.59436032
Tomato,25,95,14.27127328,372,Bad,1,2375,5308.91366016
Tomato,25,92,6.529850053,400,Good,0,2300,2611.9400212
Tomato,23,89,8.165410187,298,Good,0,2047,2433.2922357260004
Orange,23,93,4.570643409,336,Good,0,2139,1535.7361854239998
Tomato,23,95,14.75399666,316,Bad,1,2185,4662.2629445600005
Orange,22,95,6.571662296,253,Good,0,2090,1662.630560888
Tomato,23,89,8.018312629,292,Good,0,2047,2341.3472876680003
Pineapple,24,95,14.19224347,344,Good,0,2280,4882.13175368
Tomato,23,91,9.8718154,362,Good,0,2093,3573.5971747999997
Tomato,23,91,10.64323454,346,Good,0,2093,3682.55915084
Pineapple,24,95,12.27113269,409,Bad,1,2280,5018.89327021
Banana,24,95,16.93400512,246,Bad,1,2280,4165.76525952
Tomato,25,95,15.85228317,316,Bad,1,2375,5009.32148172
Pineapple,23,95,12.20210529,334,Good,0,2185,4075.50316686
Banana,25,86,13.57421101,341,Good,0,2150,4628.805954410001
Tomato,25,95,7.730278953,201,Good,0,2375,1553.786069553
Tomato,24,95,12.83585424,303,Bad,1,2280,3889.26383472
Orange,23,95,4.636126276,331,Good,0,2185,1534.5577973559998
Orange,24,95,14.91822038,362,Bad,1,2280,5400.39577756
Tomato,23,88,7.542720421,297,Good,0,2024,2240.187965037
Pineapple,25,95,10.34079221,295,Bad,1,2375,3050.53370195
Pineapple,25,95,10.58215896,293,Bad,1,2375,3100.57257528
Pineapple,22,95,13.49869706,330,Good,0,2090,4454.5700298
Tomato,25,95,15.42113219,408,Bad,1,2375,6291.82193352
Tomato,24,89,13.65010619,408,Good,0,2136,5569.24332552
Tomato,25,95,12.62144823,305,Bad,1,2375,3849.54171015
Pineapple,25,95,11.20647613,293,Bad,1,2375,3283.49750609
Orange,23,95,16.11639251,349,Bad,1,2185,5624.62098599
Tomato,25,95,13.88010234,374,Bad,1,2375,5191.15827516
Orange,23,95,15.93986231,243,Bad,1,2185,3873.38654133
Pineapple,25,95,12.13341843,410,Bad,1,2375,4974.7015563
Tomato,24,95,11.862037,369,Good,0,2280,4377.091653
Pineapple,24,95,14.1136139,330,Good,0,2280,4657.492587000001
Orange,22,95,12.13341843,231,Good,0,2090,2802.81965733
Orange,23,95,16.02789778,259,Bad,1,2185,4151.22552502
Tomato,23,89,8.264637967,300,Good,0,2047,2479.3913901
Orange,23,95,19.63480231,344,Bad,1,2185,6754.371994640001
Tomato,23,88,7.589280351,297,Good,0,2024,2254.016264247
Tomato,25,95,13.95754575,390,Bad,1,2375,5443.4428425
Tomato,25,95,15.25176672,319,Bad,1,2375,4865.31358368
Banana,26,94,15.50647254,309,Good,0,2444,4791.50001486
Tomato,23,92,9.644005982,358,Good,0,2116,3452.5541415559996
Tomato,24,82,7.683058499,396,Good,0,1968,3042.4911656040003
Pineapple,22,95,13.20040797,325,Good,0,2090,4290.13259025
Banana,26,90,20.29041491,380,Good,0,2340,7710.357665799999
Orange,24,95,15.33623116,376,Bad,1,2280,5766.422916160001
Pineapple,25,95,9.814452454,344,Bad,1,2375,3376.171644176
Pineapple,23,95,12.20210529,333,Good,0,2185,4063.30106157
Orange,24,95,15.50647254,249,Bad,1,2280,3861.1116624600004
Pineapple,25,95,11.72833871,357,Bad,1,2375,4187.016919469999
Tomato,22,94,13.57421101,352,Good,0,2068,4778.122275520001
Banana,26,95,17.40523312,309,Good,0,2470,5378.217034079999
Banana,25,87,14.43054353,328,Good,0,2175,4733.21827784
Tomato,25,95,13.57421101,370,Bad,1,2375,5022.458073700001
Banana,24,95,13.57421101,264,Bad,1,2280,3583.59170664
Orange,22,95,7.921396405,164,Good,0,2090,1299.10901042
Pineapple,23,95,12.48027818,327,Good,0,2185,4081.0509648600005
Tomato,22,92,9.814452454,350,Good,0,2024,3435.0583589
Tomato,24,95,11.20647613,350,Good,0,2280,3922.2666455000003
Banana,26,91,18.58861217,390,Good,0,2366,7249.5587463
Tomato,25,95,12.98058343,379,Bad,1,2375,4919.64111997
Orange,23,95,14.83589827,383,Bad,1,2185,5682.149037409999
Pineapple,25,95,11.01598084,313,Bad,1,2375,3448.0020029199995
Pineapple,25,95,11.14266773,306,Bad,1,2375,3409.65632538
Tomato,25,95,13.12676612,369,Bad,1,2375,4843.776698279999
Pineapple,22,82,12.76402932,334,Good,0,1804,4263.18579288
Orange,23,95,17.5009837,403,Bad,1,2185,7052.8964311
Orange,22,95,4.802535216,345,Good,0,2090,1656.87464952
Pineapple,22,95,12.62144823,333,Good,0,2090,4202.94226059
Pineapple,24,95,12.27113269,438,Bad,1,2280,5374.75611822
Orange,23,95,4.870193845,347,Good,0,2185,1689.9572642150001
Tomato,24,94,11.59594835,363,Good,0,2256,4209.3292510500005
Pineapple,22,95,12.98058343,330,Good,0,2090,4283.5925319
Pineapple,22,85,12.69256136,335,Good,0,1870,4252.008055599999
Orange,24,95,15.00096563,402,Bad,1,2280,6030.38818326
Pineapple,22,95,12.98058343,338,Good,0,2090,4387.43719934
Banana,25,95,14.67251295,103,Bad,1,2375,1511.26883385
Pineapple,23,95,12.34050263,333,Good,0,2185,4109.38737579
Pineapple,25,95,11.14266773,455,Bad,1,2375,5069.91381715
Tomato,24,95,16.02789778,342,Bad,1,2280,5481.54104076
Orange,23,95,19.63480231,345,Bad,1,2185,6774.0067969500005
Orange,23,95,15.42113219,458,Bad,1,2185,7062.87854302
Banana,26,95,16.84124175,309,Good,0,2470,5203.943700749999
Orange,24,95,16.47502321,217,Bad,1,2280,3575.08003657
Tomato,26,86,8.018312629,397,Good,0,2236,3183.2701137130002
Orange,23,95,19.95991509,360,Bad,1,2185,7185.5694324
Orange,23,95,14.67251295,389,Bad,1,2185,5707.6075375499995
Orange,22,95,4.570643409,360,Good,0,2090,1645.43162724
Orange,24,95,16.47502321,203,Bad,1,2280,3344.42971163
Orange,23,95,14.83589827,392,Bad,1,2185,5815.67212184
Orange,24,95,15.59225501,400,Bad,1,2280,6236.9020040000005
Pineapple,25,95,10.58215896,448,Bad,1,2375,4740.8072140799995
Orange,23,95,19.85095108,348,Bad,1,2185,6908.13097584
Pineapple,24,95,13.88010234,401,Bad,1,2280,5565.92103834
Tomato,23,91,13.20040797,331,Good,0,2093,4369.33503807
Tomato,23,88,7.636059339,291,Good,0,2024,2222.093267649
Banana,24,95,17.21524677,242,Bad,1,2280,4166.08971834
Orange,24,95,14.75399666,364,Bad,1,2280,5370.45478424
Banana,24,95,12.06507013,146,Bad,1,2280,1761.5002389800002
Tomato,24,90,12.76402932,332,Good,0,2160,4237.6577342400005
Orange,22,94,7.636059339,300,Good,0,2068,2290.8178017
Orange,23,95,15.00096563,364,Bad,1,2185,5460.35148932
Banana,24,95,16.84124175,251,Bad,1,2280,4227.15167925
Pineapple,24,95,14.1136139,318,Good,0,2280,4488.1292202
Orange,23,85,16.11639251,256,Bad,1,1955,4125.79648256
Pineapple,25,95,9.929454577,297,Bad,1,2375,2949.048009369
Pineapple,23,95,12.34050263,330,Good,0,2185,4072.3658679
Orange,24,95,14.83589827,400,Bad,1,2280,5934.359308
Tomato,23,90,12.48027818,317,Good,0,2070,3956.2481830600004
Tomato,26,93,6.571662296,396,Good,0,2418,2602.3782692160003
Orange,22,95,8.31460431,375,Good,0,2090,3117.97661625
Banana,26,95,17.5009837,315,Good,0,2470,5512.809865499999
Pineapple,25,95,11.72833871,412,Bad,1,2375,4832.07554852
Orange,24,95,17.02725828,204,Bad,1,2280,3473.5606891200005
Tomato,25,92,6.446808067,407,Good,0,2300,2623.850883269
Orange,23,95,16.29477154,256,Bad,1,2185,4171.46151424
Tomato,24,95,14.35070581,382,Bad,1,2280,5481.96961942
Tomato,24,89,8.165410187,288,Good,0,2136,2351.6381338560004
Banana,24,95,19.63480231,305,Bad,1,2280,5988.61470455
Banana,24,95,12.76402932,257,Bad,1,2280,3280.3555352400003
Tomato,23,89,8.018312629,298,Good,0,2047,2389.457163442
Pineapple,22,95,12.76402932,334,Good,0,2090,4263.18579288
Banana,26,95,21.19895059,404,Good,0,2470,8564.37603836
Orange,24,95,19.20950925,266,Bad,1,2280,5109.7294605
Orange,23,95,16.74896501,248,Bad,1,2185,4153.74332248
Banana,24,95,17.88911347,250,Bad,1,2280,4472.2783675
Tomato,26,86,8.018312629,399,Good,0,2236,3199.306738971
Orange,22,95,6.162179985,237,Good,0,2090,1460.436656445
Orange,23,95,5.398243871,349,Good,0,2185,1883.987110979
Orange,23,95,17.40523312,258,Bad,1,2185,4490.55014496
Orange,22,95,8.214906999,374,Good,0,2090,3072.375217626
Banana,24,95,12.69256136,250,Bad,1,2280,3173.14034
Orange,23,95,14.91822038,250,Bad,1,2185,3729.5550949999997
Tomato,22,91,13.27441976,331,Good,0,2002,4393.83294056
Orange,24,95,14.75399666,386,Bad,1,2280,5695.04271076
Pineapple,24,95,14.19224347,340,Good,0,2280,4825.3627798
Orange,22,95,7.496378442,376,Good,0,2090,2818.638294192
Orange,24,95,14.83589827,420,Bad,1,2280,6231.0772734
Tomato,24,95,9.587732994,425,Good,0,2280,4074.7865224499997
Tomato,23,88,7.969740423,289,Good,0,2024,2303.254982247
Pineapple,25,95,10.10404473,299,Bad,1,2375,3021.10937427
Tomato,24,89,13.57421101,396,Good,0,2136,5375.3875599600005
Pineapple,22,92,12.48027818,338,Good,0,2024,4218.33402484
Pineapple,22,95,12.69256136,321,Good,0,2090,4074.31219656
Pineapple,22,84,12.69256136,331,Good,0,1848,4201.23781016
Tomato,24,93,11.01598084,381,Good,0,2232,4197.08870004
Orange,24,95,15.93986231,376,Bad,1,2280,5993.38822856
Banana,25,86,12.62144823,341,Good,0,2150,4303.91384643
Banana,26,90,20.40179801,300,Good,0,2340,6120.539403
Orange,24,95,15.33623116,250,Bad,1,2280,3834.0577900000003
Banana,24,95,12.83585424,135,Bad,1,2280,1732.8403223999999
Banana,24,95,22.64005869,141,Bad,1,2280,3192.24827529
Orange,22,95,5.042126986,352,Good,0,2090,1774.828699072
Pineapple,25,95,10.04556771,293,Bad,1,2375,2943.35133903
Pineapple,25,95,9.814452454,345,Bad,1,2375,3385.98609663
Banana,25,95,16.20534945,266,Bad,1,2375,4310.6229537
Tomato,23,92,10.46089174,355,Good,0,2116,3713.6165677
Banana,24,87,14.19224347,336,Good,0,2088,4768.59380592
Banana,24,95,18.08630257,251,Bad,1,2280,4539.66194507
Orange,22,95,6.162179985,242,Good,0,2090,1491.24755637
Banana,24,95,16.47502321,256,Bad,1,2280,4217.60594176
Tomato,26,94,6.364536513,391,Good,0,2444,2488.533776583
Tomato,24,82,7.825388265,397,Good,0,1968,3106.679141205
Banana,24,95,13.3488037,245,Bad,1,2280,3270.4569065
Banana,26,90,20.17964285,376,Good,0,2340,7587.5457116
Pineapple,23,95,13.05349201,335,Good,0,2185,4372.91982335
Orange,23,95,14.83589827,362,Bad,1,2185,5370.59517374
Banana,26,90,19.42099897,388,Good,0,2340,7535.34760036
Tomato,23,88,7.636059339,297,Good,0,2024,2267.909623683
Orange,23,95,19.95991509,357,Bad,1,2185,7125.68968713
Orange,23,95,8.88012605,178,Good,0,2185,1580.6624368999999
Banana,26,90,19.31496687,385,Good,0,2340,7436.2622449499995
Orange,22,95,7.450253315,300,Good,0,2090,2235.0759945
Orange,22,95,10.46089174,198,Good,0,2090,2071.2565645199998
Orange,23,95,16.11639251,332,Bad,1,2185,5350.6423133200005
Pineapple,24,95,11.01598084,442,Bad,1,2280,4869.06353128
Tomato,25,95,13.72638492,372,Bad,1,2375,5106.21519024
Tomato,23,90,12.98058343,332,Good,0,2070,4309.55369876
Orange,24,95,16.65717174,392,Bad,1,2280,6529.61132208
Pineapple,25,95,10.10404473,300,Bad,1,2375,3031.213419
Banana,24,95,13.20040797,212,Bad,1,2280,2798.48648964
Tomato,23,89,7.000692513,299,Good,0,2047,2093.207061387
Pineapple,25,95,11.14266773,450,Bad,1,2375,5014.2004785
Tomato,24,90,12.90803823,333,Good,0,2160,4298.37673059
Orange,22,95,8.165410187,166,Good,0,2090,1355.4580910420002
Tomato,26,90,6.826673276,393,Good,0,2340,2682.882597468
Banana,25,95,16.20534945,263,Bad,1,2375,4262.00690535
Orange,22,95,6.529850053,251,Good,0,2090,1638.9923633029998
Tomato,23,89,8.018312629,300,Good,0,2047,2405.4937887
Pineapple,22,95,12.69256136,323,Good,0,2090,4099.69731928
Orange,23,95,8.465927903,164,Good,0,2185,1388.4121760920002
Banana,25,95,16.38466179,265,Bad,1,2375,4341.93537435
Pineapple,25,95,11.39978246,294,Bad,1,2375,3351.5360432400003
Pineapple,25,95,11.07916988,320,Bad,1,2375,3545.3343616
Tomato,24,95,14.35070581,309,Bad,1,2280,4434.3680952899995
Banana,26,94,15.25176672,301,Good,0,2444,4590.781782720001
Pineapple,22,95,12.27113269,340,Good,0,2090,4172.1851146
Orange,23,95,14.83589827,443,Bad,1,2185,6572.30293361
Tomato,23,89,7.542720421,294,Good,0,2047,2217.559803774
Banana,24,95,12.90803823,253,Bad,1,2280,3265.73367219
Pineapple,24,95,14.19224347,329,Good,0,2280,4669.24810163
Banana,25,88,19.10462223,381,Good,0,2200,7278.86106963
Orange,23,95,19.63480231,343,Bad,1,2185,6734.737192330001
Banana,25,89,20.29041491,379,Good,0,2225,7690.06725089
Tomato,22,92,10.10404473,353,Good,0,2024,3566.72778969
Tomato,26,85,8.415248038,404,Good,0,2210,3399.7602073519997
Pineapple,25,95,11.59594835,343,Bad,1,2375,3977.41028405
Banana,26,95,16.74896501,311,Good,0,2470,5208.92811811
Orange,23,95,14.91822038,215,Bad,1,2185,3207.4173816999996
Orange,24,95,14.67251295,377,Bad,1,2280,5531.53738215
Orange,24,95,16.38466179,374,Bad,1,2280,6127.8635094599995
Orange,23,95,9.093199852,180,Good,0,2185,1636.7759733599999
Tomato,23,87,6.446808067,284,Good,0,2001,1830.893491028
Tomato,24,95,16.65717174,354,Bad,1,2280,5896.63879596
Orange,23,95,15.67848238,254,Bad,1,2185,3982.33452452
Orange,23,95,4.938486566,339,Good,0,2185,1674.146945874
Pineapple,23,95,12.76402932,346,Good,0,2185,4416.3541447200005
Tomato,24,93,11.20647613,365,Good,0,2232,4090.36378745
Banana,24,95,14.91822038,266,Bad,1,2280,3968.24662108
Tomato,25,95,14.1136139,383,Bad,1,2375,5405.514123700001
Tomato,25,95,16.02789778,373,Bad,1,2375,5978.40587194
Tomato,25,91,6.613669965,396,Good,0,2275,2619.0133061399997
Orange,22,95,5.398243871,303,Good,0,2090,1635.667892913
Orange,23,95,19.85095108,357,Bad,1,2185,7086.78953556
Banana,25,86,13.57421101,340,Good,0,2150,4615.231743400001
Orange,24,95,19.10462223,271,Bad,1,2280,5177.35262433
Banana,26,90,19.52760946,397,Good,0,2340,7752.46095562
Orange,22,95,7.496378442,339,Good,0,2090,2541.272291838
Pineapple,25,95,10.58215896,419,Bad,1,2375,4433.92460424
Tomato,24,95,15.93986231,342,Bad,1,2280,5451.43291002
Orange,22,95,7.969740423,373,Good,0,2090,2972.713177779
Tomato,23,90,12.90803823,325,Good,0,2070,4195.11242475
Tomato,24,95,11.92938136,288,Bad,1,2280,3435.6618316800004
Orange,23,95,14.59144457,247,Bad,1,2185,3604.08680879
Pineapple,25,95,11.20647613,411,Bad,1,2375,4605.86168943
Orange,24,95,15.08413665,373,Bad,1,2280,5626.382970449999
Orange,23,95,14.67251295,392,Bad,1,2185,5751.6250764
Pineapple,22,95,13.3488037,334,Good,0,2090,4458.5004358
Tomato,23,88,7.542720421,290,Good,0,2024,2187.38892209
Orange,23,95,11.46485093,390,Good,0,2185,4471.2918627
Orange,24,95,19.00030193,266,Bad,1,2280,5054.08031338
Banana,25,86,13.42356205,353,Good,0,2150,4738.517403649999
Orange,24,95,14.67251295,371,Bad,1,2280,5443.50230445
Orange,24,95,16.84124175,391,Bad,1,2280,6584.925524249999
Tomato,24,90,8.165410187,288,Good,0,2160,2351.6381338560004
Orange,22,95,8.933015125,171,Good,0,2090,1527.545586375
Orange,23,95,19.52760946,277,Bad,1,2185,5409.14782042
Orange,24,95,15.42113219,377,Bad,1,2280,5813.76683563
Pineapple,24,95,14.1136139,310,Good,0,2280,4375.220309
Tomato,24,82,8.116146322,403,Good,0,1968,3270.806967766
Orange,24,95,16.56585884,201,Bad,1,2280,3329.7376268400003
Pineapple,25,95,10.82824911,305,Bad,1,2375,3302.61597855
Tomato,24,95,11.92938136,361,Good,0,2280,4306.5066709600005
Orange,23,95,8.0671142,172,Good,0,2185,1387.5436424000002
Orange,23,95,19.85095108,353,Bad,1,2185,7007.3857312400005
Banana,24,86,13.72638492,347,Good,0,2064,4763.05556724
Orange,23,95,20.17964285,347,Bad,1,2185,7002.3360689500005
Tomato,23,93,11.99705843,353,Good,0,2139,4234.96162579
Tomato,24,95,16.29477154,344,Bad,1,2280,5605.401409759999
Orange,23,95,19.74258151,360,Bad,1,2185,7107.3293436
Pineapple,25,95,4.768941936,406,Bad,1,2375,1936.190426016
Orange,22,95,8.31460431,394,Good,0,2090,3275.95409814
Tomato,25,95,13.12676612,375,Bad,1,2375,4922.537295
Orange,22,95,4.802535216,300,Good,0,2090,1440.7605647999999
Orange,24,95,14.59144457,381,Bad,1,2280,5559.34038117
Banana,26,94,14.03538213,303,Good,0,2444,4252.72078539
Orange,23,95,14.91822038,214,Bad,1,2185,3192.49916132
Tomato,24,82,8.018312629,394,Good,0,1968,3159.215175826
Tomato,25,95,12.62144823,301,Bad,1,2375,3799.05591723
Banana,26,95,17.79130513,316,Good,0,2470,5622.05242108
Tomato,23,91,8.31460431,366,Good,0,2093,3043.14517746
Tomato,26,89,6.783674055,401,Good,0,2314,2720.2532960549997
Orange,23,95,4.505770041,334,Good,0,2185,1504.927193694
Orange,23,95,14.75399666,431,Bad,1,2185,6358.97256046
Banana,25,89,19.00030193,388,Good,0,2225,7372.11714884
Banana,26,90,19.74258151,379,Good,0,2340,7482.438392290001
Pineapple,23,95,12.83585424,337,Good,0,2185,4325.68287888
Pineapple,25,95,11.14266773,295,Bad,1,2375,3287.08698035
Tomato,25,95,16.56585884,359,Bad,1,2375,5947.143323560001
Pineapple,23,95,12.41021712,330,Good,0,2185,4095.3716496
Orange,23,84,5.042126986,358,Good,0,1932,1805.0814609880001
Tomato,24,90,8.116146322,289,Good,0,2160,2345.566287058
Banana,26,90,19.95991509,304,Good,0,2340,6067.81418736
Pineapple,25,95,14.27127328,409,Bad,1,2375,5836.950771520001
Orange,24,95,15.25176672,372,Bad,1,2280,5673.65721984
Pineapple,22,93,12.76402932,321,Good,0,2046,4097.25341172
Orange,24,95,17.40523312,398,Bad,1,2280,6927.282781759999
Orange,23,95,11.01598084,390,Good,0,2185,4296.2325276
Orange,22,95,6.956882353,286,Good,0,2090,1989.668352958
Orange,24,95,14.83589827,399,Bad,1,2280,5919.52340973
Orange,23,95,15.76515749,254,Bad,1,2185,4004.35000246
Orange,22,95,5.657573759,313,Good,0,2090,1770.820586567
Pineapple,25,95,9.8718154,319,Bad,1,2375,3149.1091125999997
Orange,22,95,5.50835179,256,Good,0,2090,1410.13805824
Pineapple,23,95,12.55068787,323,Good,0,2185,4053.8721820100004
Orange,23,95,14.75399666,392,Bad,1,2185,5783.56669072
Orange,23,95,5.147226326,324,Good,0,2185,1667.701329624
Tomato,23,91,8.214906999,365,Good,0,2093,2998.441054635
Tomato,26,89,6.740875089,399,Good,0,2314,2689.609160511
Pineapple,23,84,12.55068787,347,Good,0,1932,4355.08869089
Banana,26,94,15.00096563,300,Good,0,2444,4500.289689
Tomato,26,92,6.571662296,395,Good,0,2392,2595.8066069200004
Tomato,24,95,12.06507013,293,Bad,1,2280,3535.06554809
Tomato,23,89,12.69256136,355,Good,0,2047,4505.8592828
Tomato,23,91,8.364807255,366,Good,0,2093,3061.5194553300003
Banana,24,95,12.13341843,250,Bad,1,2280,3033.3546075000004
Orange,23,95,19.74258151,325,Bad,1,2185,6416.33899075
Tomato,23,92,9.987371503,351,Good,0,2116,3505.5673975530003
Tomato,24,95,13.05349201,306,Bad,1,2280,3994.36855506
Tomato,24,95,11.07916988,362,Good,0,2280,4010.65949656
Tomato,23,88,7.267899623,284,Good,0,2024,2064.083492932
Pineapple,25,95,10.76627794,315,Bad,1,2375,3391.3775511
Banana,25,86,13.49869706,344,Good,0,2150,4643.55178864
Banana,26,90,19.52760946,392,Good,0,2340,7654.82290832
Banana,25,95,18.38606989,271,Good,0,2375,4982.62494019
Tomato,23,89,12.48027818,317,Good,0,2047,3956.2481830600004
Orange,22,93,7.267899623,306,Good,0,2046,2223.977284638
Tomato,26,94,6.655874013,390,Good,0,2444,2595.79086507
Orange,24,95,14.91822038,351,Bad,1,2280,5236.29535338
Orange,22,95,4.570643409,339,Good,0,2090,1549.4481156509999
Tomato,24,95,11.92938136,368,Good,0,2280,4390.012340480001
Orange,24,95,14.67251295,391,Bad,1,2280,5736.95256345
Pineapple,25,95,10.04556771,303,Bad,1,2375,3043.80701613
Tomato,25,95,15.50647254,313,Bad,1,2375,4853.52590502
Orange,23,95,14.75399666,394,Bad,1,2185,5813.07468404
Pineapple,23,95,12.83585424,343,Good,0,2185,4402.69800432
Tomato,26,91,7.044707922,385,Good,0,2366,2712.21254997
Orange,23,95,6.571662296,251,Good,0,2185,1649.487236296
Tomato,23,91,13.05349201,323,Good,0,2093,4216.2779192299995
Banana,24,95,17.79130513,252,Bad,1,2280,4483.4088927600005
Orange,22,95,5.620007507,309,Good,0,2090,1736.5823196630001
Tomato,24,95,16.56585884,375,Bad,1,2280,6212.197065
Orange,24,95,15.93986231,383,Bad,1,2280,6104.96726473
Banana,24,95,12.34050263,258,Bad,1,2280,3183.84967854
Banana,24,95,19.74258151,315,Good,0,2280,6218.91317565
Banana,26,94,15.00096563,304,Good,0,2444,4560.29355152
Tomato,26,86,7.825388265,389,Good,0,2236,3044.076035085
Banana,25,86,13.3488037,352,Good,0,2150,4698.778902399999
Tomato,25,95,7.730278953,198,Good,0,2375,1530.595232694
Pineapple,24,95,12.13341843,437,Bad,1,2280,5302.303853910001
Tomato,24,95,14.75399666,321,Bad,1,2280,4736.03292786
Orange,22,95,4.870193845,329,Good,0,2090,1602.293775005
Tomato,24,95,11.79502342,288,Bad,1,2280,3396.96674496
Tomato,24,95,9.587732994,419,Good,0,2280,4017.2601244859998
Banana,24,95,12.76402932,256,Bad,1,2280,3267.59150592
Pineapple,22,95,12.20210529,335,Good,0,2090,4087.70527215
Tomato,24,95,16.20534945,351,Bad,1,2280,5688.07765695
Pineapple,22,95,12.41021712,342,Good,0,2090,4244.29425504
Pineapple,25,95,11.14266773,414,Bad,1,2375,4613.06444022
Tomato,23,92,10.70460698,357,Good,0,2116,3821.5446918599996
Tomato,24,95,12.90803823,300,Bad,1,2280,3872.411469
Tomato,24,95,16.38466179,358,Bad,1,2280,5865.70892082
Tomato,24,95,15.85228317,343,Bad,1,2280,5437.33312731
Orange,23,95,15.00096563,397,Bad,1,2185,5955.38335511
Orange,23,95,17.40523312,396,Bad,1,2185,6892.472315519999
Banana,24,87,14.27127328,343,Good,0,2088,4895.04673504
Banana,26,95,15.08413665,310,Good,0,2470,4676.0823615
Pineapple,24,95,13.88010234,342,Good,0,2280,4746.995000280001
Orange,23,95,15.93986231,260,Bad,1,2185,4144.3642006
Orange,22,95,5.771326913,266,Good,0,2090,1535.1729588580001
Pineapple,22,95,12.55068787,336,Good,0,2090,4217.03112432
Orange,22,95,4.972872478,339,Good,0,2090,1685.803770042
Tomato,25,95,13.12676612,379,Bad,1,2375,4975.04435948
Pineapple,25,95,10.70460698,422,Bad,1,2375,4517.34414556
Orange,23,95,8.116146322,161,Good,0,2185,1306.699557842
Orange,23,95,15.93986231,258,Bad,1,2185,4112.48447598
Orange,24,95,16.11639251,256,Bad,1,2280,4125.79648256
Tomato,25,95,12.83585424,383,Bad,1,2375,4916.13217392
Orange,23,95,19.63480231,342,Bad,1,2185,6715.102390020001
Orange,22,95,5.182587061,298,Good,0,2090,1544.4109441780001
Pineapple,25,95,11.53023895,319,Bad,1,2375,3678.14622505
Orange,23,95,15.42113219,254,Bad,1,2185,3916.96757626
Orange,23,95,14.59144457,399,Bad,1,2185,5821.98638343
Pineapple,22,94,12.76402932,333,Good,0,2068,4250.42176356
Orange,24,95,14.83589827,356,Bad,1,2280,5281.57978412
Orange,23,95,20.06947764,351,Bad,1,2185,7044.386651639999
Tomato,23,88,7.589280351,292,Good,0,2024,2216.069862492
Pineapple,23,85,12.62144823,340,Good,0,1955,4291.2923982
Banana,26,90,19.42099897,378,Good,0,2340,7341.13761066
Banana,24,95,19.20950925,307,Bad,1,2280,5897.31933975
Banana,24,91,16.65717174,312,Good,0,2184,5197.03758288
Tomato,24,90,12.41021712,328,Good,0,2160,4070.5512153600002
Orange,22,95,8.165410187,376,Good,0,2090,3070.1942303120004
Orange,23,95,7.0889296,290,Good,0,2185,2055.789584
Orange,23,95,14.59144457,218,Bad,1,2185,3180.93491626
Tomato,22,93,12.76402932,349,Good,0,2046,4454.64623268
Tomato,22,92,9.814452454,349,Good,0,2024,3425.243906446
Tomato,23,89,7.404343951,314,Good,0,2047,2324.9640006140003
Banana,24,95,18.69070341,267,Bad,1,2280,4990.41781047
Pineapple,24,95,14.1136139,305,Good,0,2280,4304.6522395
Orange,23,95,15.25176672,443,Bad,1,2185,6756.53265696
Tomato,23,89,8.88012605,315,Good,0,2047,2797.2397057499998
Tomato,24,95,12.83585424,299,Bad,1,2280,3837.92041776
Orange,23,95,4.870193845,343,Good,0,2185,1670.476488835
Pineapple,23,95,12.90803823,339,Good,0,2185,4375.82495997
Tomato,25,95,15.33623116,318,Bad,1,2375,4876.92150888
Orange,23,95,15.76515749,253,Bad,1,2185,3988.58484497
Tomato,24,88,10.64323454,243,Good,0,2112,2586.30599322
Pineapple,22,81,12.20210529,332,Good,0,1782,4051.09895628
Banana,26,90,19.10462223,377,Good,0,2340,7202.442580710001
Orange,22,95,7.404343951,363,Good,0,2090,2687.776854213
Orange,23,95,8.415248038,165,Good,0,2185,1388.51592627
Tomato,22,92,10.89052217,352,Good,0,2024,3833.4638038400003
Banana,24,95,18.58861217,250,Bad,1,2280,4647.1530425
Pineapple,25,95,10.40069682,294,Bad,1,2375,3057.80486508
Pineapple,22,95,13.05349201,335,Good,0,2090,4372.91982335
Orange,22,95,5.182587061,297,Good,0,2090,1539.228357117
Tomato,23,89,8.31460431,311,Good,0,2047,2585.84194041
Tomato,24,95,12.98058343,382,Bad,1,2280,4958.58287026
Banana,24,95,12.20210529,253,Bad,1,2280,3087.13263837
Pineapple,22,83,12.62144823,347,Good,0,1826,4379.6425358100005
Tomato,26,89,6.869873736,406,Good,0,2314,2789.168736816
Orange,22,95,7.450253315,352,Good,0,2090,2622.48916688
Tomato,22,92,10.46089174,355,Good,0,2024,3713.6165677
Pineapple,24,95,14.19224347,319,Good,0,2280,4527.32566693
Pineapple,23,95,12.34050263,328,Good,0,2185,4047.6848626399997
Tomato,25,95,15.59225501,385,Bad,1,2375,6003.01817885
Orange,22,95,7.921396405,189,Good,0,2090,1497.1439205450001
Banana,26,95,17.59724365,316,Good,0,2470,5560.7289934
Orange,22,95,4.972872478,289,Good,0,2090,1437.160146142
Orange,22,95,6.003652649,246,Good,0,2090,1476.8985516540001
Banana,24,95,16.29477154,251,Bad,1,2280,4089.98765654
Banana,25,86,13.65010619,350,Good,0,2150,4777.5371665
Orange,23,95,15.85228317,256,Bad,1,2185,4058.18449152
Orange,23,95,17.30998858,396,Bad,1,2185,6854.75547768
Tomato,24,95,16.20534945,369,Bad,1,2280,5979.77394705
Tomato,23,90,12.06507013,331,Good,0,2070,3993.53821303
Banana,25,89,20.29041491,302,Good,0,2225,6127.70530282
Tomato,26,91,6.826673276,394,Good,0,2366,2689.709270744
Tomato,25,95,12.83585424,367,Bad,1,2375,4710.75850608
Pineapple,23,95,13.57421101,352,Good,0,2185,4778.122275520001
Orange,22,95,7.825388265,176,Good,0,2090,1377.26833464
Pineapple,25,95,10.82824911,403,Bad,1,2375,4363.78439133
Pineapple,23,95,13.3488037,367,Good,0,2185,4899.0109579
Tomato,24,95,11.66198098,284,Bad,1,2280,3312.00259832
Orange,24,95,15.93986231,460,Bad,1,2280,7332.336662600001
Banana,26,95,17.12100442,313,Good,0,2470,5358.874383459999
Tomato,25,95,15.50647254,380,Bad,1,2375,5892.459565200001
Orange,24,95,14.91822038,369,Bad,1,2280,5504.82332022
Tomato,23,92,9.644005982,355,Good,0,2116,3423.62212361
Tomato,23,90,12.76402932,321,Good,0,2070,4097.25341172
Tomato,23,87,6.405576451,289,Good,0,2001,1851.211594339
Banana,24,88,15.00096563,323,Good,0,2112,4845.31189849
Orange,23,95,16.47502321,247,Bad,1,2185,4069.33073287
Pineapple,25,95,10.95309884,306,Bad,1,2375,3351.64824504
Tomato,23,88,8.31460431,305,Good,0,2024,2535.95431455
Tomato,27,75,8.214906999,410,Good,0,2025,3368.11186959
Banana,26,95,17.12100442,318,Good,0,2470,5444.47940556
Orange,22,95,9.310371154,181,Good,0,2090,1685.177178874
Pineapple,25,95,11.33503171,336,Bad,1,2375,3808.57065456
Pineapple,23,84,12.62144823,341,Good,0,1932,4303.91384643
Tomato,24,88,10.58215896,242,Good,0,2112,2560.8824683199996
Pineapple,24,95,14.03538213,311,Good,0,2280,4365.00384243
Orange,23,95,14.67251295,211,Bad,1,2185,3095.9002324499997
Pineapple,23,93,12.76402932,346,Good,0,2139,4416.3541447200005
Tomato,22,94,12.20210529,344,Good,0,2068,4197.52421976
Tomato,24,95,16.65717174,357,Bad,1,2280,5946.610311179999
Tomato,25,92,6.571662296,407,Good,0,2300,2674.6665544720004
Orange,22,95,7.589280351,377,Good,0,2090,2861.158692327
Pineapple,23,90,12.76402932,347,Good,0,2070,4429.11817404
Orange,22,95,8.671063387,386,Good,0,2090,3347.030467382
Orange,24,95,15.00096563,392,Bad,1,2280,5880.37852696
Tomato,23,89,12.98058343,330,Good,0,2047,4283.5925319
Orange,22,95,7.730278953,366,Good,0,2090,2829.282096798
Tomato,22,92,13.95754575,337,Good,0,2024,4703.69291775
Orange,22,95,7.542720421,350,Good,0,2090,2639.95214735
Pineapple,24,95,14.19224347,307,Good,0,2280,4357.01874529
Orange,24,95,15.42113219,376,Bad,1,2280,5798.34570344
Orange,23,95,19.74258151,278,Bad,1,2185,5488.43765978
Tomato,25,95,12.90803823,372,Bad,1,2375,4801.790221560001
Orange,23,95,4.802535216,340,Good,0,2185,1632.86197344
Tomato,23,90,10.64323454,353,Good,0,2070,3757.06179262
Orange,23,95,9.644005982,188,Good,0,2185,1813.0731246159999
Orange,22,95,9.8718154,193,Good,0,2090,1905.2603722
Orange,24,95,15.08413665,397,Bad,1,2280,5988.40225005
Banana,24,95,16.93400512,252,Bad,1,2280,4267.36929024
Orange,23,95,13.95754575,215,Bad,1,2185,3000.87233625
Tomato,25,95,15.33623116,324,Bad,1,2375,4968.93889584
Pineapple,24,95,14.1136139,316,Good,0,2280,4459.9019924
Pineapple,25,95,11.01598084,412,Bad,1,2375,4538.584106079999
Pineapple,25,95,9.8718154,347,Bad,1,2375,3425.5199437999995
Orange,23,95,16.56585884,248,Bad,1,2185,4108.33299232
Pineapple,22,95,12.62144823,321,Good,0,2090,4051.48488183
Pineapple,23,95,13.20040797,354,Good,0,2185,4672.94442138
Pineapple,23,95,12.20210529,328,Good,0,2185,4002.29053512
Orange,23,95,9.8718154,182,Good,0,2185,1796.6704028
Banana,25,87,13.95754575,333,Good,0,2175,4647.86273475
Banana,26,93,13.95754575,300,Good,0,2418,4187.263725
Banana,26,90,20.06947764,303,Good,0,2340,6081.051724919999
Banana,26,90,19.63480231,371,Good,0,2340,7284.511657010001
Pineapple,22,86,12.34050263,331,Good,0,1892,4084.7063705299997
Banana,24,95,19.20950925,299,Bad,1,2280,5743.64326575
Tomato,22,92,13.80304952,326,Good,0,2024,4499.79414352
Orange,23,95,19.63480231,275,Bad,1,2185,5399.57063525
Tomato,24,95,14.83589827,315,Bad,1,2280,4673.30795505
Pineapple,22,92,12.69256136,324,Good,0,2024,4112.389880639999
Pineapple,25,95,10.10404473,445,Bad,1,2375,4496.29990485
Banana,25,89,19.74258151,228,Good,0,2225,4501.30858428
Orange,23,95,19.85095108,356,Bad,1,2185,7066.938584480001
Pineapple,25,95,9.987371503,309,Bad,1,2375,3086.0977944270003
Pineapple,25,95,10.34079221,367,Bad,1,2375,3795.07074107
Orange,22,95,4.47356027,331,Good,0,2090,1480.7484493700001
Tomato,22,92,10.40069682,361,Good,0,2024,3754.65155202
Pineapple,23,95,12.34050263,327,Good,0,2185,4035.34436001
Banana,26,87,18.58861217,393,Good,0,2262,7305.324582810001
Orange,23,95,17.21524677,392,Bad,1,2185,6748.37673384
Orange,23,95,19.85095108,360,Bad,1,2185,7146.342388800001
Banana,25,87,14.1136139,326,Good,0,2175,4601.038131400001
Orange,23,95,4.802535216,332,Good,0,2185,1594.441691712
Tomato,23,89,7.730278953,297,Good,0,2047,2295.892849041
Orange,24,95,15.33623116,387,Bad,1,2280,5935.12145892
Pineapple,25,95,10.46089174,370,Bad,1,2375,3870.5299437999997
Tomato,25,95,16.47502321,359,Bad,1,2375,5914.5333323899995
Tomato,26,81,8.116146322,400,Good,0,2106,3246.4585288000003
Pineapple,22,89,12.76402932,328,Good,0,1958,4186.60161696
Orange,22,95,4.938486566,346,Good,0,2090,1708.716351836
Banana,24,89,15.76515749,322,Good,0,2136,5076.38071178
Pineapple,22,95,12.76402932,335,Good,0,2090,4275.9498222
Tomato,24,95,16.47502321,355,Bad,1,2280,5848.63323955
Pineapple,25,95,9.531728808,267,Bad,1,2375,2544.971591736
Orange,24,95,14.75399666,389,Bad,1,2280,5739.30470074
Pineapple,23,95,12.62144823,334,Good,0,2185,4215.56370882
Orange,23,95,19.95991509,345,Bad,1,2185,6886.170706049999
Pineapple,23,87,12.48027818,341,Good,0,2001,4255.774859380001
Tomato,22,93,11.79502342,350,Good,0,2046,4128.258197
Orange,22,95,5.112029894,337,Good,0,2090,1722.754074278
Banana,24,95,12.55068787,254,Bad,1,2280,3187.87471898
Orange,22,95,7.825388265,296,Good,0,2090,2316.31492644
Orange,22,95,7.404343951,302,Good,0,2090,2236.111873202
Orange,23,95,14.51078894,367,Bad,1,2185,5325.4595409799995
Pineapple,22,90,12.90803823,333,Good,0,1980,4298.37673059
Tomato,25,95,14.83589827,303,Bad,1,2375,4495.27717581
Banana,24,95,19.31496687,155,Bad,1,2280,2993.8198648499997
Orange,23,95,8.264637967,177,Good,0,2185,1462.840920159
Tomato,24,93,11.20647613,379,Good,0,2232,4247.25445327
Tomato,23,89,8.31460431,298,Good,0,2047,2477.75208438
Orange,22,95,6.571662296,260,Good,0,2090,1708.63219696
Pineapple,23,81,12.62144823,322,Good,0,1863,4064.1063300600003
Banana,25,87,13.80304952,332,Good,0,2175,4582.61244064
Tomato,26,91,6.740875089,408,Good,0,2366,2750.2770363120003
Tomato,25,91,6.529850053,391,Good,0,2275,2553.1713707229997
Orange,23,95,14.67251295,385,Bad,1,2185,5648.91748575
Banana,25,90,20.40179801,299,Good,0,2250,6100.13760499
Banana,24,95,17.21524677,257,Bad,1,2280,4424.31841989
Orange,23,95,5.112029894,328,Good,0,2185,1676.745805232
Tomato,23,89,12.69256136,332,Good,0,2047,4213.930371519999
Tomato,24,94,11.66198098,375,Good,0,2256,4373.2428675
Orange,22,95,7.496378442,380,Good,0,2090,2848.6238079600002
Orange,23,95,14.83589827,369,Bad,1,2185,5474.44646163
Banana,25,85,12.27113269,352,Good,0,2125,4319.43870688
Pineapple,24,95,14.03538213,322,Good,0,2280,4519.39304586
Orange,22,95,8.214906999,176,Good,0,2090,1445.8236318240001
Tomato,24,95,13.80304952,386,Bad,1,2280,5327.97711472
Orange,23,95,4.904260592,357,Good,0,2185,1750.821031344
Orange,22,95,4.904260592,350,Good,0,2090,1716.4912072
Tomato,22,92,10.16280412,363,Good,0,2024,3689.0978955600003
Pineapple,25,95,11.66198098,435,Bad,1,2375,5072.9617263
Orange,23,95,19.63480231,349,Bad,1,2185,6852.54600619
Pineapple,25,95,9.757364232,328,Bad,1,2375,3200.415468096
Tomato,26,87,7.683058499,401,Good,0,2262,3080.9064580990002
Tomato,23,90,13.27441976,334,Good,0,2070,4433.65619984
Orange,24,95,15.42113219,366,Bad,1,2280,5644.13438154
Orange,22,95,7.496378442,361,Good,0,2090,2706.192617562
Orange,22,95,6.869873736,293,Good,0,2090,2012.873004648
Banana,26,90,18.7933463,394,Good,0,2340,7404.5784422
Banana,26,90,20.17964285,394,Good,0,2340,7950.7792829
Orange,22,95,7.450253315,297,Good,0,2090,2212.725234555
Orange,23,95,19.74258151,333,Bad,1,2185,6574.27964283
Pineapple,23,95,13.12676612,333,Good,0,2185,4371.21311796
Banana,24,95,12.27113269,253,Bad,1,2280,3104.59657057
Orange,23,95,15.93986231,253,Bad,1,2185,4032.7851644300003
Orange,24,95,14.83589827,368,Bad,1,2280,5459.61056336
Tomato,25,95,15.50647254,310,Bad,1,2375,4807.0064874
Orange,22,95,7.496378442,370,Good,0,2090,2773.66002354
Tomato,26,85,8.31460431,399,Good,0,2210,3317.52711969
Orange,22,95,6.869873736,290,Good,0,2090,1992.2633834399999
Orange,23,95,4.669097938,348,Good,0,2185,1624.846082424
Orange,23,95,15.50647254,401,Bad,1,2185,6218.095488540001
Tomato,25,95,12.98058343,365,Bad,1,2375,4737.91295195
Orange,22,95,8.722957641,176,Good,0,2090,1535.2405448160002
Orange,23,95,4.836285621,363,Good,0,2185,1755.571680423
Pineapple,25,95,11.46485093,313,Bad,1,2375,3588.4983410900004
Banana,25,86,13.88010234,339,Good,0,2150,4705.35469326
Tomato,25,95,13.65010619,368,Bad,1,2375,5023.23907792
Tomato,26,93,6.655874013,391,Good,0,2418,2602.446739083
Pineapple,25,95,11.39978246,317,Bad,1,2375,3613.73103982
Banana,24,95,13.27441976,255,Bad,1,2280,3384.9770388
Pineapple,24,95,13.88010234,324,Good,0,2280,4497.15315816
Orange,22,95,4.441500903,328,Good,0,2090,1456.812296184
Banana,25,86,13.49869706,337,Good,0,2150,4549.06090922
Orange,23,95,20.17964285,324,Bad,1,2185,6538.2042834
Tomato,23,87,6.364536513,287,Good,0,2001,1826.621979231
Tomato,26,92,6.740875089,391,Good,0,2392,2635.682159799
Orange,23,95,6.698275399,250,Good,0,2185,1674.56884975
Pineapple,24,95,11.99705843,409,Bad,1,2280,4906.79689787
Pineapple,22,95,12.34050263,324,Good,0,2090,3998.32285212
Banana,24,95,13.65010619,254,Bad,1,2280,3467.12697226
Tomato,25,95,13.57421101,371,Bad,1,2375,5036.032284710001
Orange,22,95,6.446808067,245,Good,0,2090,1579.467976415
Pineapple,25,95,13.05349201,405,Bad,1,2375,5286.6642640499995
Pineapple,22,91,13.20040797,336,Good,0,2002,4435.33707792
Orange,22,95,9.644005982,372,Good,0,2090,3587.570225304
Banana,26,94,14.43054353,306,Good,0,2444,4415.74632018
Pineapple,23,95,12.76402932,318,Good,0,2185,4058.96132376
Tomato,23,93,11.07916988,390,Good,0,2139,4320.8762532
Tomato,23,90,13.05349201,327,Good,0,2070,4268.49188727
Tomato,23,89,12.83585424,311,Good,0,2047,3991.95066864
Pineapple,22,95,12.62144823,332,Good,0,2090,4190.32081236
Orange,23,95,19.42099897,336,Bad,1,2185,6525.45565392
Banana,26,94,14.67251295,303,Good,0,2444,4445.77142385
Orange,23,95,4.938486566,345,Good,0,2185,1703.77786527
Pineapple,23,83,12.62144823,327,Good,0,1909,4127.21357121
Tomato,22,92,9.987371503,351,Good,0,2024,3505.5673975530003
Tomato,23,91,13.49869706,338,Good,0,2093,4562.55960628
Banana,24,95,12.55068787,256,Bad,1,2280,3212.97609472
Banana,24,88,14.67251295,327,Good,0,2112,4797.91173465
Banana,24,95,12.34050263,46,Bad,1,2280,567.66312098
Banana,24,95,12.48027818,92,Bad,1,2280,1148.18559256
Pineapple,22,95,12.27113269,335,Good,0,2090,4110.82945115
Pineapple,25,95,13.65010619,402,Bad,1,2375,5487.34268838
Orange,23,95,4.346218774,345,Good,0,2185,1499.44547703
Orange,24,95,14.91822038,366,Bad,1,2280,5460.06865908
Orange,24,95,14.91822038,396,Bad,1,2280,5907.61527048
Tomato,25,95,13.80304952,385,Bad,1,2375,5314.1740652
Tomato,22,92,10.16280412,360,Good,0,2024,3658.6094832000003
Orange,22,95,8.116146322,175,Good,0,2090,1420.32560635
Tomato,22,92,9.700549236,353,Good,0,2024,3424.293880308
Banana,24,95,16.56585884,251,Bad,1,2280,4158.03056884
Pineapple,22,95,13.49869706,339,Good,0,2090,4576.05830334
Orange,22,95,5.886678992,251,Good,0,2090,1477.556426992
Orange,23,95,4.47356027,335,Good,0,2185,1498.6426904500001
Orange,23,95,19.52760946,342,Bad,1,2185,6678.44243532
Pineapple,25,95,11.14266773,300,Bad,1,2375,3342.800319
Banana,26,95,14.1136139,300,Good,0,2470,4234.08417
Tomato,23,89,7.358649263,287,Good,0,2047,2111.932338481
Tomato,24,89,13.88010234,399,Good,0,2136,5538.16083366
Banana,26,95,16.93400512,310,Good,0,2470,5249.541587199999
Pineapple,23,95,13.12676612,368,Good,0,2185,4830.6499321599995
Tomato,25,95,12.83585424,387,Bad,1,2375,4967.47559088
Tomato,23,91,8.364807255,367,Good,0,2093,3069.884262585
Pineapple,23,95,12.62144823,326,Good,0,2185,4114.592122980001
Banana,24,95,18.89654455,285,Bad,1,2280,5385.5151967500005
Tomato,25,95,14.19224347,377,Bad,1,2375,5350.47578819
Banana,24,86,13.72638492,345,Good,0,2064,4735.6027974
Banana,24,90,16.74896501,315,Good,0,2160,5275.92397815
Orange,23,95,4.802535216,342,Good,0,2185,1642.467043872
Banana,26,90,18.7933463,398,Good,0,2340,7479.7518273999995
Tomato,23,89,7.404343951,308,Good,0,2047,2280.537936908
Pineapple,25,95,14.35070581,404,Bad,1,2375,5797.685147239999
Tomato,23,89,8.364807255,299,Good,0,2047,2501.077369245
Orange,23,95,20.06947764,347,Bad,1,2185,6964.108741079999
Banana,26,95,13.88010234,305,Good,0,2470,4233.4312137
Tomato,24,95,14.91822038,315,Bad,1,2280,4699.239419699999
Tomato,22,92,13.95754575,325,Good,0,2024,4536.20236875
Banana,26,95,17.59724365,315,Good,0,2470,5543.1317497499995
Banana,26,94,15.25176672,306,Good,0,2444,4667.0406163200005
Pineapple,25,95,8.415248038,442,Bad,1,2375,3719.5396327959998
Tomato,24,95,9.531728808,414,Good,0,2280,3946.135726512
Tomato,23,89,7.0889296,293,Good,0,2047,2077.0563728
Orange,23,95,14.67251295,212,Bad,1,2185,3110.5727454
Tomato,24,95,9.644005982,418,Good,0,2280,4031.1945004759996
Tomato,25,93,6.48823229,391,Good,0,2325,2536.89882539
Banana,24,95,13.05349201,258,Bad,1,2280,3367.8009385799996
Tomato,22,92,11.20647613,354,Good,0,2024,3967.09255002
Orange,24,95,14.75399666,438,Bad,1,2280,6462.25053708
Orange,24,95,15.25176672,385,Bad,1,2280,5871.930187200001
Orange,23,95,8.0671142,177,Good,0,2185,1427.8792134
Orange,22,84,6.869873736,294,Good,0,1848,2019.7428783839998
Orange,23,95,14.75399666,407,Bad,1,2185,6004.87664062
Orange,23,95,19.85095108,341,Bad,1,2185,6769.17431828
Pineapple,25,95,12.20210529,439,Bad,1,2375,5356.72422231
Orange,23,95,5.182587061,351,Good,0,2185,1819.0880584110002
Banana,25,86,13.72638492,341,Good,0,2150,4680.6972577199995
Tomato,23,91,8.31460431,377,Good,0,2093,3134.60582487
Tomato,23,90,12.83585424,319,Good,0,2070,4094.63750256
Tomato,24,90,8.264637967,289,Good,0,2160,2388.480372463
Pineapple,23,95,12.69256136,327,Good,0,2185,4150.46756472
Orange,22,95,4.870193845,352,Good,0,2090,1714.30823344
Tomato,24,89,12.98058343,336,Good,0,2136,4361.47603248
Orange,22,95,6.529850053,254,Good,0,2090,1658.5819134619999
Orange,22,95,8.214906999,174,Good,0,2090,1429.393817826
Tomato,22,91,10.16280412,360,Good,0,2002,3658.6094832000003
Orange,24,95,14.59144457,378,Bad,1,2280,5515.56604746
Banana,26,89,19.63480231,392,Good,0,2314,7696.8425055200005
Pineapple,25,95,9.987371503,297,Bad,1,2375,2966.2493363910003
Orange,22,95,5.582615631,248,Good,0,2090,1384.488676488
Tomato,23,89,7.636059339,292,Good,0,2047,2229.729326988
Banana,26,90,19.63480231,377,Good,0,2340,7402.3204708700005
Tomato,25,95,15.67848238,318,Bad,1,2375,4985.75739684
Orange,22,95,7.825388265,382,Good,0,2090,2989.29831723
Orange,22,95,8.214906999,369,Good,0,2090,3031.300682631
Tomato,24,95,13.12676612,370,Bad,1,2280,4856.903464399999
Orange,24,95,15.67848238,251,Bad,1,2280,3935.29907738
Tomato,25,95,14.51078894,376,Bad,1,2375,5456.05664144
Tomato,22,91,13.72638492,333,Good,0,2002,4570.88617836
Orange,23,95,8.465927903,182,Good,0,2185,1540.798878346
Tomato,25,95,14.1136139,388,Bad,1,2375,5476.0821932
Banana,26,95,17.30998858,315,Good,0,2470,5452.646402699999
Orange,24,95,16.93400512,206,Bad,1,2280,3488.4050547199995
Pineapple,25,95,11.14266773,293,Bad,1,2375,3264.80164489
Tomato,23,90,12.69256136,324,Good,0,2070,4112.389880639999
Banana,26,95,19.85095108,382,Good,0,2470,7583.063312560001
Tomato,25,95,15.50647254,381,Bad,1,2375,5907.9660377400005
Banana,24,87,14.03538213,340,Good,0,2088,4772.0299242
Pineapple,23,84,12.69256136,340,Good,0,1932,4315.4708623999995
Banana,24,94,19.10462223,317,Good,0,2256,6056.16524691
Pineapple,24,95,11.46485093,424,Bad,1,2280,4861.09679432
Tomato,24,95,12.20210529,362,Good,0,2280,4417.16211498
Banana,24,95,12.41021712,250,Bad,1,2280,3102.5542800000003
Banana,25,88,19.52760946,381,Good,0,2200,7440.01920426
Tomato,24,90,8.165410187,287,Good,0,2160,2343.472723669
Orange,24,95,15.25176672,375,Bad,1,2280,5719.412520000001
Orange,23,95,16.11639251,259,Bad,1,2185,4174.14566009
Orange,24,95,15.50647254,451,Bad,1,2280,6993.41911554
Banana,26,90,19.63480231,395,Good,0,2340,7755.74691245
Orange,24,94,18.89654455,266,Bad,1,2256,5026.4808503
Tomato,24,82,7.825388265,393,Good,0,1968,3075.377588145
Orange,23,95,4.47356027,338,Good,0,2185,1512.06337126
Tomato,23,89,7.873279406,296,Good,0,2047,2330.490704176
Orange,23,95,8.31460431,174,Good,0,2185,1446.74114994
Banana,25,95,16.38466179,260,Bad,1,2375,4260.0120654
Pineapple,23,95,12.76402932,333,Good,0,2185,4250.42176356
Pineapple,25,95,10.95309884,295,Bad,1,2375,3231.1641578
Tomato,26,93,6.571662296,402,Good,0,2418,2641.808242992
Pineapple,22,95,12.34050263,345,Good,0,2090,4257.473407349999
Pineapple,25,95,10.22184745,369,Bad,1,2375,3771.86170905
Orange,22,95,5.147226326,297,Good,0,2090,1528.726218822
Banana,24,95,16.84124175,244,Bad,1,2280,4109.262986999999
Tomato,25,95,7.730278953,211,Good,0,2375,1631.088859083
Orange,22,95,7.589280351,290,Good,0,2090,2200.89130179
Orange,23,95,8.116146322,173,Good,0,2185,1404.0933137060001
Orange,24,95,15.16773612,363,Bad,1,2280,5505.88821156
Orange,23,95,5.582615631,258,Good,0,2185,1440.314832798
Tomato,25,93,6.405576451,397,Good,0,2325,2543.013851047
Banana,26,89,19.63480231,380,Good,0,2314,7461.2248778
Pineapple,25,95,11.46485093,424,Bad,1,2375,4861.09679432
Pineapple,24,95,14.1136139,328,Good,0,2280,4629.265359200001
Orange,22,95,7.044707922,341,Good,0,2090,2402.245401402
Tomato,22,94,13.57421101,350,Good,0,2068,4750.973853500001
Tomato,26,86,8.116146322,413,Good,0,2236,3351.9684309860004
Orange,23,95,15.08413665,410,Bad,1,2185,6184.4960265
Orange,23,95,4.47356027,339,Good,0,2185,1516.53693153
Tomato,22,92,11.79502342,357,Good,0,2024,4210.8233609399995
Orange,23,95,15.16773612,450,Bad,1,2185,6825.481254
Banana,24,95,17.21524677,249,Bad,1,2280,4286.59644573
Orange,23,95,15.08413665,216,Bad,1,2185,3258.1735163999997
Banana,25,88,15.50647254,323,Good,0,2200,5008.59063042
Tomato,26,84,8.0671142,421,Good,0,2184,3396.2550782000003
Tomato,23,90,12.98058343,322,Good,0,2070,4179.74786446
Tomato,22,91,13.27441976,328,Good,0,2002,4354.00968128
Pineapple,22,92,12.62144823,318,Good,0,2024,4013.62053714
Orange,22,95,8.116146322,368,Good,0,2090,2986.741846496
Pineapple,23,83,12.62144823,346,Good,0,1909,4367.02108758
Orange,23,95,14.75399666,432,Bad,1,2185,6373.7265571200005
Orange,22,95,9.929454577,198,Good,0,2090,1966.0320062459998
Banana,26,88,19.00030193,381,Good,0,2288,7239.11503533
Tomato,23,88,7.777721829,286,Good,0,2024,2224.428443094
Tomato,22,91,13.3488037,328,Good,0,2002,4378.407613599999
Orange,23,95,15.25176672,251,Bad,1,2185,3828.1934467200003
Banana,24,95,16.84124175,254,Bad,1,2280,4277.6754045
Orange,23,95,16.74896501,246,Bad,1,2185,4120.2453924599995
Banana,24,94,18.58861217,316,Good,0,2256,5874.00144572
Orange,22,95,7.404343951,357,Good,0,2090,2643.350790507
Banana,24,95,16.84124175,256,Bad,1,2280,4311.357888
Banana,26,86,18.48706888,386,Good,0,2236,7136.008587679999
Banana,24,95,16.84124175,246,Bad,1,2280,4142.9454705
Tomato,23,92,11.66198098,352,Good,0,2116,4105.01730496
Pineapple,24,95,12.98058343,402,Bad,1,2280,5218.19453886
Banana,24,95,16.74896501,247,Bad,1,2280,4136.99435747
Banana,25,95,19.42099897,378,Good,0,2375,7341.13761066
Tomato,22,93,12.20210529,353,Good,0,2046,4307.34316737
Tomato,23,92,9.644005982,364,Good,0,2116,3510.418177448
Banana,24,95,15.93986231,252,Bad,1,2280,4016.8453021200003
Tomato,24,89,13.05349201,397,Good,0,2136,5182.236327969999
Orange,23,95,19.74258151,324,Bad,1,2185,6396.59640924
Orange,24,95,16.11639251,255,Bad,1,2280,4109.68009005
Pineapple,23,95,12.90803823,347,Good,0,2185,4479.08926581
Tomato,23,89,8.264637967,304,Good,0,2047,2512.449941968
Tomato,22,94,13.88010234,353,Good,0,2068,4899.67612602
Banana,26,90,18.69070341,396,Good,0,2340,7401.5185503600005
Banana,25,95,16.29477154,275,Bad,1,2375,4481.0621734999995
Tomato,24,95,12.83585424,302,Bad,1,2280,3876.42798048
Orange,24,95,14.67251295,367,Bad,1,2280,5384.81225265
Pineapple,24,95,14.1136139,320,Good,0,2280,4516.3564480000005
Orange,22,95,9.531728808,392,Good,0,2090,3736.4376927360004
Banana,25,86,13.3488037,349,Good,0,2150,4658.7324913
Orange,23,95,17.02725828,258,Bad,1,2185,4393.03263624
Tomato,25,95,7.636059339,206,Good,0,2375,1573.028223834
Tomato,25,95,15.42113219,311,Bad,1,2375,4795.97211109
Orange,22,95,5.695315198,304,Good,0,2090,1731.375820192
Tomato,23,89,7.177995872,295,Good,0,2047,2117.50878224
Orange,23,95,16.38466179,331,Bad,1,2185,5423.32305249
Pineapple,25,95,9.8718154,292,Bad,1,2375,2882.5700967999996
Pineapple,25,95,13.3488037,408,Bad,1,2375,5446.3119096
Tomato,23,89,7.825388265,293,Good,0,2047,2292.838761645
Tomato,26,90,7.0889296,403,Good,0,2340,2856.8386288
Orange,23,95,20.06947764,330,Bad,1,2185,6622.9276211999995
Banana,26,90,20.40179801,397,Good,0,2340,8099.51380997
Tomato,24,90,13.12676612,336,Good,0,2160,4410.59341632
Tomato,23,91,8.31460431,376,Good,0,2093,3126.29122056
Banana,24,95,16.56585884,250,Bad,1,2280,4141.46471
Tomato,22,92,10.04556771,348,Good,0,2024,3495.85756308
Orange,23,95,6.740875089,330,Good,0,2185,2224.48877937
Banana,24,95,19.42099897,308,Bad,1,2280,5981.6676827599995
Banana,24,90,11.92938136,92,Bad,1,2160,1097.5030851200002
Tomato,24,95,16.11639251,341,Bad,1,2280,5495.68984591
Pineapple,24,95,14.03538213,335,Good,0,2280,4701.8530135500005
Tomato,22,93,11.72833871,356,Good,0,2046,4175.28858076
Pineapple,22,95,12.76402932,337,Good,0,2090,4301.477880840001
Orange,22,95,6.698275399,264,Good,0,2090,1768.344705336
Pineapple,24,95,13.95754575,323,Good,0,2280,4508.2872772499995
Pineapple,25,95,10.82824911,452,Bad,1,2375,4894.36859772
Orange,23,95,16.84124175,246,Bad,1,2185,4142.9454705
Orange,22,95,7.000692513,354,Good,0,2090,2478.245149602
Pineapple,25,95,9.929454577,302,Bad,1,2375,2998.6952822539997
Orange,23,95,4.802535216,347,Good,0,2185,1666.4797199519999
Tomato,25,95,7.636059339,196,Good,0,2375,1496.667630444
Tomato,23,89,7.267899623,306,Good,0,2047,2223.977284638
Tomato,23,92,10.70460698,356,Good,0,2116,3810.8400848799997
Orange,23,95,8.775098629,190,Good,0,2185,1667.2687395100002
Tomato,23,89,7.358649263,293,Good,0,2047,2156.084234059
Banana,25,88,14.83589827,320,Good,0,2200,4747.4874463999995
Banana,25,89,20.06947764,396,Good,0,2225,7947.51314544
Banana,25,95,17.88911347,352,Good,0,2375,6296.967941440001
Orange,23,83,5.007419045,351,Good,0,1909,1757.6040847949998
Banana,25,87,14.27127328,334,Good,0,2175,4766.60527552
Pineapple,25,95,9.987371503,318,Bad,1,2375,3175.9841379540003
Orange,23,95,14.43054353,216,Bad,1,2185,3116.99740248
Orange,24,95,14.83589827,436,Bad,1,2280,6468.45164572
Tomato,24,88,10.76627794,244,Good,0,2112,2626.97181736
Tomato,23,92,9.8718154,358,Good,0,2116,3534.1099131999995
Tomato,22,90,12.98058343,333,Good,0,1980,4322.534282189999
Pineapple,24,95,13.80304952,315,Good,0,2280,4347.9605988
Tomato,25,93,6.48823229,406,Good,0,2325,2634.22230974
Banana,25,89,19.20950925,397,Good,0,2225,7626.17517225
Pineapple,24,95,14.03538213,307,Good,0,2280,4308.86231391
Pineapple,23,95,12.20210529,313,Good,0,2185,3819.2589557700003
Pineapple,23,95,12.76402932,332,Good,0,2185,4237.6577342400005
Orange,24,95,16.20534945,200,Bad,1,2280,3241.0698899999998
Orange,23,95,14.75399666,429,Bad,1,2185,6329.46456714
Pineapple,25,95,11.33503171,322,Bad,1,2375,3649.88021062
Pineapple,25,95,11.27059687,321,Bad,1,2375,3617.86159527
Tomato,24,95,12.06507013,288,Bad,1,2280,3474.74019744
Tomato,23,90,12.83585424,325,Good,0,2070,4171.652628
Orange,22,95,8.165410187,173,Good,0,2090,1412.6159623510002
Pineapple,22,92,13.20040797,336,Good,0,2024,4435.33707792
Pineapple,22,89,12.76402932,338,Good,0,1958,4314.24191016
Orange,23,95,8.364807255,177,Good,0,2185,1480.5708841350001
Orange,24,95,16.29477154,256,Bad,1,2280,4171.46151424
Banana,25,89,19.00030193,383,Good,0,2225,7277.1156391899995
Orange,24,95,19.20950925,264,Bad,1,2280,5071.310442
Pineapple,25,95,11.07916988,312,Bad,1,2375,3456.7010025600002
Pineapple,25,95,11.01598084,297,Bad,1,2375,3271.7463094799996
Pineapple,22,83,12.69256136,329,Good,0,1826,4175.8526874399995
Tomato,25,95,7.825388265,198,Good,0,2375,1549.42687647
Orange,23,95,15.67848238,456,Bad,1,2185,7149.38796528
Orange,23,95,19.63480231,346,Bad,1,2185,6793.6415992600005
Orange,23,95,17.30998858,248,Bad,1,2185,4292.87716784
Banana,24,89,15.85228317,322,Good,0,2136,5104.43518074
Orange,22,95,5.964479838,270,Good,0,2090,1610.40955626
Tomato,25,81,8.264637967,398,Good,0,2025,3289.3259108660004
Banana,24,95,12.98058343,251,Bad,1,2280,3258.1264409299997
Banana,24,95,16.47502321,253,Bad,1,2280,4168.18087213
Orange,22,95,6.826673276,259,Good,0,2090,1768.108378484
Tomato,25,95,7.358649263,196,Good,0,2375,1442.2952555480001
Tomato,24,95,13.05349201,300,Bad,1,2280,3916.047603
Tomato,24,95,13.12676612,299,Bad,1,2280,3924.9030698799997
Pineapple,23,80,12.48027818,326,Good,0,1840,4068.57068668
Tomato,26,73,9.420521035,450,Good,0,1898,4239.23446575
Pineapple,22,95,12.55068787,328,Good,0,2090,4116.62562136
Tomato,23,89,12.69256136,348,Good,0,2047,4417.01135328
Pineapple,24,95,14.19224347,320,Good,0,2280,4541.5179104
Banana,26,95,16.74896501,315,Good,0,2470,5275.92397815
Orange,23,95,15.76515749,401,Bad,1,2185,6321.82815349
Orange,22,95,6.571662296,265,Good,0,2090,1741.4905084400002
Tomato,24,76,18.58861217,457,Good,0,1824,8494.995761690001
Tomato,22,93,11.862037,352,Good,0,2046,4175.437024000001
Tomato,25,95,12.83585424,307,Bad,1,2375,3940.60725168
Orange,23,95,4.603308323,330,Good,0,2185,1519.0917465900002
Tomato,23,89,12.41021712,335,Good,0,2047,4157.4227352
Pineapple,23,95,12.83585424,356,Good,0,2185,4569.56410944
Tomato,24,93,11.07916988,363,Good,0,2232,4021.73866644
Tomato,22,92,10.52137857,359,Good,0,2024,3777.17490663
Tomato,23,87,6.283027997,284,Good,0,2001,1784.379951148
Pineapple,25,95,13.72638492,403,Bad,1,2375,5531.73312276
Banana,26,94,15.25176672,308,Good,0,2444,4697.54414976
Orange,24,95,15.00096563,356,Bad,1,2280,5340.34376428
Orange,23,95,16.93400512,245,Bad,1,2185,4148.8312544
Orange,23,95,17.12100442,260,Bad,1,2185,4451.461149199999
Orange,24,95,14.83589827,434,Bad,1,2280,6438.7798491799995
Orange,22,95,6.529850053,279,Good,0,2090,1821.8281647869999
Tomato,23,90,12.76402932,325,Good,0,2070,4148.309529
Banana,26,95,16.47502321,309,Good,0,2470,5090.7821718899995
Orange,23,95,19.42099897,359,Bad,1,2185,6972.13863023
Orange,23,95,20.06947764,348,Bad,1,2185,6984.17821872
Orange,22,95,6.122270991,256,Good,0,2090,1567.301373696
Orange,24,95,15.08413665,360,Bad,1,2280,5430.289194
Tomato,25,76,17.02725828,453,Good,0,1900,7713.348000840001
Orange,23,95,15.16773612,254,Bad,1,2185,3852.6049744800002
Orange,24,95,14.59144457,372,Bad,1,2280,5428.01738004
Tomato,23,88,7.267899623,289,Good,0,2024,2100.422991047
Tomato,25,95,12.83585424,306,Bad,1,2375,3927.77139744
Orange,22,95,6.529850053,250,Good,0,2090,1632.4625132499998
Tomato,22,92,9.814452454,354,Good,0,2024,3474.316168716
Banana,26,90,20.29041491,378,Good,0,2340,7669.776835979999
Orange,23,95,4.836285621,341,Good,0,2185,1649.173396761
Pineapple,25,95,12.13341843,415,Bad,1,2375,5035.36864845
Pineapple,22,95,12.98058343,320,Good,0,2090,4153.7866976
Tomato,26,89,7.267899623,415,Good,0,2314,3016.178343545
Orange,23,95,14.59144457,216,Bad,1,2185,3151.75202712
Pineapple,25,95,11.92938136,411,Bad,1,2375,4902.97573896
Pineapple,24,95,14.03538213,306,Good,0,2280,4294.82693178
Tomato,23,92,11.07916988,349,Good,0,2116,3866.63028812
Banana,24,95,19.20950925,292,Bad,1,2280,5609.176701
Tomato,24,93,11.07916988,380,Good,0,2232,4210.0845544
Banana,25,88,19.42099897,372,Good,0,2200,7224.611616839999
Tomato,23,89,7.313168177,286,Good,0,2047,2091.566098622
Tomato,25,95,15.42113219,317,Bad,1,2375,4888.49890423
Orange,23,86,4.636126276,338,Good,0,1978,1567.010681288
Banana,26,90,20.17964285,392,Good,0,2340,7910.419997200001
Tomato,24,90,8.165410187,291,Good,0,2160,2376.134364417
Orange,22,95,6.242557594,250,Good,0,2090,1560.6393985
Pineapple,25,95,10.16280412,303,Bad,1,2375,3079.32964836
Tomato,24,95,12.06507013,290,Bad,1,2280,3498.8703377
Orange,24,95,15.08413665,391,Bad,1,2280,5897.89743015
Tomato,24,95,16.56585884,365,Bad,1,2280,6046.538476600001
Orange,23,95,15.00096563,392,Bad,1,2185,5880.37852696
Tomato,23,88,7.825388265,298,Good,0,2024,2331.96570297
Banana,26,94,15.16773612,305,Good,0,2444,4626.159516600001
Pineapple,22,95,12.83585424,340,Good,0,2090,4364.1904416
Tomato,23,95,14.83589827,314,Bad,1,2185,4658.47205678
Tomato,23,87,6.364536513,288,Good,0,2001,1832.986515744
Tomato,23,88,8.415248038,301,Good,0,2024,2532.9896594379998
Tomato,26,92,6.655874013,392,Good,0,2392,2609.102613096
Pineapple,25,95,10.16280412,318,Bad,1,2375,3231.77171016
Orange,24,95,15.16773612,378,Bad,1,2280,5733.40425336
Banana,24,95,18.89654455,290,Bad,1,2280,5479.9979195000005
Pineapple,25,95,11.14266773,296,Bad,1,2375,3298.2296480799996
Tomato,23,89,7.636059339,290,Good,0,2047,2214.45720831
Orange,23,95,8.0671142,175,Good,0,2185,1411.744985
Orange,23,95,8.775098629,178,Good,0,2185,1561.967555962
Pineapple,24,95,14.03538213,353,Good,0,2280,4954.48989189
Pineapple,24,95,14.59144457,405,Bad,1,2280,5909.5350508500005
Tomato,25,95,15.50647254,312,Bad,1,2375,4838.01943248
Tomato,25,95,12.90803823,371,Bad,1,2375,4788.88218333
Tomato,24,94,11.66198098,371,Good,0,2256,4326.594943579999
Tomato,24,93,11.27059687,372,Good,0,2232,4192.66203564
Banana,24,95,19.31496687,299,Bad,1,2280,5775.17509413
Tomato,23,90,12.69256136,327,Good,0,2070,4150.46756472
Pineapple,25,95,10.22184745,296,Bad,1,2375,3025.6668452
Pineapple,25,95,10.10404473,354,Bad,1,2375,3576.83183442
Pineapple,23,95,13.27441976,360,Good,0,2185,4778.7911136
Banana,24,86,13.57421101,339,Good,0,2064,4601.657532390001
Banana,26,94,15.50647254,303,Good,0,2444,4698.461179620001
Orange,24,95,15.76515749,379,Bad,1,2280,5974.99468871
Orange,23,95,14.43054353,212,Bad,1,2185,3059.27522836
Banana,26,95,17.30998858,311,Good,0,2470,5383.406448379999
Tomato,24,88,10.82824911,246,Good,0,2112,2663.74928106
Pineapple,24,95,14.03538213,303,Good,0,2280,4252.72078539
Pineapple,23,85,12.83585424,330,Good,0,1955,4235.8318991999995
Pineapple,25,95,11.862037,430,Bad,1,2375,5100.67591
Banana,26,90,19.42099897,390,Good,0,2340,7574.1895982999995
Orange,23,95,8.516848104,183,Good,0,2185,1558.5832030319998
Pineapple,22,95,12.55068787,333,Good,0,2090,4179.37906071
Pineapple,25,95,11.01598084,300,Bad,1,2375,3304.7942519999997
Pineapple,23,95,12.27113269,330,Good,0,2185,4049.4737877
Banana,25,95,16.29477154,262,Bad,1,2375,4269.23014348
Tomato,22,91,13.42356205,332,Good,0,2002,4456.6226006
Banana,26,88,19.10462223,384,Good,0,2288,7336.17493632
Pineapple,24,95,14.19224347,325,Good,0,2280,4612.47912775
Pineapple,22,95,12.62144823,334,Good,0,2090,4215.56370882
Banana,25,86,13.42356205,350,Good,0,2150,4698.2467175
Banana,25,86,13.3488037,348,Good,0,2150,4645.3836876
Orange,22,95,4.702223982,354,Good,0,2090,1664.5872896279998
Banana,25,88,14.91822038,321,Good,0,2200,4788.74874198
Tomato,24,95,11.72833871,280,Bad,1,2280,3283.9348388
Orange,24,95,15.16773612,400,Bad,1,2280,6067.094448
Tomato,23,92,9.929454577,351,Good,0,2116,3485.2385565269997
Banana,25,86,13.65010619,336,Good,0,2150,4586.43567984
Banana,26,90,20.17964285,297,Good,0,2340,5993.3539264500005
Tomato,23,89,7.133358572,282,Good,0,2047,2011.607117304
Orange,23,95,4.938486566,342,Good,0,2185,1688.962405572
Orange,22,93,7.683058499,356,Good,0,2046,2735.168825644
Orange,23,95,15.25176672,397,Bad,1,2185,6054.95138784
Pineapple,25,95,10.52137857,372,Bad,1,2375,3913.95282804
Orange,23,95,19.52760946,344,Bad,1,2185,6717.49765424
Orange,23,95,14.83589827,386,Bad,1,2185,5726.65673222
Tomato,23,89,12.55068787,322,Good,0,2047,4041.32149414
Tomato,23,93,11.72833871,351,Good,0,2139,4116.6468872099995
Tomato,24,89,13.49869706,406,Good,0,2136,5480.47100636
Pineapple,23,89,12.90803823,345,Good,0,2047,4453.27318935
Tomato,23,88,7.496378442,287,Good,0,2024,2151.460612854
Orange,23,95,5.042126986,358,Good,0,2185,1805.0814609880001
Banana,25,89,20.51379641,298,Good,0,2225,6113.111330180001
Pineapple,25,95,11.20647613,285,Bad,1,2375,3193.84569705
Tomato,23,88,7.921396405,286,Good,0,2024,2265.51937183
Tomato,23,92,9.814452454,362,Good,0,2116,3552.831788348
Orange,23,95,19.74258151,358,Bad,1,2185,7067.84418058
Pineapple,25,95,10.04556771,310,Bad,1,2375,3114.1259901000003
Pineapple,24,95,14.27127328,305,Good,0,2280,4352.7383504
Pineapple,23,86,12.83585424,336,Good,0,1978,4312.84702464
Tomato,22,92,10.52137857,355,Good,0,2024,3735.08939235
Tomato,22,92,11.14266773,356,Good,0,2024,3966.7897118799997
Orange,22,95,4.538130868,339,Good,0,2090,1538.426364252
Banana,26,94,14.27127328,304,Good,0,2444,4338.46707712
Pineapple,22,95,12.55068787,330,Good,0,2090,4141.7269971000005
Orange,24,95,14.91822038,388,Bad,1,2280,5788.26950744
Orange,21,94,9.365314571,387,Good,0,1974,3624.3767389770005
Tomato,25,95,12.62144823,307,Bad,1,2375,3874.78460661
Pineapple,25,95,11.27059687,294,Bad,1,2375,3313.55547978
Tomato,25,95,15.67848238,323,Bad,1,2375,5064.1498087400005
Banana,26,95,15.67848238,304,Good,0,2470,4766.25864352
Orange,22,95,12.48027818,214,Good,0,2090,2670.77953052
Tomato,24,95,11.92938136,373,Good,0,2280,4449.65924728
Orange,23,95,19.63480231,360,Bad,1,2185,7068.528831600001
Tomato,23,94,11.01598084,390,Good,0,2162,4296.2325276
Tomato,25,92,6.529850053,408,Good,0,2300,2664.1788216239997
Orange,22,95,6.826673276,297,Good,0,2090,2027.521962972
Banana,24,87,14.43054353,336,Good,0,2088,4848.662626079999
Orange,23,95,17.40523312,404,Bad,1,2185,7031.714180479999
Banana,26,89,18.28561157,386,Good,0,2314,7058.24606602
Banana,24,95,12.90803823,254,Bad,1,2280,3278.64171042
Banana,24,95,11.862037,254,Bad,1,2280,3012.957398
Pineapple,25,95,11.53023895,425,Bad,1,2375,4900.35155375
Tomato,23,92,10.04556771,352,Good,0,2116,3536.03983392
Pineapple,25,95,10.76627794,435,Bad,1,2375,4683.3309039000005
Pineapple,23,95,12.41021712,332,Good,0,2185,4120.19208384
Tomato,22,89,12.48027818,320,Good,0,1958,3993.6890176
Tomato,25,95,15.25176672,411,Bad,1,2375,6268.47612192
Orange,22,95,4.47356027,334,Good,0,2090,1494.1691301800001
Tomato,23,89,7.969740423,300,Good,0,2047,2390.9221269
Orange,23,95,5.182587061,256,Good,0,2185,1326.742287616
Tomato,23,89,7.542720421,295,Good,0,2047,2225.102524195
Pineapple,22,91,12.55068787,334,Good,0,2002,4191.929748580001
Pineapple,25,95,11.20647613,410,Bad,1,2375,4594.6552133000005
Orange,24,95,14.83589827,358,Bad,1,2280,5311.2515806599995
Tomato,25,95,13.20040797,379,Bad,1,2375,5002.95462063
Banana,26,89,19.74258151,370,Good,0,2314,7304.755158700001
Orange,24,95,15.00096563,336,Bad,1,2280,5040.32445168
Tomato,23,91,13.57421101,321,Good,0,2093,4357.321734210001
Pineapple,22,92,12.76402932,338,Good,0,2024,4314.24191016
Banana,26,89,19.63480231,379,Good,0,2314,7441.59007549
Tomato,24,95,16.20534945,342,Bad,1,2280,5542.2295119
Banana,26,95,21.31537817,401,Good,0,2470,8547.46664617
Orange,23,95,19.10462223,267,Bad,1,2185,5100.93413541
Banana,24,95,15.42113219,243,Bad,1,2280,3747.33512217
Orange,22,86,4.669097938,355,Good,0,1892,1657.52976799
Tomato,25,95,12.83585424,376,Bad,1,2375,4826.28119424
Orange,24,95,15.85228317,257,Bad,1,2280,4074.03677469
Tomato,22,90,12.90803823,315,Good,0,1980,4066.03204245
Banana,26,85,19.31496687,324,Good,0,2210,6258.049265879999
Tomato,24,95,14.75399666,313,Bad,1,2280,4618.00095458
Orange,23,95,14.83589827,246,Bad,1,2185,3649.63097442
Orange,23,95,4.904260592,362,Good,0,2185,1775.342334304
Pineapple,25,95,10.82824911,310,Bad,1,2375,3356.7572241
Pineapple,23,81,12.62144823,344,Good,0,1863,4341.77819112
Orange,22,95,8.465927903,164,Good,0,2090,1388.4121760920002
Orange,23,95,7.873279406,184,Good,0,2185,1448.683410704
Orange,22,95,8.214906999,177,Good,0,2090,1454.038538823
Tomato,23,90,12.83585424,316,Good,0,2070,4056.12993984
Tomato,22,91,13.57421101,325,Good,0,2002,4411.618578250001
Banana,24,95,15.33623116,248,Bad,1,2280,3803.38532768
Pineapple,23,95,12.48027818,330,Good,0,2185,4118.491799400001
Tomato,24,95,13.20040797,298,Bad,1,2280,3933.7215750600003
Tomato,23,94,11.46485093,391,Good,0,2162,4482.75671363
Orange,24,95,14.67251295,359,Bad,1,2280,5267.43214905
Tomato,26,94,6.323687334,402,Good,0,2444,2542.122308268
Orange,22,95,7.542720421,367,Good,0,2090,2768.178394507
Banana,25,86,13.65010619,347,Good,0,2150,4736.586847930001
Tomato,23,89,7.496378442,300,Good,0,2047,2248.9135326
Banana,25,86,13.80304952,333,Good,0,2150,4596.41549016
Banana,24,95,18.08630257,257,Bad,1,2280,4648.17976049
Tomato,23,95,14.67251295,314,Bad,1,2185,4607.1690663
Orange,23,95,4.904260592,352,Good,0,2185,1726.299728384
Banana,24,95,19.10462223,288,Bad,1,2280,5502.13120224
Orange,23,88,4.669097938,353,Good,0,2024,1648.191572114
Tomato,25,95,15.50647254,318,Bad,1,2375,4931.05826772
Orange,23,95,15.42113219,255,Bad,1,2185,3932.3887084499997
Banana,24,95,19.20950925,305,Bad,1,2280,5858.90032125
Tomato,22,93,14.19224347,333,Good,0,2046,4726.01707551
Pineapple,25,95,11.20647613,454,Bad,1,2375,5087.74016302
Pineapple,25,95,12.34050263,438,Bad,1,2375,5405.14015194
Orange,24,95,16.56585884,205,Bad,1,2280,3396.0010622
Banana,26,91,19.52760946,376,Good,0,2366,7342.38115696
Orange,22,95,7.404343951,350,Good,0,2090,2591.5203828500003
Banana,24,95,16.47502321,238,Bad,1,2280,3921.05552398
Pineapple,25,95,11.07916988,287,Bad,1,2375,3179.72175556
Tomato,25,95,15.25176672,399,Bad,1,2375,6085.45492128
Banana,24,94,19.42099897,321,Good,0,2256,6234.14066937
Orange,24,95,15.08413665,369,Bad,1,2280,5566.04642385
Tomato,23,93,11.66198098,352,Good,0,2139,4105.01730496
Orange,23,95,19.63480231,361,Bad,1,2185,7088.1636339100005
Tomato,24,95,15.25176672,382,Bad,1,2280,5826.174887040001
Orange,24,95,14.91822038,356,Bad,1,2280,5310.88645528
Pineapple,25,95,9.814452454,323,Bad,1,2375,3170.0681426419997
Pineapple,22,91,12.62144823,336,Good,0,2002,4240.80660528
Pineapple,23,92,12.76402932,348,Good,0,2116,4441.88220336
Orange,24,95,17.40523312,218,Bad,1,2280,3794.3408201599996
Tomato,24,75,17.5009837,457,Good,0,1800,7997.9495509
Tomato,23,89,8.415248038,315,Good,0,2047,2650.80313197
Orange,23,95,19.31496687,281,Bad,1,2185,5427.5056904699995
Pineapple,22,89,12.69256136,344,Good,0,1958,4366.24110784
Tomato,24,89,12.90803823,332,Good,0,2136,4285.46869236
Tomato,23,88,7.450253315,288,Good,0,2024,2145.6729547200002
Banana,25,89,19.10462223,379,Good,0,2225,7240.65182517
Pineapple,25,95,10.04556771,353,Bad,1,2375,3546.08540163
Pineapple,25,95,10.58215896,394,Bad,1,2375,4169.37063024
Tomato,25,95,13.88010234,370,Bad,1,2375,5135.6378658
Banana,26,90,20.40179801,303,Good,0,2340,6181.74479703
Orange,23,95,10.82824911,387,Good,0,2185,4190.53240557
Orange,22,95,4.505770041,334,Good,0,2090,1504.927193694
Tomato,23,93,14.03538213,329,Good,0,2139,4617.64072077
Banana,25,86,12.27113269,336,Good,0,2150,4123.10058384
Tomato,22,93,14.03538213,342,Good,0,2046,4800.10068846
Orange,23,95,15.67848238,249,Bad,1,2185,3903.94211262
Pineapple,25,95,9.814452454,295,Bad,1,2375,2895.2634739299997
Banana,26,94,15.42113219,308,Good,0,2444,4749.70871452
Tomato,23,92,9.587732994,355,Good,0,2116,3403.64521287
Tomato,23,91,8.264637967,374,Good,0,2093,3090.974599658
Banana,25,86,13.65010619,344,Good,0,2150,4695.63652936
Orange,23,95,4.283437616,326,Good,0,2185,1396.4006628159998
Tomato,23,89,8.165410187,303,Good,0,2047,2474.1192866610004
Orange,22,95,7.0889296,301,Good,0,2090,2133.7678096
Tomato,23,92,11.39978246,350,Good,0,2116,3989.923861
Tomato,24,95,16.56585884,364,Bad,1,2280,6029.9726177600005
Pineapple,22,94,13.3488037,346,Good,0,2068,4618.6860802
Banana,24,87,13.80304952,335,Good,0,2088,4624.0215892
Tomato,26,91,6.698275399,405,Good,0,2366,2712.801536595
Pineapple,25,95,9.987371503,312,Bad,1,2375,3116.0599089360003
Pineapple,25,95,11.53023895,426,Bad,1,2375,4911.8817927
Orange,22,95,5.076997025,350,Good,0,2090,1776.94895875
Orange,24,95,14.59144457,371,Bad,1,2280,5413.42593547
Orange,22,95,8.465927903,182,Good,0,2090,1540.798878346
Pineapple,25,95,11.27059687,289,Bad,1,2375,3257.20249543
Orange,22,95,4.505770041,342,Good,0,2090,1540.973354022
Pineapple,23,95,12.62144823,328,Good,0,2185,4139.83501944
Pineapple,25,95,11.862037,438,Bad,1,2375,5195.572206000001
Orange,24,95,15.33623116,368,Bad,1,2280,5643.7330668800005
Orange,23,95,14.75399666,218,Bad,1,2185,3216.37127188
Tomato,24,81,7.825388265,397,Good,0,1944,3106.679141205
Pineapple,25,95,11.14266773,448,Bad,1,2375,4991.91514304
Banana,26,94,13.57421101,299,Good,0,2444,4058.68909199
Tomato,23,88,7.969740423,297,Good,0,2024,2367.012905631
Banana,25,87,12.55068787,339,Good,0,2175,4254.683187930001
Tomato,24,95,14.83589827,370,Bad,1,2280,5489.282359899999
Orange,22,95,7.358649263,289,Good,0,2090,2126.649637007
Tomato,26,92,6.364536513,398,Good,0,2392,2533.085532174
Banana,24,86,13.65010619,346,Good,0,2064,4722.93674174
Orange,23,95,19.74258151,350,Bad,1,2185,6909.9035285
Banana,26,95,16.84124175,311,Good,0,2470,5237.62618425
Tomato,24,88,10.64323454,245,Good,0,2112,2607.5924623
Tomato,22,93,11.72833871,359,Good,0,2046,4210.4735968899995
Tomato,23,95,7.496378442,174,Good,0,2185,1304.369848908
Tomato,23,89,7.969740423,301,Good,0,2047,2398.891867323
Tomato,23,89,8.364807255,314,Good,0,2047,2626.54947807
Pineapple,23,81,12.62144823,339,Good,0,1863,4278.67094997
Orange,22,95,10.16280412,196,Good,0,2090,1991.90960752
Orange,24,95,14.91822038,363,Bad,1,2280,5415.313997939999
Tomato,23,90,13.12676612,329,Good,0,2070,4318.706053479999
Orange,24,95,16.20534945,377,Bad,1,2280,6109.41674265
Tomato,23,92,11.20647613,355,Good,0,2116,3978.2990261500004
Banana,24,95,17.02725828,245,Bad,1,2280,4171.6782786
Orange,22,95,5.43477585,309,Good,0,2090,1679.34573765
Pineapple,25,95,11.20647613,288,Bad,1,2375,3227.46512544
Tomato,26,93,6.655874013,393,Good,0,2418,2615.758487109
Banana,26,95,17.12100442,308,Good,0,2470,5273.2693613599995
Orange,22,95,6.571662296,248,Good,0,2090,1629.772249408
Banana,25,89,19.31496687,390,Good,0,2225,7532.8370792999995
Banana,24,95,17.88911347,256,Bad,1,2280,4579.61304832
Tomato,24,92,10.95309884,378,Good,0,2208,4140.27136152
Pineapple,25,95,9.987371503,314,Bad,1,2375,3136.034651942
Tomato,23,91,9.757364232,357,Good,0,2093,3483.379030824
Orange,23,95,14.83589827,372,Bad,1,2185,5518.95415644
Tomato,25,95,7.683058499,194,Good,0,2375,1490.513348806
Orange,22,95,7.358649263,348,Good,0,2090,2560.809943524
Tomato,23,91,10.16280412,355,Good,0,2093,3607.7954626
Tomato,23,88,7.267899623,290,Good,0,2024,2107.69089067
Tomato,22,92,11.14266773,357,Good,0,2024,3977.9323796099998
Banana,25,86,13.80304952,345,Good,0,2150,4762.0520844
Tomato,24,94,11.20647613,365,Good,0,2256,4090.36378745
Orange,23,95,16.84124175,261,Bad,1,2185,4395.564096749999
Orange,22,95,4.802535216,342,Good,0,2090,1642.467043872
Orange,23,95,19.85095108,343,Bad,1,2185,6808.876220440001
Orange,23,95,15.08413665,350,Bad,1,2185,5279.4478275
Tomato,24,95,9.531728808,421,Good,0,2280,4012.857828168
Pineapple,25,95,10.40069682,377,Bad,1,2375,3921.06270114
Banana,26,95,15.76515749,310,Good,0,2470,4887.1988219
Orange,23,95,12.20210529,229,Good,0,2185,2794.28211141
Tomato,23,89,7.313168177,296,Good,0,2047,2164.697780392
Tomato,22,92,10.82824911,359,Good,0,2024,3887.3414304899998
Tomato,25,95,12.90803823,388,Bad,1,2375,5008.3188332400005
Banana,26,93,14.27127328,303,Good,0,2418,4324.19580384
Pineapple,22,95,13.57421101,335,Good,0,2090,4547.360688350001
Pineapple,24,95,14.03538213,312,Good,0,2280,4379.039224560001
Pineapple,22,89,12.76402932,329,Good,0,1958,4199.36564628
Orange,22,95,8.619414571,180,Good,0,2090,1551.49462278
Orange,22,95,6.913276429,366,Good,0,2090,2530.2591730139998
Tomato,23,87,6.202275223,284,Good,0,2001,1761.446163332
Orange,23,95,4.802535216,317,Good,0,2185,1522.403663472
Banana,26,95,16.84124175,310,Good,0,2470,5220.7849424999995
Pineapple,23,83,12.62144823,337,Good,0,1909,4253.42805351
Pineapple,24,95,14.75399666,400,Bad,1,2280,5901.598664
Tomato,26,92,6.364536513,407,Good,0,2392,2590.366360791
Pineapple,22,86,12.55068787,328,Good,0,1892,4116.62562136
Orange,22,95,6.122270991,259,Good,0,2090,1585.6681866689999
Orange,24,95,14.67251295,431,Bad,1,2280,6323.85308145
Banana,24,95,13.05349201,256,Bad,1,2280,3341.69395456
Tomato,24,93,10.89052217,370,Good,0,2232,4029.4932029
Orange,23,95,14.75399666,360,Bad,1,2185,5311.4387976
Banana,26,95,16.65717174,305,Good,0,2470,5080.437380699999
Orange,22,95,7.589280351,298,Good,0,2090,2261.605544598
Tomato,22,93,13.72638492,354,Good,0,2046,4859.14026168
Tomato,23,90,12.83585424,322,Good,0,2070,4133.1450652799995
Tomato,23,89,7.450253315,307,Good,0,2047,2287.227767705
Tomato,23,89,7.825388265,298,Good,0,2047,2331.96570297
Tomato,23,94,10.95309884,390,Good,0,2162,4271.708547599999
Pineapple,23,95,12.48027818,326,Good,0,2185,4068.57068668
Tomato,25,91,6.364536513,405,Good,0,2275,2577.637287765
Pineapple,24,95,11.59594835,419,Bad,1,2280,4858.70235865
Orange,24,95,18.89654455,264,Bad,1,2280,4988.687761200001
Tomato,25,95,15.93986231,313,Bad,1,2375,4989.17690303
Tomato,23,90,13.12676612,326,Good,0,2070,4279.3257551199995
Orange,23,95,4.904260592,344,Good,0,2185,1687.0656436479999
Tomato,24,89,13.80304952,391,Good,0,2136,5396.99236232
Orange,24,95,19.10462223,266,Bad,1,2280,5081.8295131800005
Orange,22,95,4.870193845,343,Good,0,2090,1670.476488835
Pineapple,25,95,10.82824911,288,Bad,1,2375,3118.53574368
Tomato,24,95,12.76402932,299,Bad,1,2280,3816.44476668
Orange,22,95,5.289662553,298,Good,0,2090,1576.319440794
Banana,26,95,13.95754575,308,Good,0,2470,4298.924091
Tomato,23,89,8.116146322,309,Good,0,2047,2507.889213498
Tomato,24,95,16.20534945,340,Bad,1,2280,5509.818813
Tomato,24,95,16.20534945,341,Bad,1,2280,5526.02416245
Orange,22,95,4.972872478,346,Good,0,2090,1720.613877388
Tomato,23,94,13.80304952,344,Good,0,2162,4748.24903488
Banana,24,87,13.80304952,329,Good,0,2088,4541.20329208
Pineapple,25,95,10.46089174,300,Bad,1,2375,3138.2675219999996
Orange,22,95,4.636126276,350,Good,0,2090,1622.6441966
Banana,25,87,13.80304952,328,Good,0,2175,4527.40024256
Orange,22,95,4.870193845,348,Good,0,2090,1694.82745806
Pineapple,22,81,12.76402932,326,Good,0,1782,4161.07355832
Banana,26,90,19.63480231,383,Good,0,2340,7520.12928473
Tomato,24,76,17.12100442,456,Good,0,1824,7807.1780155199995
Pineapple,24,95,9.8718154,436,Bad,1,2280,4304.1115144
Tomato,25,95,16.29477154,356,Bad,1,2375,5800.93866824
Pineapple,25,95,9.929454577,304,Bad,1,2375,3018.554191408
Orange,22,95,9.8718154,197,Good,0,2090,1944.7476338
Orange,23,95,4.802535216,326,Good,0,2185,1565.626480416
Tomato,23,91,14.1136139,336,Good,0,2093,4742.1742704
Orange,23,95,14.91822038,400,Bad,1,2185,5967.288152
Pineapple,22,95,12.76402932,330,Good,0,2090,4212.1296756
Pineapple,25,95,9.8718154,318,Bad,1,2375,3139.2372972
Orange,22,95,6.826673276,256,Good,0,2090,1747.628358656
Orange,23,95,14.59144457,372,Bad,1,2185,5428.01738004
Tomato,24,95,16.02789778,343,Bad,1,2280,5497.56893854
Tomato,22,92,13.95754575,332,Good,0,2024,4633.905189
Tomato,23,90,12.90803823,319,Good,0,2070,4117.66419537
Banana,25,89,19.20950925,380,Good,0,2225,7299.613515
Tomato,23,89,12.76402932,331,Good,0,2047,4224.89370492
Banana,25,89,19.42099897,376,Good,0,2225,7302.29561272
Pineapple,23,83,12.69256136,344,Good,0,1909,4366.24110784
Banana,25,89,19.00030193,397,Good,0,2225,7543.11986621
Tomato,23,89,8.116146322,317,Good,0,2047,2572.8183840740003
Pineapple,25,95,11.27059687,454,Bad,1,2375,5116.85097898
Tomato,23,89,7.969740423,298,Good,0,2047,2374.9826460540003
Orange,23,95,17.5009837,337,Bad,1,2185,5897.8315069
Orange,22,95,8.415248038,381,Good,0,2090,3206.2095024779996
Tomato,23,89,12.76402932,325,Good,0,2047,4148.309529
Pineapple,25,95,10.10404473,295,Bad,1,2375,2980.69319535
Orange,22,95,6.003652649,314,Good,0,2090,1885.146931786
Orange,24,95,17.88911347,223,Bad,1,2280,3989.2723038100003
Pineapple,23,84,12.69256136,337,Good,0,1932,4277.39317832
Banana,26,95,17.21524677,316,Good,0,2470,5440.01797932
Tomato,24,95,15.93986231,343,Bad,1,2280,5467.37277233
Tomato,25,95,15.59225501,313,Bad,1,2375,4880.37581813
Pineapple,22,95,12.55068787,327,Good,0,2090,4104.07493349
Pineapple,23,80,12.55068787,336,Good,0,1840,4217.03112432
Orange,23,95,8.018312629,173,Good,0,2185,1387.1680848170001
Tomato,25,95,15.50647254,399,Bad,1,2375,6187.08254346
Tomato,23,89,12.76402932,323,Good,0,2047,4122.78147036
Banana,26,90,19.95991509,300,Good,0,2340,5987.974526999999
Banana,24,95,12.98058343,252,Bad,1,2280,3271.1070243599997
Orange,22,95,7.044707922,350,Good,0,2090,2465.6477727
Banana,25,95,16.11639251,268,Bad,1,2375,4319.19319268
Banana,25,88,19.52760946,385,Good,0,2200,7518.129642100001
Orange,23,95,16.65717174,260,Bad,1,2185,4330.8646524
Orange,23,95,8.516848104,177,Good,0,2185,1507.482114408
Tomato,24,95,9.644005982,478,Good,0,2280,4609.834859396
Banana,26,89,19.20950925,383,Good,0,2314,7357.24204275
Orange,23,95,16.11639251,258,Bad,1,2185,4158.02926758
Banana,24,95,16.65717174,251,Bad,1,2280,4180.95010674
Banana,25,86,13.57421101,353,Good,0,2150,4791.696486530001
Tomato,25,95,13.42356205,369,Bad,1,2375,4953.29439645
Tomato,23,89,7.22284254,284,Good,0,2047,2051.28728136
Tomato,25,95,7.777721829,196,Good,0,2375,1524.433478484
Pineapple,22,95,12.62144823,340,Good,0,2090,4291.2923982
Tomato,23,94,12.27113269,342,Good,0,2162,4196.72737998
Orange,23,95,19.95991509,358,Bad,1,2185,7145.64960222
Banana,26,95,15.85228317,311,Good,0,2470,4930.06006587
Tomato,25,95,15.00096563,387,Bad,1,2375,5805.37369881
Orange,22,95,6.122270991,258,Good,0,2090,1579.545915678
Pineapple,23,95,12.69256136,330,Good,0,2185,4188.5452488
Orange,23,95,16.93400512,242,Bad,1,2185,4098.02923904
Banana,25,87,14.1136139,332,Good,0,2175,4685.719814800001
Tomato,25,95,15.33623116,317,Bad,1,2375,4861.58527772
Pineapple,22,90,12.76402932,336,Good,0,1980,4288.71385152
Tomato,25,95,15.93986231,376,Bad,1,2375,5993.38822856
Banana,25,88,19.00030193,401,Good,0,2200,7619.1210739299995
Orange,22,95,8.88012605,177,Good,0,2090,1571.78231085
Tomato,23,90,12.83585424,332,Good,0,2070,4261.50360768
Banana,24,95,19.20950925,296,Bad,1,2280,5686.014738
Orange,22,95,5.253804423,359,Good,0,2090,1886.115787857
Pineapple,25,95,10.95309884,297,Bad,1,2375,3253.0703554799998
Tomato,23,95,12.06507013,356,Good,0,2185,4295.16496628
Orange,23,95,8.415248038,181,Good,0,2185,1523.159894878
Orange,23,95,8.619414571,187,Good,0,2185,1611.830524777
Tomato,23,91,8.165410187,373,Good,0,2093,3045.697999751
Orange,23,95,5.182587061,348,Good,0,2185,1803.540297228
Tomato,24,81,8.165410187,390,Good,0,1944,3184.5099729300005
Banana,25,89,20.17964285,301,Good,0,2225,6074.07249785
Pineapple,24,95,12.69256136,408,Bad,1,2280,5178.56503488
Banana,26,90,19.42099897,393,Good,0,2340,7632.452595209999
Orange,23,95,9.147105109,180,Good,0,2185,1646.47891962
Tomato,24,95,14.83589827,317,Bad,1,2280,4702.97975159
Orange,23,95,14.51078894,21,Bad,1,2185,304.72656774
Orange,24,95,16.47502321,196,Bad,1,2280,3229.10454916
Orange,22,95,8.827487661,181,Good,0,2090,1597.775266641
Tomato,24,95,16.56585884,367,Bad,1,2280,6079.67019428
Tomato,24,88,10.52137857,244,Good,0,2112,2567.21637108
Banana,24,90,15.93986231,315,Good,0,2160,5021.05662765
Orange,23,95,6.740875089,263,Good,0,2185,1772.850148407
Orange,23,95,15.00096563,213,Bad,1,2185,3195.20567919
Orange,23,95,8.722957641,191,Good,0,2185,1666.0849094310001
Orange,23,95,16.65717174,264,Bad,1,2185,4397.4933393599995
Tomato,25,95,13.3488037,381,Bad,1,2375,5085.8942097
Tomato,22,92,11.01598084,361,Good,0,2024,3976.76908324
Pineapple,25,95,11.14266773,307,Bad,1,2375,3420.7989931099996
Orange,23,95,6.613669965,257,Good,0,2185,1699.713181005
Tomato,27,76,8.619414571,353,Good,0,2052,3042.653343563
Pineapple,24,95,14.35070581,338,Good,0,2280,4850.53856378
Orange,23,95,8.671063387,189,Good,0,2185,1638.830980143
Orange,22,95,5.147226326,298,Good,0,2090,1533.873445148
Pineapple,25,95,9.929454577,301,Bad,1,2375,2988.765827677
Tomato,24,95,12.13341843,285,Bad,1,2280,3458.0242525500003
Orange,22,95,10.34079221,367,Good,0,2090,3795.07074107
Tomato,25,95,16.65717174,359,Bad,1,2375,5979.92465466
Tomato,23,89,8.619414571,314,Good,0,2047,2706.496175294
Orange,23,95,6.162179985,238,Good,0,2185,1466.59883643
Pineapple,25,95,9.8718154,327,Bad,1,2375,3228.0836357999997
Orange,22,95,7.000692513,352,Good,0,2090,2464.243764576
Tomato,25,95,15.50647254,384,Bad,1,2375,5954.48545536
Banana,26,95,15.93986231,310,Good,0,2470,4941.3573161
Banana,26,95,16.56585884,306,Good,0,2470,5069.15280504
Tomato,25,95,13.95754575,381,Bad,1,2375,5317.82493075
Tomato,24,95,12.20210529,353,Good,0,2280,4307.34316737
Tomato,25,93,6.202275223,400,Good,0,2325,2480.9100892
Tomato,24,89,12.90803823,330,Good,0,2136,4259.6526159000005
Pineapple,25,95,10.52137857,377,Bad,1,2375,3966.55972089
Tomato,24,81,8.264637967,399,Good,0,1944,3297.5905488330004
Pineapple,25,95,9.587732994,271,Bad,1,2375,2598.275641374
Banana,24,95,15.50647254,246,Bad,1,2280,3814.59224484
Orange,23,95,14.43054353,246,Bad,1,2185,3549.91370838
Pineapple,22,95,12.90803823,316,Good,0,2090,4078.9400806800004
Orange,24,95,14.67251295,374,Bad,1,2280,5487.5198433
Tomato,23,92,13.95754575,334,Good,0,2116,4661.8202805
Banana,25,88,15.16773612,321,Good,0,2200,4868.84329452
Orange,23,95,4.538130868,331,Good,0,2185,1502.1213173079998
Tomato,24,90,12.98058343,337,Good,0,2160,4374.4566159099995
Tomato,24,95,15.76515749,373,Bad,1,2280,5880.40374377
Orange,22,95,7.969740423,166,Good,0,2090,1322.976910218
Orange,23,95,15.93986231,456,Bad,1,2185,7268.57721336
Banana,25,85,13.3488037,353,Good,0,2125,4712.1277061
Tomato,23,91,8.364807255,364,Good,0,2093,3044.7898408200003
Orange,24,95,15.59225501,404,Bad,1,2280,6299.27102404
Orange,23,95,14.51078894,219,Bad,1,2185,3177.86277786
Banana,24,95,17.02725828,254,Bad,1,2280,4324.923603120001
Banana,25,95,14.83589827,261,Bad,1,2375,3872.1694484699997
Banana,24,95,12.62144823,249,Bad,1,2280,3142.7406092700003
Pineapple,22,95,13.3488037,336,Good,0,2090,4485.1980432
Banana,24,95,12.13341843,248,Bad,1,2280,3009.08777064
Tomato,23,92,9.987371503,356,Good,0,2116,3555.504255068
Orange,22,95,11.92938136,224,Good,0,2090,2672.18142464
Pineapple,22,95,12.90803823,323,Good,0,2090,4169.29634829
Tomato,26,94,6.323687334,406,Good,0,2444,2567.417057604
Orange,22,95,8.827487661,377,Good,0,2090,3327.962848197
Tomato,23,91,8.364807255,370,Good,0,2093,3094.97868435
Pineapple,22,95,12.98058343,332,Good,0,2090,4309.55369876
Tomato,24,95,16.11639251,340,Bad,1,2280,5479.5734534
Orange,21,94,9.420521035,391,Good,0,1974,3683.4237246850003
Tomato,23,91,8.214906999,367,Good,0,2093,3014.870868633
Orange,23,95,18.48706888,348,Bad,1,2185,6433.49997024
Banana,26,95,17.5009837,317,Good,0,2470,5547.8118329
Orange,24,95,14.83589827,362,Bad,1,2280,5370.59517374
Pineapple,24,95,11.66198098,425,Bad,1,2280,4956.3419165
Tomato,23,89,12.69256136,337,Good,0,2047,4277.39317832
Tomato,25,95,15.67848238,312,Bad,1,2375,4891.68650256
Tomato,23,90,12.76402932,322,Good,0,2070,4110.01744104
Pineapple,25,95,11.46485093,456,Bad,1,2375,5227.972024080001
Pineapple,23,95,12.76402932,341,Good,0,2185,4352.53399812
Orange,24,95,15.00096563,368,Bad,1,2280,5520.3553518399995
Orange,23,95,16.29477154,249,Bad,1,2185,4057.39811346
Pineapple,23,95,13.05349201,343,Good,0,2185,4477.34775943
Tomato,25,95,12.76402932,388,Bad,1,2375,4952.44337616
Pineapple,24,95,14.1136139,334,Good,0,2280,4713.9470426
Pineapple,25,95,11.07916988,306,Bad,1,2375,3390.22598328
Tomato,25,95,12.69256136,305,Bad,1,2375,3871.2312147999996
Tomato,25,95,7.730278953,196,Good,0,2375,1515.134674788
Banana,24,95,16.65717174,247,Bad,1,2280,4114.32141978
Pineapple,25,95,9.929454577,337,Bad,1,2375,3346.226192449
Banana,24,95,16.11639251,252,Bad,1,2280,4061.3309125200003
Orange,24,95,14.67251295,387,Bad,1,2280,5678.26251165
Pineapple,23,95,12.55068787,330,Good,0,2185,4141.7269971000005
Orange,22,95,8.364807255,179,Good,0,2090,1497.300498645
Tomato,24,94,11.66198098,361,Good,0,2256,4209.97513378
Orange,22,95,4.441500903,336,Good,0,2090,1492.3443034079999
Tomato,25,95,15.33623116,409,Bad,1,2375,6272.51854444
Orange,22,95,7.542720421,358,Good,0,2090,2700.293910718
Orange,22,95,8.364807255,385,Good,0,2090,3220.4507931750004
Tomato,24,90,12.69256136,331,Good,0,2160,4201.23781016
Tomato,25,95,14.91822038,380,Bad,1,2375,5668.9237444
Orange,23,95,15.00096563,365,Bad,1,2185,5475.35245495
Banana,24,95,18.18569032,253,Bad,1,2280,4600.97965096
Tomato,24,93,11.53023895,373,Good,0,2232,4300.77912835
Pineapple,25,95,11.33503171,289,Bad,1,2375,3275.8241641900004
Tomato,25,95,14.1136139,385,Bad,1,2375,5433.7413515
Orange,23,95,14.51078894,371,Bad,1,2185,5383.50269674
Orange,23,95,16.02789778,261,Bad,1,2185,4183.28132058
Banana,24,95,17.21524677,251,Bad,1,2280,4321.02693927
Tomato,24,76,17.21524677,466,Good,0,1824,8022.3049948200005
Orange,22,95,7.000692513,351,Good,0,2090,2457.243072063
Orange,23,95,7.777721829,174,Good,0,2185,1353.323598246
Tomato,26,94,6.323687334,395,Good,0,2444,2497.85649693
Tomato,23,88,8.264637967,296,Good,0,2024,2446.332838232
Orange,22,95,6.405576451,256,Good,0,2090,1639.827571456
Tomato,22,92,14.19224347,335,Good,0,2024,4754.40156245
Orange,23,95,19.85095108,333,Bad,1,2185,6610.36670964
Orange,22,95,6.48823229,291,Good,0,2090,1888.07559639
Banana,24,95,12.69256136,255,Bad,1,2280,3236.6031467999996
Tomato,25,95,7.730278953,200,Good,0,2375,1546.0557906
Orange,22,95,8.018312629,374,Good,0,2090,2998.848923246
Pineapple,24,95,13.88010234,314,Good,0,2280,4358.35213476
Pineapple,23,95,12.34050263,324,Good,0,2185,3998.32285212
Tomato,25,95,13.27441976,386,Bad,1,2375,5123.92602736
Orange,23,95,8.415248038,167,Good,0,2185,1405.346422346
Tomato,24,95,14.59144457,320,Bad,1,2280,4669.2622624
Pineapple,25,95,11.53023895,351,Bad,1,2375,4047.11387145
Orange,23,95,15.33623116,256,Bad,1,2185,3926.07517696
Orange,24,95,19.52760946,265,Bad,1,2280,5174.816506900001
Pineapple,25,95,11.862037,360,Bad,1,2375,4270.333320000001
Tomato,25,93,6.783674055,403,Good,0,2325,2733.820644165
Orange,23,95,16.74896501,245,Bad,1,2185,4103.49642745
Pineapple,22,95,12.55068787,335,Good,0,2090,4204.4804364500005
Orange,24,95,15.16773612,376,Bad,1,2280,5703.0687811200005
Banana,26,90,19.74258151,370,Good,0,2340,7304.755158700001
Orange,24,95,19.20950925,267,Bad,1,2280,5128.93896975
Tomato,23,89,8.0671142,289,Good,0,2047,2331.3960038
Tomato,26,92,6.48823229,405,Good,0,2392,2627.73407745
Orange,24,95,19.00030193,265,Bad,1,2280,5035.08001145
Tomato,24,89,12.76402932,393,Good,0,2136,5016.26352276
Orange,22,95,6.283027997,236,Good,0,2090,1482.794607292
Tomato,22,93,12.41021712,354,Good,0,2046,4393.21686048
Tomato,26,93,6.613669965,389,Good,0,2418,2572.717616385
Tomato,25,95,13.12676612,383,Bad,1,2375,5027.55142396
Banana,24,95,12.27113269,246,Bad,1,2280,3018.69864174
Tomato,25,93,6.405576451,411,Good,0,2325,2632.691921361
Tomato,23,92,9.987371503,359,Good,0,2116,3585.466369577
Tomato,23,90,12.90803823,327,Good,0,2070,4220.92850121
Orange,22,95,5.042126986,354,Good,0,2090,1784.9129530440002
Tomato,24,95,14.43054353,309,Bad,1,2280,4459.03795077
Pineapple,23,95,12.83585424,345,Good,0,2185,4428.3697128
Tomato,23,89,7.589280351,295,Good,0,2047,2238.837703545
Orange,23,95,16.29477154,258,Bad,1,2185,4204.05105732
Banana,24,95,13.42356205,258,Bad,1,2280,3463.2790089
Pineapple,25,95,11.59594835,316,Bad,1,2375,3664.3196786000003
Tomato,25,95,15.42113219,407,Bad,1,2375,6276.40080133
Orange,24,95,14.75399666,366,Bad,1,2280,5399.96277756
Orange,23,95,15.25176672,249,Bad,1,2185,3797.6899132800004
Pineapple,25,95,10.34079221,365,Bad,1,2375,3774.38915665
Pineapple,22,94,12.98058343,319,Good,0,2068,4140.80611417
Tomato,25,95,13.65010619,380,Bad,1,2375,5187.040352200001
Orange,23,95,9.420521035,181,Good,0,2185,1705.114307335
Orange,23,95,14.67251295,405,Bad,1,2185,5942.3677447499995
Pineapple,24,95,11.14266773,415,Bad,1,2280,4624.20710795
Orange,23,95,14.75399666,388,Bad,1,2185,5724.55070408
Pineapple,23,82,12.62144823,330,Good,0,1886,4165.0779159
Tomato,25,95,13.72638492,382,Bad,1,2375,5243.47903944
Pineapple,22,95,12.90803823,322,Good,0,2090,4156.388310060001
Pineapple,23,95,12.83585424,346,Good,0,2185,4441.20556704
Pineapple,25,95,9.814452454,331,Bad,1,2375,3248.583762274
Banana,25,89,20.85352641,377,Good,0,2225,7861.779456570001
Orange,22,95,10.70460698,204,Good,0,2090,2183.7398239199997
Pineapple,22,95,12.48027818,323,Good,0,2090,4031.1298521400004
Tomato,24,92,11.14266773,366,Good,0,2208,4078.2163891799996
Orange,23,95,15.08413665,407,Bad,1,2185,6139.243616549999
Pineapple,25,95,10.04556771,315,Bad,1,2375,3164.35382865
Tomato,23,92,13.80304952,332,Good,0,2116,4582.61244064
Tomato,23,93,11.27059687,388,Good,0,2139,4372.99158556
Pineapple,22,95,12.76402932,329,Good,0,2090,4199.36564628
Banana,26,90,20.17964285,298,Good,0,2340,6013.5335693
Tomato,23,89,8.0671142,299,Good,0,2047,2412.0671458
Orange,24,95,19.20950925,273,Bad,1,2280,5244.19602525
Tomato,25,95,16.02789778,360,Bad,1,2375,5770.0432008
Tomato,24,89,13.72638492,391,Good,0,2136,5367.0165037199995
Orange,23,95,4.802535216,341,Good,0,2185,1637.664508656
Tomato,25,95,14.75399666,371,Bad,1,2375,5473.73276086
Pineapple,25,95,11.66198098,433,Bad,1,2375,5049.637764339999
Tomato,25,95,12.90803823,379,Bad,1,2375,4892.146489170001
Banana,24,95,17.40523312,253,Bad,1,2280,4403.523979359999
Orange,23,95,4.870193845,330,Good,0,2185,1607.1639688500002
Tomato,24,93,11.20647613,382,Good,0,2232,4280.87388166
Pineapple,22,95,12.69256136,330,Good,0,2090,4188.5452488
Orange,23,95,19.74258151,352,Bad,1,2185,6949.38869152
Pineapple,25,95,11.39978246,297,Bad,1,2375,3385.73539062
Banana,26,90,19.42099897,392,Good,0,2340,7613.03159624
Tomato,25,95,12.69256136,371,Bad,1,2375,4708.940264559999
Orange,23,82,4.603308323,324,Good,0,1886,1491.4718966520002
Tomato,23,90,12.76402932,318,Good,0,2070,4058.96132376
Orange,23,95,8.619414571,175,Good,0,2185,1508.397549925
Banana,24,95,17.88911347,251,Bad,1,2280,4490.167480970001
Banana,25,89,19.63480231,384,Good,0,2225,7539.764087040001
Orange,22,95,7.133358572,291,Good,0,2090,2075.807344452
Pineapple,23,95,12.62144823,351,Good,0,2185,4430.12832873
Orange,23,95,4.938486566,350,Good,0,2185,1728.4702981
Pineapple,22,87,12.76402932,336,Good,0,1914,4288.71385152
Banana,26,94,15.33623116,310,Good,0,2444,4754.2316596
Orange,22,95,8.31460431,174,Good,0,2090,1446.74114994
Banana,24,95,12.55068787,253,Bad,1,2280,3175.3240311100003
Pineapple,22,95,12.76402932,318,Good,0,2090,4058.96132376
Banana,26,87,19.42099897,339,Good,0,2262,6583.71865083
Tomato,24,94,11.14266773,379,Good,0,2256,4223.07106967
Tomato,22,94,12.20210529,349,Good,0,2068,4258.53474621
Pineapple,25,95,10.22184745,448,Bad,1,2375,4579.3876576
Pineapple,25,95,13.12676612,410,Bad,1,2375,5381.9741091999995
Banana,26,90,19.95991509,389,Good,0,2340,7764.40697001
Tomato,23,90,12.69256136,337,Good,0,2070,4277.39317832
Orange,23,95,15.00096563,251,Bad,1,2185,3765.24237313
Tomato,26,94,6.869873736,401,Good,0,2444,2754.819368136
Tomato,25,95,15.76515749,318,Bad,1,2375,5013.32008182
Banana,24,95,16.93400512,229,Bad,1,2280,3877.8871724799997
Banana,25,95,15.93986231,264,Bad,1,2375,4208.12364984
Orange,22,95,8.0671142,373,Good,0,2090,3009.0335966000002
Tomato,25,95,14.59144457,376,Bad,1,2375,5486.38315832
Pineapple,25,95,10.28117628,309,Bad,1,2375,3176.88347052
Pineapple,25,95,11.59594835,431,Bad,1,2375,4997.85373885
Pineapple,22,95,12.69256136,327,Good,0,2090,4150.46756472
Tomato,25,95,15.42113219,310,Bad,1,2375,4780.5509789
Pineapple,25,95,9.929454577,348,Bad,1,2375,3455.450192796
Banana,24,95,12.34050263,251,Bad,1,2280,3097.46616013
Banana,26,85,18.28561157,373,Good,0,2210,6820.53311561
Orange,22,95,6.571662296,238,Good,0,2090,1564.055626448
Tomato,25,95,7.496378442,200,Good,0,2375,1499.2756884
Orange,23,95,4.870193845,336,Good,0,2185,1636.38513192
Orange,24,95,15.08413665,367,Bad,1,2280,5535.87815055
Orange,23,95,8.018312629,175,Good,0,2185,1403.204710075
Pineapple,25,95,10.34079221,372,Bad,1,2375,3846.77470212
Banana,26,90,19.42099897,396,Good,0,2340,7690.71559212
Banana,25,86,12.69256136,339,Good,0,2150,4302.77830104
Orange,22,95,7.921396405,365,Good,0,2090,2891.3096878250003
Pineapple,22,95,12.34050263,337,Good,0,2090,4158.74938631
Orange,22,95,4.904260592,345,Good,0,2090,1691.96990424
Pineapple,25,95,12.06507013,414,Bad,1,2375,4994.93903382
Banana,24,95,18.18569032,256,Bad,1,2280,4655.53672192
Banana,25,95,20.17964285,310,Good,0,2375,6255.6892835
Pineapple,24,95,14.03538213,309,Good,0,2280,4336.93307817
Banana,24,95,16.93400512,251,Bad,1,2280,4250.435285119999
Tomato,26,94,6.655874013,403,Good,0,2444,2682.317227239
Banana,24,95,18.48706888,254,Bad,1,2280,4695.715495519999
Pineapple,23,95,12.62144823,320,Good,0,2185,4038.8634336
Orange,24,95,15.33623116,449,Bad,1,2280,6885.96779084
Orange,23,95,19.74258151,279,Bad,1,2185,5508.180241290001
Orange,22,95,7.496378442,353,Good,0,2090,2646.221590026
Banana,26,85,13.12676612,349,Good,0,2210,4581.241375879999
Orange,22,95,4.505770041,352,Good,0,2090,1586.031054432
Pineapple,25,95,10.95309884,313,Bad,1,2375,3428.3199369199997
Orange,23,95,19.95991509,338,Bad,1,2185,6746.45130042
Tomato,25,95,14.03538213,384,Bad,1,2375,5389.58673792
Tomato,23,91,8.364807255,368,Good,0,2093,3078.24906984
Orange,22,95,4.938486566,347,Good,0,2090,1713.654838402
Banana,24,87,13.72638492,334,Good,0,2088,4584.612563279999
Tomato,24,88,10.64323454,242,Good,0,2112,2575.66275868
Orange,24,95,15.08413665,361,Bad,1,2280,5445.37333065
Pineapple,25,95,10.52137857,290,Bad,1,2375,3051.1997853
Tomato,23,89,7.589280351,296,Good,0,2047,2246.426983896
Pineapple,25,95,11.07916988,415,Bad,1,2375,4597.8555002
Pineapple,25,95,10.40069682,446,Bad,1,2375,4638.71078172
Orange,23,95,14.59144457,346,Bad,1,2185,5048.63982122
Orange,22,95,4.870193845,334,Good,0,2090,1626.64474423
Orange,24,95,15.00096563,375,Bad,1,2280,5625.3621112499995
Tomato,23,95,12.13341843,368,Good,0,2185,4465.09798224
Banana,26,95,17.69401633,310,Good,0,2470,5485.1450623
Tomato,24,90,12.90803823,334,Good,0,2160,4311.28476882
Pineapple,25,95,11.14266773,320,Bad,1,2375,3565.6536736
Banana,26,90,20.85352641,400,Good,0,2340,8341.410564
Banana,26,90,19.52760946,400,Good,0,2340,7811.043784
Tomato,23,90,12.90803823,307,Good,0,2070,3962.76773661
Tomato,23,92,13.88010234,319,Good,0,2116,4427.7526464600005
Orange,23,95,8.516848104,176,Good,0,2185,1498.965266304
Banana,26,91,20.17964285,297,Good,0,2366,5993.3539264500005
Banana,24,95,19.95991509,314,Good,0,2280,6267.413338259999
Orange,23,95,14.75399666,367,Bad,1,2185,5414.71677422
Tomato,23,88,7.683058499,289,Good,0,2024,2220.403906211
Banana,24,95,17.88911347,253,Bad,1,2280,4525.94570791
Tomato,24,95,11.862037,284,Bad,1,2280,3368.8185080000003
Orange,22,95,6.571662296,282,Good,0,2090,1853.208767472
Tomato,25,93,6.529850053,401,Good,0,2325,2618.469871253
Tomato,23,89,8.165410187,289,Good,0,2047,2359.8035440430003
Banana,26,82,18.48706888,389,Good,0,2132,7191.46979432
Orange,23,95,9.255689372,391,Good,0,2185,3618.9745444520004
Orange,22,95,9.039550676,372,Good,0,2090,3362.712851472
Pineapple,23,95,12.55068787,326,Good,0,2185,4091.5242456200003
Tomato,22,90,12.76402932,321,Good,0,1980,4097.25341172
Banana,24,91,16.84124175,317,Good,0,2184,5338.673634749999
Pineapple,24,95,12.06507013,411,Bad,1,2280,4958.74382343
Tomato,24,95,15.85228317,346,Bad,1,2280,5484.88997682
Pineapple,23,95,12.48027818,335,Good,0,2185,4180.8931903
Pineapple,22,95,12.83585424,327,Good,0,2090,4197.32433648
Banana,26,95,15.85228317,306,Good,0,2470,4850.7986500199995
Banana,25,95,20.96802921,404,Good,0,2375,8471.08380084
Tomato,25,95,16.47502321,357,Bad,1,2375,5881.58328597
Banana,25,88,15.16773612,318,Good,0,2200,4823.34008616
Pineapple,25,95,10.04556771,357,Bad,1,2375,3586.26767247
Orange,23,95,4.904260592,350,Good,0,2185,1716.4912072
Tomato,23,90,12.98058343,335,Good,0,2070,4348.4954490499995
Orange,24,95,18.18569032,260,Bad,1,2280,4728.2794832
Orange,24,95,17.59724365,269,Bad,1,2280,4733.65854185
Banana,24,95,17.79130513,255,Bad,1,2280,4536.78280815
Tomato,24,89,12.69256136,326,Good,0,2136,4137.77500336
Pineapple,23,95,12.27113269,334,Good,0,2185,4098.55831846
Orange,22,95,6.913276429,291,Good,0,2090,2011.763440839
Banana,24,95,19.31496687,305,Bad,1,2280,5891.0648953499995
Orange,22,95,8.165410187,365,Good,0,2090,2980.3747182550005
Orange,23,94,4.870193845,350,Good,0,2162,1704.56784575
Orange,23,95,16.47502321,258,Bad,1,2185,4250.55598818
Pineapple,23,85,12.69256136,344,Good,0,1955,4366.24110784
Tomato,24,89,13.65010619,389,Good,0,2136,5309.89130791
Tomato,24,95,12.83585424,308,Bad,1,2280,3953.44310592
Orange,23,95,16.74896501,249,Bad,1,2185,4170.492287489999
Pineapple,22,93,12.83585424,320,Good,0,2046,4107.4733568
Tomato,26,92,6.405576451,398,Good,0,2392,2549.419427498
Pineapple,22,87,12.90803823,336,Good,0,1914,4337.100845280001
Tomato,26,76,8.214906999,408,Good,0,1976,3351.682055592
Orange,23,95,19.95991509,348,Bad,1,2185,6946.050451319999
Tomato,24,95,12.69256136,298,Bad,1,2280,3782.3832852799997
Tomato,24,95,11.99705843,353,Good,0,2280,4234.96162579
Banana,26,94,14.35070581,306,Good,0,2444,4391.315977859999
Banana,24,95,18.7933463,281,Bad,1,2280,5280.9303103
Banana,24,95,13.12676612,256,Bad,1,2280,3360.45212672
Banana,26,94,15.59225501,302,Good,0,2444,4708.86101302
Tomato,22,92,10.95309884,353,Good,0,2024,3866.4438905199995
Orange,23,95,17.21524677,246,Bad,1,2185,4234.95070542
Orange,22,95,6.003652649,317,Good,0,2090,1903.157889733
Orange,24,95,15.00096563,359,Bad,1,2280,5385.34666117
Pineapple,23,85,12.69256136,335,Good,0,1955,4252.008055599999
Banana,26,90,19.63480231,379,Good,0,2340,7441.59007549
Tomato,25,95,15.42113219,397,Bad,1,2375,6122.18947943
Banana,24,95,13.80304952,261,Bad,1,2280,3602.59592472
Orange,23,95,19.95991509,350,Bad,1,2185,6985.9702815
Banana,25,86,13.3488037,354,Good,0,2150,4725.4765098
Pineapple,25,95,11.862037,362,Bad,1,2375,4294.057394
Orange,22,95,8.165410187,381,Good,0,2090,3111.0212812470004
Pineapple,24,95,14.43054353,338,Good,0,2280,4877.52371314
Tomato,23,88,8.465927903,304,Good,0,2024,2573.6420825120003
Tomato,24,90,8.165410187,289,Good,0,2160,2359.8035440430003
Tomato,22,93,11.66198098,355,Good,0,2046,4140.0032479
Tomato,23,92,10.82824911,351,Good,0,2116,3800.7154376099998
Orange,23,95,6.529850053,258,Good,0,2185,1684.701313674
Pineapple,25,95,11.01598084,292,Bad,1,2375,3216.6664052799997
Banana,26,95,13.95754575,307,Good,0,2470,4284.96654525
Tomato,25,95,15.33623116,313,Bad,1,2375,4800.24035308
Orange,22,95,7.313168177,309,Good,0,2090,2259.768966693
Banana,25,95,16.29477154,273,Bad,1,2375,4448.472630419999
Orange,23,95,19.74258151,336,Bad,1,2185,6633.50738736
Orange,23,95,8.775098629,170,Good,0,2185,1491.7667669300001
Tomato,23,89,12.41021712,343,Good,0,2047,4256.7044721600005
Tomato,23,89,8.0671142,293,Good,0,2047,2363.6644606
Orange,24,95,15.25176672,378,Bad,1,2280,5765.167820160001
Tomato,25,95,13.20040797,389,Bad,1,2375,5134.95870033
Tomato,24,95,12.06507013,363,Good,0,2280,4379.62045719
Banana,25,89,19.00030193,398,Good,0,2225,7562.12016814
Orange,23,95,16.74896501,257,Bad,1,2185,4304.484007569999
Pineapple,22,94,12.76402932,340,Good,0,2068,4339.7699688
Pineapple,22,95,13.72638492,334,Good,0,2090,4584.612563279999
Orange,23,95,16.38466179,254,Bad,1,2185,4161.70409466
Tomato,25,95,12.69256136,304,Bad,1,2375,3858.5386534399995
Pineapple,24,95,14.03538213,332,Good,0,2280,4659.74686716
Pineapple,24,95,13.95754575,325,Good,0,2280,4536.20236875
Banana,25,88,18.89654455,393,Good,0,2200,7426.342008150001
Banana,26,95,16.56585884,311,Good,0,2470,5151.98209924
Pineapple,25,95,11.20647613,297,Bad,1,2375,3328.3234106100003
Orange,24,95,14.91822038,247,Bad,1,2280,3684.80043386
Orange,23,95,14.67251295,216,Bad,1,2185,3169.2627972
Pineapple,25,95,10.16280412,359,Bad,1,2375,3648.44667908
Orange,22,95,6.323687334,240,Good,0,2090,1517.68496016
Orange,22,95,9.310371154,180,Good,0,2090,1675.86680772
Pineapple,22,92,12.90803823,338,Good,0,2024,4362.91692174
Orange,24,95,14.83589827,376,Bad,1,2280,5578.29774952
Pineapple,22,95,12.90803823,317,Good,0,2090,4091.8481189100003
Orange,22,95,9.420521035,390,Good,0,2090,3674.00320365
Tomato,23,89,12.48027818,331,Good,0,2047,4130.972077580001
Orange,23,95,14.75399666,424,Bad,1,2185,6255.69458384
Pineapple,24,95,13.88010234,329,Good,0,2280,4566.55366986
Orange,23,95,16.11639251,252,Bad,1,2185,4061.3309125200003
Pineapple,23,95,12.76402932,329,Good,0,2185,4199.36564628
Banana,26,93,18.58861217,400,Good,0,2418,7435.4448680000005
Banana,25,86,13.72638492,345,Good,0,2150,4735.6027974
Pineapple,22,95,12.48027818,340,Good,0,2090,4243.294581200001
Tomato,23,89,12.55068787,341,Good,0,2047,4279.78456367
Banana,24,86,14.1136139,336,Good,0,2064,4742.1742704
Tomato,24,95,12.83585424,306,Bad,1,2280,3927.77139744
Orange,22,95,5.733232642,317,Good,0,2090,1817.434747514
Banana,26,93,15.08413665,298,Good,0,2418,4495.0727217
Tomato,26,86,7.730278953,407,Good,0,2236,3146.223533871
Tomato,25,95,7.636059339,213,Good,0,2375,1626.480639207
Orange,22,95,7.133358572,346,Good,0,2090,2468.142065912
Pineapple,23,95,12.48027818,336,Good,0,2185,4193.37346848
Banana,25,86,13.80304952,346,Good,0,2150,4775.85513392
Banana,24,95,14.67251295,280,Bad,1,2280,4108.303626
Banana,24,95,13.65010619,256,Bad,1,2280,3494.42718464
Pineapple,23,95,12.69256136,333,Good,0,2185,4226.62293288
Tomato,24,95,16.02789778,339,Bad,1,2280,5433.45734742
Pineapple,23,95,12.34050263,339,Good,0,2185,4183.43039157
Tomato,24,95,12.98058343,297,Bad,1,2280,3855.23327871
Orange,23,95,9.255689372,194,Good,0,2185,1795.603738168
Pineapple,24,95,14.1136139,322,Good,0,2280,4544.5836758000005
Tomato,26,87,7.589280351,400,Good,0,2262,3035.7121404
Orange,24,95,16.29477154,205,Bad,1,2280,3340.4281656999997
Banana,26,95,20.29041491,382,Good,0,2470,7750.938495619999
Orange,23,95,4.570643409,339,Good,0,2185,1549.4481156509999
Tomato,23,89,9.531728808,369,Good,0,2047,3517.2079301520002
Orange,23,82,5.042126986,361,Good,0,1886,1820.2078419460001
Orange,23,95,8.516848104,182,Good,0,2185,1550.0663549279998
Orange,23,95,19.95991509,339,Bad,1,2185,6766.411215509999
Tomato,22,94,12.62144823,378,Good,0,2068,4770.90743094
Banana,24,95,17.02725828,250,Bad,1,2280,4256.8145700000005
Banana,24,86,13.65010619,348,Good,0,2064,4750.2369541200005
Tomato,25,95,16.84124175,361,Bad,1,2375,6079.688271749999
Orange,22,95,8.214906999,378,Good,0,2090,3105.234845622
Banana,26,94,14.1136139,310,Good,0,2444,4375.220309
Orange,23,95,19.74258151,281,Bad,1,2185,5547.665404310001
Orange,24,95,14.91822038,353,Bad,1,2280,5266.131794139999
Orange,22,95,4.836285621,355,Good,0,2090,1716.881395455
Orange,24,95,14.91822038,431,Bad,1,2280,6429.752983779999
Tomato,25,95,15.93986231,321,Bad,1,2375,5116.69580151
Pineapple,22,95,13.12676612,327,Good,0,2090,4292.452521239999
Tomato,25,95,7.730278953,209,Good,0,2375,1615.628301177
Tomato,23,91,8.264637967,369,Good,0,2093,3049.651409823
Tomato,24,95,13.05349201,305,Bad,1,2280,3981.31506305
Orange,23,95,7.683058499,300,Good,0,2185,2304.9175497
Orange,22,95,6.283027997,247,Good,0,2090,1551.907915259
Tomato,24,90,12.69256136,332,Good,0,2160,4213.930371519999
Pineapple,25,95,14.83589827,405,Bad,1,2375,6008.53879935
Pineapple,25,95,10.52137857,410,Bad,1,2375,4313.7652137
Tomato,24,95,16.56585884,359,Bad,1,2280,5947.143323560001
Pineapple,25,95,9.987371503,345,Bad,1,2375,3445.6431685350003
Banana,26,94,17.79130513,322,Good,0,2444,5728.800251860001
Orange,22,95,4.938486566,348,Good,0,2090,1718.593324968
Tomato,25,95,12.90803823,381,Bad,1,2375,4917.96256563
Orange,24,95,14.83589827,388,Bad,1,2280,5756.32852876
Orange,22,95,9.420521035,183,Good,0,2090,1723.955349405
Pineapple,25,95,11.01598084,294,Bad,1,2375,3238.69836696
Orange,22,95,7.777721829,178,Good,0,2090,1384.434485562
Orange,24,95,15.33623116,366,Bad,1,2280,5613.06060456
Tomato,23,92,9.814452454,351,Good,0,2116,3444.8728113539996
Tomato,23,90,12.83585424,337,Good,0,2070,4325.68287888
Tomato,24,95,16.20534945,345,Bad,1,2280,5590.84556025
Pineapple,25,95,9.8718154,331,Bad,1,2375,3267.5708974
Orange,23,95,7.921396405,174,Good,0,2185,1378.32297447
Banana,24,95,17.98744479,258,Bad,1,2280,4640.760755820001
Orange,23,95,15.00096563,215,Bad,1,2185,3225.2076104499997
Orange,22,95,4.972872478,354,Good,0,2090,1760.396857212
Tomato,26,87,7.825388265,391,Good,0,2262,3059.726811615
Banana,26,90,19.20950925,374,Good,0,2340,7184.3564595
Pineapple,23,95,12.34050263,319,Good,0,2185,3936.62033897
Pineapple,22,95,12.98058343,335,Good,0,2090,4348.4954490499995
Tomato,25,95,12.90803823,389,Bad,1,2375,5021.22687147
Orange,23,95,6.446808067,260,Good,0,2185,1676.17009742
Tomato,24,95,12.69256136,300,Bad,1,2280,3807.768408
Tomato,24,83,7.730278953,399,Good,0,1992,3084.381302247
Tomato,24,95,12.76402932,306,Bad,1,2280,3905.79297192
Tomato,25,95,15.50647254,311,Bad,1,2375,4822.512959940001
Pineapple,25,95,12.83585424,408,Bad,1,2375,5237.0285299199995
Orange,22,95,6.446808067,258,Good,0,2090,1663.276481286
Banana,26,91,19.74258151,400,Good,0,2366,7897.032604
Orange,22,95,7.0889296,357,Good,0,2090,2530.7478672
Tomato,24,88,10.76627794,245,Good,0,2112,2637.7380953
Pineapple,22,85,12.69256136,333,Good,0,1870,4226.62293288
Tomato,24,89,13.49869706,394,Good,0,2136,5318.48664164
Banana,25,87,14.1136139,335,Good,0,2175,4728.0606565
Pineapple,22,89,12.76402932,334,Good,0,1958,4263.18579288
Tomato,22,90,12.90803823,318,Good,0,1980,4104.75615714
Pineapple,25,95,9.814452454,339,Bad,1,2375,3327.099381906
Orange,24,95,16.93400512,204,Bad,1,2280,3454.5370444799996
Banana,25,90,20.17964285,378,Good,0,2250,7627.9049973
Pineapple,23,95,12.76402932,323,Good,0,2185,4122.78147036
Pineapple,25,95,10.10404473,437,Bad,1,2375,4415.46754701
Tomato,23,89,7.044707922,285,Good,0,2047,2007.7417577699998
Tomato,24,95,12.13341843,293,Bad,1,2280,3555.0915999900003
Tomato,25,93,6.48823229,402,Good,0,2325,2608.26938058
Pineapple,25,95,11.07916988,305,Bad,1,2375,3379.1468134
Pineapple,25,95,11.07916988,311,Bad,1,2375,3445.62183268
Tomato,24,95,12.83585424,365,Bad,1,2280,4685.0867976
Orange,24,95,14.75399666,248,Bad,1,2280,3658.99117168
Orange,24,95,15.76515749,381,Bad,1,2280,6006.52500369
Tomato,22,94,11.27059687,344,Good,0,2068,3877.08532328
Tomato,23,89,7.450253315,295,Good,0,2047,2197.824727925
Banana,26,95,14.35070581,309,Good,0,2470,4434.3680952899995
Tomato,26,93,6.529850053,410,Good,0,2418,2677.23852173
Tomato,24,95,14.43054353,308,Bad,1,2280,4444.60740724
Orange,24,95,16.74896501,424,Bad,1,2280,7101.56116424
Pineapple,23,82,12.83585424,344,Good,0,1886,4415.53385856
Tomato,23,89,9.255689372,315,Good,0,2047,2915.5421521800004
Pineapple,25,95,11.07916988,291,Bad,1,2375,3224.03843508
Orange,24,82,17.69401633,252,Bad,1,1968,4458.89211516
Tomato,24,89,13.57421101,387,Good,0,2136,5253.219660870001
Orange,23,95,9.587732994,398,Good,0,2185,3815.917731612
Tomato,24,89,13.72638492,404,Good,0,2136,5545.45950768
Pineapple,25,95,11.72833871,432,Bad,1,2375,5066.642322719999
Tomato,25,95,13.05349201,366,Bad,1,2375,4777.57807566
Banana,26,90,19.42099897,371,Good,0,2340,7205.19061787
Tomato,25,95,15.93986231,319,Bad,1,2375,5084.81607689
Tomato,25,95,15.76515749,309,Bad,1,2375,4871.43366441
Banana,24,95,12.62144823,253,Bad,1,2280,3193.22640219
Tomato,25,95,12.90803823,365,Bad,1,2375,4711.433953950001
Orange,23,95,5.620007507,253,Good,0,2185,1421.861899271
Tomato,24,95,11.99705843,291,Bad,1,2280,3491.14400313
Pineapple,23,95,12.41021712,326,Good,0,2185,4045.7307811200003
Pineapple,25,95,10.82824911,449,Bad,1,2375,4861.88385039
Orange,22,95,4.904260592,292,Good,0,2090,1432.044092864
Banana,26,95,17.12100442,319,Good,0,2470,5461.600409979999
Tomato,25,95,7.969740423,166,Good,0,2375,1322.976910218
Orange,23,95,4.505770041,345,Good,0,2185,1554.490664145
Tomato,25,95,15.59225501,377,Bad,1,2375,5878.28013877
Pineapple,22,86,12.62144823,330,Good,0,1892,4165.0779159
Tomato,22,92,11.20647613,358,Good,0,2024,4011.9184545400003
Pineapple,23,95,12.90803823,333,Good,0,2185,4298.37673059
Tomato,26,93,6.571662296,408,Good,0,2418,2681.2382167680003
Orange,23,95,15.08413665,381,Bad,1,2185,5747.0560636499995
Banana,25,95,16.29477154,272,Bad,1,2375,4432.17785888
Orange,22,95,4.870193845,349,Good,0,2090,1699.6976519050002
Banana,26,94,15.08413665,304,Good,0,2444,4585.5775416
Orange,24,95,19.95991509,262,Bad,1,2280,5229.49775358
Orange,22,95,7.0889296,291,Good,0,2090,2062.8785136
Tomato,23,93,11.07916988,361,Good,0,2139,3999.58032668
Orange,22,95,9.475991969,390,Good,0,2090,3695.63686791
Orange,23,95,7.133358572,291,Good,0,2185,2075.807344452
Tomato,24,95,12.13341843,287,Bad,1,2280,3482.29108941
Tomato,23,88,7.496378442,293,Good,0,2024,2196.438883506
Tomato,22,90,12.83585424,331,Good,0,1980,4248.66775344
Orange,23,95,15.00096563,252,Bad,1,2185,3780.24333876
Orange,23,95,4.409591293,245,Good,0,2185,1080.3498667850001
Orange,22,95,8.264637967,375,Good,0,2090,3099.239237625
Orange,22,94,7.636059339,298,Good,0,2068,2275.545683022
Banana,25,87,13.80304952,335,Good,0,2175,4624.0215892
Tomato,23,89,8.31460431,300,Good,0,2047,2494.381293
Tomato,25,95,15.50647254,317,Bad,1,2375,4915.55179518
Orange,21,94,8.933015125,372,Good,0,1974,3323.0816265000003
Orange,23,95,14.91822038,391,Bad,1,2185,5833.02416858
Tomato,24,95,16.11639251,384,Bad,1,2280,6188.694723840001
Orange,23,95,15.33623116,252,Bad,1,2185,3864.73025232
Tomato,23,87,6.283027997,286,Good,0,2001,1796.9460071419999
Orange,23,95,14.83589827,421,Bad,1,2185,6245.913171669999
Tomato,24,95,14.43054353,312,Bad,1,2280,4502.32958136
Orange,23,84,4.409591293,329,Good,0,1932,1450.7555353970001
Tomato,24,94,11.46485093,368,Good,0,2256,4219.065142240001
Pineapple,23,95,12.83585424,336,Good,0,2185,4312.84702464
Tomato,22,91,13.49869706,332,Good,0,2002,4481.56742392
Tomato,24,95,12.34050263,286,Bad,1,2280,3529.38375218
Pineapple,24,95,14.03538213,301,Good,0,2280,4224.65002113
Orange,24,95,15.00096563,362,Bad,1,2280,5430.34955806
Orange,22,95,8.31460431,380,Good,0,2090,3159.5496378
Orange,23,95,14.83589827,435,Bad,1,2185,6453.61574745
Orange,22,95,10.58215896,207,Good,0,2090,2190.50690472
Banana,26,95,16.93400512,306,Good,0,2470,5181.80556672
Pineapple,25,95,11.33503171,452,Bad,1,2375,5123.43433292
Tomato,23,93,11.92938136,352,Good,0,2139,4199.14223872
Tomato,23,89,12.62144823,336,Good,0,2047,4240.80660528
Tomato,25,95,13.05349201,382,Bad,1,2375,4986.43394782
Banana,24,95,19.20950925,300,Bad,1,2280,5762.852775
Orange,23,95,4.870193845,350,Good,0,2185,1704.56784575
Pineapple,24,95,14.19224347,316,Good,0,2280,4484.74893652
Pineapple,23,95,12.20210529,335,Good,0,2185,4087.70527215
Tomato,24,76,17.5009837,457,Good,0,1824,7997.9495509
Pineapple,22,95,13.49869706,331,Good,0,2090,4468.0687268599995
Tomato,23,92,9.8718154,359,Good,0,2116,3543.9817285999998
Orange,23,95,14.75399666,363,Bad,1,2185,5355.70078758
Tomato,24,95,16.47502321,365,Bad,1,2280,6013.38347165
Banana,25,86,13.57421101,347,Good,0,2150,4710.251220470001
Banana,25,95,17.98744479,350,Good,0,2375,6295.6056765
Tomato,25,95,15.67848238,376,Bad,1,2375,5895.10937488
Tomato,23,89,7.873279406,294,Good,0,2047,2314.744145364
Tomato,22,92,10.40069682,357,Good,0,2024,3713.04876474
Orange,23,95,10.89052217,385,Good,0,2185,4192.85103545
Banana,24,95,12.27113269,247,Bad,1,2280,3030.96977443
Orange,23,95,4.47356027,345,Good,0,2185,1543.37829315
Banana,25,95,16.29477154,284,Bad,1,2375,4627.71511736
Pineapple,25,95,10.82824911,296,Bad,1,2375,3205.16173656
Banana,24,95,16.38466179,253,Bad,1,2280,4145.31943287
Pineapple,24,95,10.70460698,416,Bad,1,2280,4453.116503679999
Banana,24,95,12.20210529,254,Bad,1,2280,3099.33474366
Orange,22,95,6.698275399,260,Good,0,2090,1741.55160374
Tomato,24,89,8.165410187,292,Good,0,2136,2384.299774604
Pineapple,22,82,12.90803823,319,Good,0,1804,4117.66419537
Orange,23,95,15.16773612,447,Bad,1,2185,6779.97804564
Orange,24,95,18.7933463,265,Bad,1,2280,4980.2367695
Orange,23,95,4.570643409,340,Good,0,2185,1554.0187590599999
Orange,22,95,6.655874013,250,Good,0,2090,1663.96850325
Orange,24,95,15.00096563,360,Bad,1,2280,5400.3476267999995
Orange,23,95,19.85095108,362,Bad,1,2185,7186.044290960001
Banana,26,81,18.7933463,380,Good,0,2106,7141.471594
Tomato,25,95,14.43054353,368,Bad,1,2375,5310.44001904
Orange,23,95,19.95991509,353,Bad,1,2185,7045.85002677
Orange,24,95,14.75399666,368,Bad,1,2280,5429.47077088
Pineapple,25,95,10.04556771,347,Bad,1,2375,3485.81199537
Banana,24,95,13.27441976,258,Bad,1,2280,3424.80029808
Pineapple,25,95,9.310371154,294,Bad,1,2375,2737.249119276
Pineapple,24,95,13.72638492,397,Bad,1,2280,5449.37481324
Pineapple,22,95,12.48027818,330,Good,0,2090,4118.491799400001
Tomato,23,87,6.242557594,287,Good,0,2001,1791.614029478
Tomato,26,90,7.000692513,402,Good,0,2340,2814.278390226
Orange,22,86,7.542720421,331,Good,0,1892,2496.640459351
Pineapple,25,95,10.10404473,347,Bad,1,2375,3506.10352131
Banana,25,88,14.51078894,329,Good,0,2200,4774.04956126
Tomato,23,89,12.55068787,312,Good,0,2047,3915.81461544
Pineapple,24,95,14.1136139,319,Good,0,2280,4502.2428341
Pineapple,22,95,12.90803823,341,Good,0,2090,4401.64103643
Tomato,25,95,13.72638492,371,Bad,1,2375,5092.488805319999
Tomato,24,95,12.06507013,285,Bad,1,2280,3438.54498705
Pineapple,23,95,12.76402932,359,Good,0,2185,4582.28652588
Tomato,23,89,8.165410187,297,Good,0,2047,2425.126825539
Banana,24,95,17.79130513,258,Bad,1,2280,4590.156723540001
Pineapple,22,95,12.76402932,338,Good,0,2090,4314.24191016
Pineapple,24,95,4.802535216,400,Bad,1,2280,1921.0140864
Tomato,26,87,7.730278953,403,Good,0,2262,3115.302418059
Pineapple,25,95,10.10404473,303,Bad,1,2375,3061.52555319
Banana,25,88,19.31496687,379,Good,0,2200,7320.37244373
Tomato,23,89,8.0671142,296,Good,0,2047,2387.8658032000003
Tomato,22,91,13.12676612,337,Good,0,2002,4423.72018244
Tomato,23,93,11.33503171,351,Good,0,2139,3978.5961302100004
Orange,23,95,14.35070581,209,Bad,1,2185,2999.29751429
Orange,23,95,16.29477154,245,Bad,1,2185,3992.2190272999997
Orange,23,95,16.65717174,206,Bad,1,2185,3431.3773784399996
Orange,23,95,14.67251295,368,Bad,1,2185,5399.4847656
Orange,23,95,9.587732994,178,Good,0,2185,1706.6164729319999
Orange,22,95,6.740875089,286,Good,0,2090,1927.890275454
Orange,23,95,15.67848238,258,Bad,1,2185,4045.0484540400003
Banana,24,95,13.42356205,259,Bad,1,2280,3476.70257095
Banana,26,88,18.69070341,394,Good,0,2288,7364.137143540001
Pineapple,23,86,12.76402932,332,Good,0,1978,4237.6577342400005
Pineapple,25,95,11.07916988,298,Bad,1,2375,3301.59262424
Pineapple,22,90,12.76402932,325,Good,0,1980,4148.309529
Orange,24,95,14.91822038,424,Bad,1,2280,6325.32544112
Tomato,24,89,13.27441976,392,Good,0,2136,5203.57254592
Tomato,24,94,11.72833871,379,Good,0,2256,4445.04037109
Tomato,24,94,11.53023895,377,Good,0,2256,4346.90008415
Tomato,23,89,7.873279406,297,Good,0,2047,2338.363983582
Banana,25,89,20.17964285,377,Good,0,2225,7607.72535445
Orange,23,95,4.802535216,351,Good,0,2185,1685.689860816
Tomato,23,89,12.83585424,315,Good,0,2047,4043.2940856
Pineapple,25,95,9.987371503,294,Bad,1,2375,2936.2872218820003
Tomato,23,89,12.69256136,313,Good,0,2047,3972.7717056799997
Pineapple,22,95,12.41021712,320,Good,0,2090,3971.2694784
Orange,24,95,15.42113219,369,Bad,1,2280,5690.39777811
Orange,24,95,15.16773612,439,Bad,1,2280,6658.636156680001
Banana,25,89,20.40179801,299,Good,0,2225,6100.13760499
Pineapple,23,95,12.41021712,319,Good,0,2185,3958.8592612800003
Tomato,24,90,13.05349201,330,Good,0,2160,4307.6523633
Tomato,26,82,8.214906999,411,Good,0,2132,3376.326776589
Tomato,25,95,14.27127328,375,Bad,1,2375,5351.7274800000005
Pineapple,25,95,9.929454577,321,Bad,1,2375,3187.354919217
Tomato,24,89,12.69256136,333,Good,0,2136,4226.62293288
Tomato,24,90,13.05349201,331,Good,0,2160,4320.70585531
Banana,25,95,16.38466179,261,Bad,1,2375,4276.39672719
Orange,22,95,4.836285621,343,Good,0,2090,1658.845968003
Tomato,25,95,14.83589827,382,Bad,1,2375,5667.31313914
Banana,25,86,13.65010619,339,Good,0,2150,4627.38599841
Orange,23,95,14.75399666,210,Bad,1,2185,3098.3392986
Tomato,23,89,7.177995872,283,Good,0,2047,2031.372831776
Tomato,23,89,12.48027818,310,Good,0,2047,3868.8862358
Orange,23,95,4.904260592,340,Good,0,2185,1667.44860128
Orange,22,95,9.365314571,166,Good,0,2090,1554.642218786
Orange,23,95,16.02789778,246,Bad,1,2185,3942.86285388
Tomato,25,95,13.65010619,373,Bad,1,2375,5091.489608870001
Tomato,23,92,10.16280412,355,Good,0,2116,3607.7954626
Orange,23,95,15.59225501,250,Bad,1,2185,3898.0637525
Orange,23,95,5.147226326,298,Good,0,2185,1533.873445148
Banana,24,87,14.03538213,330,Good,0,2088,4631.6761029
Pineapple,25,95,14.43054353,408,Bad,1,2375,5887.66176024
Orange,22,95,4.904260592,340,Good,0,2090,1667.44860128
Pineapple,24,95,14.27127328,357,Good,0,2280,5094.84456096
Tomato,25,95,14.43054353,385,Bad,1,2375,5555.75925905
Tomato,23,91,13.12676612,317,Good,0,2093,4161.18486004
Pineapple,25,95,15.00096563,401,Bad,1,2375,6015.38721763
Pineapple,22,95,12.69256136,331,Good,0,2090,4201.23781016
Tomato,25,95,7.683058499,198,Good,0,2375,1521.2455828020002
Pineapple,25,95,9.987371503,353,Bad,1,2375,3525.542140559
Pineapple,23,90,12.76402932,343,Good,0,2070,4378.06205676
Orange,23,95,14.27127328,211,Bad,1,2185,3011.2386620800003
Pineapple,25,95,11.46485093,316,Bad,1,2375,3622.8928938800004
Banana,24,95,16.65717174,257,Bad,1,2280,4280.89313718
Pineapple,25,95,11.20647613,409,Bad,1,2375,4583.44873717
Pineapple,24,95,11.46485093,408,Bad,1,2280,4677.65917944
Orange,22,95,7.730278953,301,Good,0,2090,2326.813964853
Tomato,23,88,7.450253315,300,Good,0,2024,2235.0759945
Tomato,25,95,13.12676612,368,Bad,1,2375,4830.6499321599995
Pineapple,25,95,9.8718154,339,Bad,1,2375,3346.5454205999995
Banana,26,94,14.51078894,301,Good,0,2444,4367.747470939999
Pineapple,25,95,11.01598084,306,Bad,1,2375,3370.89013704
Pineapple,25,95,9.987371503,307,Bad,1,2375,3066.123051421
Banana,24,95,12.20210529,251,Bad,1,2280,3062.7284277900003
Pineapple,22,91,12.41021712,325,Good,0,2002,4033.320564
Tomato,23,89,12.55068787,324,Good,0,2047,4066.4228698800002
Tomato,24,95,11.66198098,281,Bad,1,2280,3277.01665538
Tomato,23,87,6.323687334,291,Good,0,2001,1840.193014194
Orange,22,95,6.48823229,245,Good,0,2090,1589.61691105
Pineapple,23,95,12.62144823,335,Good,0,2185,4228.18515705
Tomato,23,89,7.730278953,295,Good,0,2047,2280.432291135
Orange,23,95,14.59144457,215,Bad,1,2185,3137.16058255
Tomato,23,95,14.75399666,314,Bad,1,2185,4632.75495124
Orange,23,95,17.88911347,358,Bad,1,2185,6404.30262226
Pineapple,25,95,10.34079221,369,Bad,1,2375,3815.75232549
Tomato,24,95,16.29477154,347,Bad,1,2280,5654.28572438
Orange,23,95,6.613669965,260,Good,0,2185,1719.5541908999999
Orange,24,95,15.33623116,367,Bad,1,2280,5628.39683572
Banana,24,95,16.93400512,243,Bad,1,2280,4114.96324416
Orange,23,95,11.14266773,337,Good,0,2185,3755.07902501
Banana,25,95,14.59144457,267,Bad,1,2375,3895.91570019
Tomato,23,89,7.683058499,286,Good,0,2047,2197.354730714
Tomato,24,90,12.90803823,335,Good,0,2160,4324.19280705
Orange,24,95,15.59225501,444,Bad,1,2280,6922.9612244400005
Orange,22,95,7.22284254,292,Good,0,2090,2109.07002168
Tomato,23,92,11.20647613,361,Good,0,2116,4045.5378829300003
Orange,22,95,6.869873736,299,Good,0,2090,2054.092247064
Banana,25,95,14.59144457,262,Bad,1,2375,3822.95847734
Tomato,24,81,7.825388265,390,Good,0,1944,3051.90142335
Orange,22,95,6.162179985,250,Good,0,2090,1540.54499625
Banana,26,94,15.59225501,306,Good,0,2444,4771.23003306
Banana,25,86,13.57421101,346,Good,0,2150,4696.677009460001
Tomato,23,90,13.05349201,329,Good,0,2070,4294.59887129
Banana,25,86,12.69256136,351,Good,0,2150,4455.08903736
Pineapple,25,95,11.862037,353,Bad,1,2375,4187.299061000001
Tomato,23,92,9.814452454,350,Good,0,2116,3435.0583589
Tomato,23,89,8.568009903,311,Good,0,2047,2664.651079833
Banana,24,95,19.10462223,291,Bad,1,2280,5559.44506893
Orange,22,95,6.446808067,246,Good,0,2090,1585.914784482
Banana,26,94,15.16773612,309,Good,0,2444,4686.8304610800005
Pineapple,25,95,12.20210529,438,Bad,1,2375,5344.52211702
Banana,24,92,16.56585884,321,Good,0,2208,5317.640687640001
Banana,24,95,18.08630257,253,Bad,1,2280,4575.83455021
Orange,22,95,7.000692513,346,Good,0,2090,2422.239609498
Pineapple,23,82,12.62144823,345,Good,0,1886,4354.39963935
Tomato,25,95,15.42113219,404,Bad,1,2375,6230.13740476
Pineapple,25,95,11.53023895,412,Bad,1,2375,4750.458447399999
Pineapple,25,95,11.07916988,296,Bad,1,2375,3279.43428448
Orange,23,95,14.83589827,375,Bad,1,2185,5563.46185125
Orange,23,95,14.75399666,395,Bad,1,2185,5827.8286807
Pineapple,25,95,11.27059687,333,Bad,1,2375,3753.10875771
Orange,23,94,5.733232642,358,Good,0,2162,2052.497285836
Pineapple,22,95,12.69256136,339,Good,0,2090,4302.77830104
Orange,24,95,14.67251295,369,Bad,1,2280,5414.15727855
Banana,26,90,20.06947764,301,Good,0,2340,6040.91276964
Tomato,26,91,6.869873736,409,Good,0,2366,2809.7783580239998
Tomato,24,93,11.53023895,366,Good,0,2232,4220.067455699999
Orange,24,95,14.91822038,387,Bad,1,2280,5773.35128706
Orange,22,92,9.255689372,386,Good,0,2024,3572.696097592
Orange,23,95,15.25176672,449,Bad,1,2185,6848.04325728
Orange,23,95,14.75399666,409,Bad,1,2185,6034.38463394
Banana,24,95,12.06507013,258,Bad,1,2280,3112.7880935400003
Banana,26,91,19.95991509,302,Good,0,2366,6027.89435718
Tomato,24,95,9.644005982,136,Good,0,2280,1311.584813552
Orange,22,95,6.655874013,281,Good,0,2090,1870.300597653
Orange,22,95,8.0671142,176,Good,0,2090,1419.8120992000001
Tomato,23,89,7.589280351,292,Good,0,2047,2216.069862492
Tomato,23,94,11.46485093,390,Good,0,2162,4471.2918627
Banana,26,90,20.06947764,302,Good,0,2340,6060.98224728
Tomato,24,88,10.58215896,243,Good,0,2112,2571.4646272799996
Pineapple,25,95,11.66198098,407,Bad,1,2375,4746.4262588599995
Banana,26,90,19.74258151,385,Good,0,2340,7600.89388135
Banana,24,95,16.74896501,246,Bad,1,2280,4120.2453924599995
Tomato,23,89,7.969740423,302,Good,0,2047,2406.861607746
Orange,23,95,8.31460431,182,Good,0,2185,1513.25798442
Orange,23,95,14.91822038,251,Bad,1,2185,3744.47331538
Tomato,24,95,13.05349201,298,Bad,1,2280,3889.9406189799997
Tomato,24,89,13.72638492,402,Good,0,2136,5518.00673784
Banana,24,95,17.12100442,251,Bad,1,2280,4297.37210942
Banana,25,95,16.11639251,261,Bad,1,2375,4206.37844511
Tomato,23,92,10.76627794,354,Good,0,2116,3811.26239076
Tomato,23,89,7.921396405,299,Good,0,2047,2368.497525095
Orange,22,95,6.698275399,261,Good,0,2090,1748.249879139
Orange,24,95,14.75399666,369,Bad,1,2280,5444.22476754
Banana,25,88,15.08413665,326,Good,0,2200,4917.4285479
Orange,23,95,14.91822038,423,Bad,1,2185,6310.4072207399995
Pineapple,24,95,11.53023895,419,Bad,1,2280,4831.17012005
Tomato,23,91,13.65010619,332,Good,0,2093,4531.83525508
Tomato,23,90,12.69256136,335,Good,0,2070,4252.008055599999
Tomato,24,90,13.05349201,332,Good,0,2160,4333.7593473199995
Orange,22,95,4.603308323,339,Good,0,2090,1560.521521497
Pineapple,25,95,12.06507013,418,Bad,1,2375,5043.1993143400005
Orange,23,95,19.52760946,278,Bad,1,2185,5428.675429880001
Pineapple,22,84,12.62144823,313,Good,0,1848,3950.51329599
Orange,23,95,14.67251295,210,Bad,1,2185,3081.2277195
Tomato,24,95,11.862037,360,Good,0,2280,4270.333320000001
Orange,22,95,7.22284254,293,Good,0,2090,2116.29286422
Tomato,24,88,10.70460698,245,Good,0,2112,2622.6287101
Orange,22,95,6.571662296,246,Good,0,2090,1616.628924816
Pineapple,24,95,13.95754575,329,Good,0,2280,4592.03255175
Orange,24,95,17.79130513,218,Bad,1,2280,3878.5045183400002
Tomato,26,94,6.698275399,402,Good,0,2444,2692.706710398
Tomato,23,89,7.450253315,290,Good,0,2047,2160.57346135
Pineapple,22,95,13.49869706,349,Good,0,2090,4711.04527394
Tomato,23,95,14.75399666,404,Good,0,2185,5960.61465064
Pineapple,25,95,9.814452454,337,Bad,1,2375,3307.470476998
Pineapple,23,81,12.62144823,332,Good,0,1863,4190.32081236
Pineapple,25,95,12.90803823,401,Bad,1,2375,5176.123330230001
Banana,26,95,16.65717174,311,Good,0,2470,5180.3804111399995
Orange,23,95,17.02725828,241,Bad,1,2185,4103.56924548
Tomato,23,89,8.516848104,305,Good,0,2047,2597.63867172
Banana,25,89,19.95991509,297,Good,0,2225,5928.094781729999
Pineapple,25,95,11.92938136,408,Bad,1,2375,4867.187594880001
Pineapple,22,92,12.83585424,318,Good,0,2024,4081.80164832
Orange,23,95,14.83589827,396,Bad,1,2185,5875.0157149199995
Pineapple,24,95,14.19224347,311,Good,0,2280,4413.78771917
Orange,23,95,14.91822038,211,Bad,1,2185,3147.7445001799997
Orange,23,95,19.31496687,346,Bad,1,2185,6682.97853702
Pineapple,23,95,12.83585424,352,Good,0,2185,4518.22069248
Orange,22,95,7.683058499,358,Good,0,2090,2750.5349426420003
Tomato,23,89,7.683058499,301,Good,0,2047,2312.600608199
Tomato,25,95,13.42356205,388,Bad,1,2375,5208.3420754
Tomato,23,88,7.000692513,283,Good,0,2024,1981.195981179
Tomato,22,94,12.48027818,344,Good,0,2068,4293.21569392
Orange,23,95,8.415248038,178,Good,0,2185,1497.914150764
Tomato,23,89,8.671063387,375,Good,0,2047,3251.6487701250003
Orange,23,95,14.91822038,357,Bad,1,2185,5325.80467566
Orange,23,95,16.20534945,261,Bad,1,2185,4229.59620645
Tomato,25,95,13.88010234,371,Bad,1,2375,5149.51796814
Banana,25,87,14.35070581,326,Good,0,2175,4678.330094059999
Tomato,24,89,8.165410187,320,Good,0,2136,2612.93125984
Tomato,24,92,11.14266773,362,Good,0,2208,4033.6457182599997
Tomato,24,89,13.49869706,400,Good,0,2136,5399.478824
Tomato,24,93,11.33503171,363,Good,0,2232,4114.61651073
Tomato,23,91,10.64323454,349,Good,0,2093,3714.48885446
Tomato,23,89,8.364807255,307,Good,0,2047,2567.9958272850004
Orange,23,95,6.740875089,261,Good,0,2185,1759.3683982290001
Tomato,24,93,11.07916988,360,Good,0,2232,3988.5011568
Orange,23,95,5.076997025,346,Good,0,2185,1756.6409706499999
Pineapple,25,95,9.8718154,346,Bad,1,2375,3415.6481283999997
Orange,23,95,8.364807255,173,Good,0,2185,1447.111655115
Orange,22,95,7.404343951,309,Good,0,2090,2287.942280859
Banana,24,95,16.84124175,252,Bad,1,2280,4243.992920999999
Tomato,23,89,12.62144823,347,Good,0,2047,4379.6425358100005
Pineapple,23,95,12.48027818,325,Good,0,2185,4056.0904085
Banana,26,95,17.30998858,314,Good,0,2470,5435.33641412
Tomato,25,95,15.50647254,405,Bad,1,2375,6280.121378700001
Pineapple,23,95,12.34050263,334,Good,0,2185,4121.72787842
Orange,23,95,14.59144457,371,Bad,1,2185,5413.42593547
Pineapple,25,95,10.52137857,395,Bad,1,2375,4155.94453515
Tomato,25,93,6.655874013,402,Good,0,2325,2675.661353226
Tomato,24,93,11.20647613,372,Good,0,2232,4168.80912036
Orange,22,95,8.0671142,374,Good,0,2090,3017.1007108000003
Banana,25,89,20.40179801,376,Good,0,2225,7671.07605176
Banana,24,95,12.90803823,261,Bad,1,2280,3368.99797803
Tomato,23,89,7.921396405,297,Good,0,2047,2352.654732285
Banana,25,89,19.63480231,391,Good,0,2225,7677.207703210001
Orange,24,95,15.08413665,388,Bad,1,2280,5852.6450202
Banana,24,87,13.95754575,328,Good,0,2088,4578.075006
Pineapple,25,95,11.92938136,417,Bad,1,2375,4974.55202712
Banana,26,90,19.31496687,377,Good,0,2340,7281.74250999
Orange,23,95,16.20534945,247,Bad,1,2185,4002.72131415
Orange,22,95,4.938486566,358,Good,0,2090,1767.978190628
Tomato,23,89,12.62144823,305,Good,0,2047,3849.54171015
Orange,23,95,4.904260592,355,Good,0,2185,1741.01251016
Banana,25,89,15.59225501,322,Good,0,2225,5020.706113220001
Orange,23,95,19.74258151,334,Bad,1,2185,6594.02222434
Tomato,23,88,7.404343951,286,Good,0,2024,2117.642369986
Banana,25,86,13.80304952,340,Good,0,2150,4693.0368368
Banana,26,89,19.31496687,375,Good,0,2314,7243.11257625
Tomato,23,89,7.777721829,295,Good,0,2047,2294.4279395549997
Tomato,25,92,6.571662296,399,Good,0,2300,2622.0932561040004
Orange,23,95,19.52760946,262,Bad,1,2185,5116.2336785200005
Banana,25,87,13.88010234,330,Good,0,2175,4580.4337722
Tomato,24,95,15.93986231,344,Bad,1,2280,5483.31263464
Pineapple,25,95,10.95309884,308,Bad,1,2375,3373.5544427199998
Banana,25,89,19.31496687,379,Good,0,2225,7320.37244373
Pineapple,25,95,10.10404473,288,Bad,1,2375,2909.96488224
Tomato,25,95,13.27441976,380,Bad,1,2375,5044.2795088
Orange,22,95,6.913276429,289,Good,0,2090,1997.936887981
Banana,26,94,15.50647254,307,Good,0,2444,4760.487069780001
Banana,24,95,13.12676612,254,Bad,1,2280,3334.19859448
Orange,23,95,8.88012605,194,Good,0,2185,1722.7444537
Banana,25,95,16.20534945,265,Bad,1,2375,4294.41760425
Pineapple,22,95,12.62144823,323,Good,0,2090,4076.72777829
Pineapple,25,95,9.929454577,338,Bad,1,2375,3356.1556470259998
Pineapple,23,95,12.69256136,343,Good,0,2185,4353.5485464799995
Tomato,24,95,14.43054353,311,Bad,1,2280,4487.8990378299995
Tomato,22,92,13.88010234,317,Good,0,2024,4399.99244178
Orange,22,95,5.007419045,340,Good,0,2090,1702.5224753
Tomato,24,88,10.89052217,245,Good,0,2112,2668.17793165
Pineapple,23,81,12.55068787,328,Good,0,1863,4116.62562136
Banana,26,95,13.95754575,311,Good,0,2470,4340.796728249999
Banana,25,88,19.42099897,406,Good,0,2200,7884.92558182
Orange,22,93,7.683058499,299,Good,0,2046,2297.2344912010003
Pineapple,23,80,12.55068787,332,Good,0,1840,4166.82837284
Tomato,26,94,6.698275399,398,Good,0,2444,2665.913608802
Tomato,26,93,6.242557594,404,Good,0,2418,2521.993267976
Banana,24,95,16.56585884,247,Bad,1,2280,4091.76713348
Tomato,24,95,12.90803823,305,Bad,1,2280,3936.9516601500004
Orange,24,95,15.00096563,370,Bad,1,2280,5550.3572831
Tomato,24,95,16.65717174,360,Bad,1,2280,5996.5818264
Pineapple,22,95,13.05349201,319,Good,0,2090,4164.06395119
Banana,26,88,18.7933463,380,Good,0,2288,7141.471594
Pineapple,25,95,13.12676612,411,Bad,1,2375,5395.100875319999
Orange,24,95,14.83589827,403,Bad,1,2280,5978.86700281
Orange,22,95,6.242557594,244,Good,0,2090,1523.184052936
Pineapple,25,95,10.95309884,420,Bad,1,2375,4600.3015128
Pineapple,25,95,11.99705843,397,Bad,1,2375,4762.83219671
Orange,24,95,14.83589827,401,Bad,1,2280,5949.19520627
Tomato,25,95,15.67848238,311,Bad,1,2375,4876.00802018
Tomato,25,95,15.25176672,316,Bad,1,2375,4819.55828352
Tomato,24,95,16.11639251,342,Bad,1,2280,5511.80623842
Tomato,26,91,6.913276429,397,Good,0,2366,2744.5707423129998
Orange,22,95,6.529850053,262,Good,0,2090,1710.820713886
Tomato,23,88,7.730278953,290,Good,0,2024,2241.78089637
Tomato,24,95,13.42356205,375,Bad,1,2280,5033.83576875
Pineapple,23,85,12.69256136,347,Good,0,1955,4404.31879192
Pineapple,25,95,10.70460698,450,Bad,1,2375,4817.073141
Pineapple,25,95,11.79502342,416,Bad,1,2375,4906.72974272
Orange,23,95,6.446808067,247,Good,0,2185,1592.361592549
Orange,23,95,4.870193845,349,Good,0,2185,1699.6976519050002
Orange,23,95,16.38466179,249,Bad,1,2185,4079.7807857099997
Banana,26,95,17.12100442,316,Good,0,2470,5410.237396719999
Orange,23,95,14.59144457,426,Bad,1,2185,6215.95538682
Orange,22,89,7.636059339,297,Good,0,1958,2267.909623683
Tomato,25,95,12.98058343,386,Bad,1,2375,5010.505203979999
Tomato,25,92,6.613669965,401,Good,0,2300,2652.0816559649998
Tomato,22,92,11.20647613,355,Good,0,2024,3978.2990261500004
Pineapple,22,95,12.48027818,337,Good,0,2090,4205.85374666
Orange,23,95,8.214906999,178,Good,0,2185,1462.253445822
Tomato,25,95,15.25176672,387,Bad,1,2375,5902.4337206400005
Pineapple,22,95,13.20040797,333,Good,0,2090,4395.73585401
Orange,24,95,15.59225501,375,Bad,1,2280,5847.09562875
Orange,23,95,8.264637967,173,Good,0,2185,1429.782368291
Pineapple,22,95,12.55068787,340,Good,0,2090,4267.2338758000005
Banana,24,95,13.12676612,251,Bad,1,2280,3294.81829612
Orange,22,95,8.671063387,177,Good,0,2090,1534.778219499
Orange,23,95,19.63480231,353,Bad,1,2185,6931.08521543
Orange,23,95,4.538130868,334,Good,0,2185,1515.735709912
Orange,23,95,14.91822038,379,Bad,1,2185,5654.00552402
Tomato,25,95,12.98058343,385,Bad,1,2375,4997.52462055
Tomato,23,90,12.98058343,336,Good,0,2070,4361.47603248
Banana,24,95,16.56585884,257,Bad,1,2280,4257.42572188
Pineapple,25,95,11.66198098,378,Bad,1,2375,4408.2288104399995
Orange,22,95,4.870193845,339,Good,0,2090,1650.995713455
Tomato,24,95,11.862037,290,Bad,1,2280,3439.9907300000004
Tomato,24,95,14.03538213,386,Bad,1,2280,5417.65750218
Orange,24,95,16.38466179,390,Bad,1,2280,6390.018098099999
Pineapple,23,95,12.62144823,318,Good,0,2185,4013.62053714
Tomato,22,92,11.07916988,353,Good,0,2024,3910.94696764
Orange,22,95,7.044707922,296,Good,0,2090,2085.233544912
Orange,22,95,8.619414571,176,Good,0,2090,1517.0169644960001
Tomato,24,76,18.38606989,461,Good,0,1824,8475.97821929
Pineapple,25,95,10.10404473,302,Bad,1,2375,3051.42150846
Orange,24,83,16.38466179,255,Bad,1,1992,4178.08875645
Orange,23,95,14.51078894,211,Bad,1,2185,3061.77646634
Tomato,23,89,7.777721829,299,Good,0,2047,2325.538826871
Banana,25,86,12.41021712,341,Good,0,2150,4231.88403792
Pineapple,25,95,11.46485093,314,Bad,1,2375,3599.9631920200004
Orange,24,95,14.43054353,386,Bad,1,2280,5570.18980258
Tomato,23,87,6.122270991,281,Good,0,2001,1720.3581484709998
Pineapple,25,95,12.90803823,400,Bad,1,2375,5163.215292
Pineapple,23,93,12.76402932,352,Good,0,2139,4492.93832064
Orange,24,95,15.50647254,367,Bad,1,2280,5690.87542218
Banana,24,86,13.49869706,347,Good,0,2064,4684.04787982
Tomato,25,95,7.313168177,190,Good,0,2375,1389.50195363
Tomato,23,91,10.64323454,350,Good,0,2093,3725.132089
Orange,23,95,14.91822038,213,Bad,1,2185,3177.58094094
Tomato,25,95,15.50647254,319,Bad,1,2375,4946.564740260001
Tomato,23,91,8.214906999,376,Good,0,2093,3088.805031624
Tomato,23,92,13.65010619,321,Good,0,2116,4381.684086990001
Pineapple,24,95,14.1136139,329,Good,0,2280,4643.378973100001
Orange,23,95,16.65717174,256,Bad,1,2185,4264.23596544
Tomato,25,92,6.529850053,404,Good,0,2300,2638.0594214119997
Tomato,25,95,13.72638492,366,Bad,1,2375,5023.85688072
Banana,24,95,12.83585424,260,Bad,1,2280,3337.3221024
Banana,26,95,17.40523312,314,Good,0,2470,5465.24319968
Orange,23,95,14.67251295,383,Bad,1,2185,5619.57245985
Tomato,26,91,6.783674055,390,Good,0,2366,2645.63288145
Tomato,23,93,8.933015125,262,Good,0,2139,2340.4499627500004
Orange,24,95,15.33623116,372,Bad,1,2280,5705.07799152
Orange,23,95,9.420521035,168,Good,0,2185,1582.64753388
Tomato,22,92,10.16280412,356,Good,0,2024,3617.95826672
Orange,22,95,8.516848104,360,Good,0,2090,3066.06531744
Banana,24,88,14.51078894,324,Good,0,2112,4701.49561656
Orange,23,95,16.38466179,200,Bad,1,2185,3276.932358
Orange,22,95,7.044707922,365,Good,0,2090,2571.31839153
Pineapple,24,95,14.43054353,304,Good,0,2280,4386.88523312
Orange,23,95,7.589280351,298,Good,0,2185,2261.605544598
Orange,23,95,4.441500903,346,Good,0,2185,1536.7593124379998
Banana,24,95,12.55068787,249,Bad,1,2280,3125.12127963
Pineapple,24,95,14.03538213,336,Good,0,2280,4715.88839568
Pineapple,22,95,12.76402932,315,Good,0,2090,4020.6692358
Tomato,24,88,10.40069682,243,Good,0,2112,2527.36932726
Tomato,24,81,8.619414571,458,Good,0,1944,3947.691873518
Pineapple,25,95,11.59594835,346,Bad,1,2375,4012.1981291
Pineapple,22,92,12.76402932,324,Good,0,2024,4135.54549968
Tomato,25,95,12.55068787,307,Bad,1,2375,3853.06117609
Tomato,26,89,7.177995872,398,Good,0,2314,2856.8423570560003
Banana,26,94,13.80304952,304,Good,0,2444,4196.12705408
Orange,22,95,6.740875089,258,Good,0,2090,1739.1457729620001
Tomato,23,91,8.214906999,363,Good,0,2093,2982.011240637
Tomato,26,89,7.133358572,393,Good,0,2314,2803.409918796
Orange,23,95,11.01598084,385,Good,0,2185,4241.152623399999
Banana,26,89,18.08630257,376,Good,0,2314,6800.44976632
Tomato,25,91,6.446808067,401,Good,0,2275,2585.170034867
Pineapple,23,95,12.76402932,338,Good,0,2185,4314.24191016
Orange,22,95,7.777721829,362,Good,0,2090,2815.535302098
Orange,22,95,4.409591293,350,Good,0,2090,1543.35695255
Orange,24,95,15.67848238,404,Bad,1,2280,6334.10688152
Tomato,24,95,16.20534945,348,Bad,1,2280,5639.4616086
Orange,23,95,5.007419045,277,Good,0,2185,1387.0550754649998
Orange,22,95,6.698275399,257,Good,0,2090,1721.456777543
Tomato,25,93,6.655874013,393,Good,0,2325,2615.758487109
Pineapple,22,95,12.76402932,341,Good,0,2090,4352.53399812
Orange,23,95,18.38606989,263,Bad,1,2185,4835.53638107
Orange,23,95,16.20534945,249,Bad,1,2185,4035.13201305
Tomato,22,89,12.55068787,320,Good,0,1958,4016.2201184000005
Orange,22,95,6.202275223,247,Good,0,2090,1531.961980081
Tomato,24,89,13.80304952,377,Good,0,2136,5203.74966904
Orange,23,95,16.20534945,246,Bad,1,2185,3986.5159647
Pineapple,25,95,10.64323454,285,Bad,1,2375,3033.3218438999997
Tomato,24,89,8.214906999,287,Good,0,2136,2357.678308713
Pineapple,25,95,10.89052217,449,Bad,1,2375,4889.84445433
Pineapple,25,95,10.76627794,438,Bad,1,2375,4715.62973772
Pineapple,23,95,12.90803823,346,Good,0,2185,4466.18122758
Orange,22,95,6.242557594,242,Good,0,2090,1510.698937748
Tomato,26,92,6.529850053,397,Good,0,2392,2592.3504710409998
Orange,23,95,6.48823229,258,Good,0,2185,1673.96393082
Pineapple,25,95,11.20647613,312,Bad,1,2375,3496.42055256
Orange,22,95,9.987371503,193,Good,0,2090,1927.562700079
Orange,24,95,18.7933463,266,Bad,1,2280,4999.0301158
Pineapple,23,95,12.06507013,320,Good,0,2185,3860.8224416000003
Pineapple,25,95,10.04556771,298,Bad,1,2375,2993.57917758
Pineapple,23,95,12.41021712,323,Good,0,2185,4008.50012976
Tomato,25,95,7.730278953,205,Good,0,2375,1584.707185365
Orange,23,95,15.00096563,315,Bad,1,2185,4725.30417345
Tomato,25,95,15.50647254,400,Bad,1,2375,6202.589016
Orange,23,95,6.869873736,247,Good,0,2185,1696.858812792
Orange,22,95,8.775098629,176,Good,0,2090,1544.417358704
Orange,23,95,7.969740423,165,Good,0,2185,1315.007169795
Tomato,22,92,11.14266773,355,Good,0,2024,3955.6470441499996
Pineapple,22,95,12.62144823,328,Good,0,2090,4139.83501944
Tomato,23,89,7.496378442,293,Good,0,2047,2196.438883506
Pineapple,22,95,13.42356205,352,Good,0,2090,4725.0938416
Orange,22,95,4.603308323,337,Good,0,2090,1551.3149048510002
Orange,22,95,7.000692513,350,Good,0,2090,2450.24237955
Orange,23,95,4.938486566,347,Good,0,2185,1713.654838402
Pineapple,25,95,10.16280412,283,Bad,1,2375,2876.07356596
Tomato,24,95,12.76402932,304,Bad,1,2280,3880.26491328
Pineapple,22,91,12.76402932,328,Good,0,2002,4186.60161696
Tomato,23,89,12.41021712,329,Good,0,2047,4082.96143248
Pineapple,25,95,10.89052217,303,Bad,1,2375,3299.8282175100003
Pineapple,22,95,13.72638492,352,Good,0,2090,4831.68749184
Pineapple,25,95,10.95309884,304,Bad,1,2375,3329.7420473599996
Pineapple,22,89,13.27441976,336,Good,0,1958,4460.20503936
Tomato,24,95,11.92938136,356,Good,0,2280,4246.85976416
Tomato,22,93,11.92938136,355,Good,0,2046,4234.9303828
Orange,24,95,15.00096563,421,Bad,1,2280,6315.40653023
Tomato,22,93,13.65010619,354,Good,0,2046,4832.137591260001
Banana,25,89,19.52760946,399,Good,0,2225,7791.51617454
Tomato,24,95,11.92938136,286,Bad,1,2280,3411.80306896
Tomato,25,91,6.48823229,404,Good,0,2275,2621.24584516
Orange,23,95,15.42113219,393,Bad,1,2185,6060.50495067
Pineapple,25,95,9.814452454,275,Bad,1,2375,2698.9744248499997
Orange,22,95,6.529850053,280,Good,0,2090,1828.35801484
Orange,23,95,15.85228317,254,Bad,1,2185,4026.47992518
Tomato,23,89,12.48027818,336,Good,0,2047,4193.37346848
Banana,25,86,13.49869706,348,Good,0,2150,4697.5465768799995
Pineapple,25,95,11.39978246,316,Bad,1,2375,3602.33125736
Orange,23,95,15.50647254,394,Bad,1,2185,6109.55018076
Banana,26,89,19.20950925,389,Good,0,2314,7472.49909825
Tomato,23,89,9.814452454,372,Good,0,2047,3650.976312888
Tomato,24,95,15.76515749,370,Bad,1,2280,5833.1082713
Orange,22,95,6.698275399,292,Good,0,2090,1955.896416508
Tomato,24,90,8.116146322,292,Good,0,2160,2369.914726024
Banana,26,90,20.29041491,385,Good,0,2340,7811.80974035
Orange,23,95,8.775098629,192,Good,0,2185,1684.8189367680002
Orange,23,95,14.83589827,249,Bad,1,2185,3694.13866923
Banana,25,95,17.79130513,368,Good,0,2375,6547.200287840001
Tomato,24,89,12.90803823,333,Good,0,2136,4298.37673059
Banana,26,90,19.10462223,402,Good,0,2340,7680.05813646
Orange,22,95,7.000692513,288,Good,0,2090,2016.1994437439998
Tomato,26,93,6.529850053,394,Good,0,2418,2572.760920882
Tomato,23,90,12.90803823,336,Good,0,2070,4337.100845280001
Tomato,26,90,7.044707922,401,Good,0,2340,2824.927876722
Orange,22,95,6.956882353,299,Good,0,2090,2080.107823547
Pineapple,25,95,11.27059687,291,Bad,1,2375,3279.74368917
Tomato,25,95,12.69256136,302,Bad,1,2375,3833.1535307199997
Banana,25,95,16.02789778,265,Bad,1,2375,4247.3929117
Tomato,26,72,9.147105109,387,Good,0,1872,3539.929677183
Pineapple,25,95,11.92938136,413,Bad,1,2375,4926.83450168
Tomato,24,95,13.65010619,387,Bad,1,2280,5282.5910955300005
Tomato,26,90,7.133358572,401,Good,0,2340,2860.4767873719998
Banana,24,95,13.49869706,258,Bad,1,2280,3482.66384148
Pineapple,24,95,11.27059687,430,Bad,1,2280,4846.3566541
Banana,24,92,17.02725828,319,Good,0,2208,5431.69539132
Orange,22,95,7.496378442,352,Good,0,2090,2638.725211584
Tomato,26,93,6.529850053,400,Good,0,2418,2611.9400212
Tomato,24,95,11.72833871,360,Good,0,2280,4222.2019356
Orange,23,95,14.83589827,439,Bad,1,2185,6512.95934053
Banana,24,95,17.21524677,252,Bad,1,2280,4338.24218604
Orange,23,95,19.52760946,279,Bad,1,2185,5448.20303934
Orange,24,95,14.83589827,427,Bad,1,2280,6334.928561289999
Banana,26,91,20.06947764,298,Good,0,2366,5980.704336719999
Pineapple,23,95,12.90803823,349,Good,0,2185,4504.90534227
Pineapple,25,95,9.8718154,288,Bad,1,2375,2843.0828352
Orange,22,95,6.655874013,245,Good,0,2090,1630.689133185
Pineapple,25,95,9.8718154,322,Bad,1,2375,3178.7245587999996
Tomato,22,92,9.644005982,356,Good,0,2024,3433.2661295919997
Orange,23,95,16.02789778,253,Bad,1,2185,4055.05813834
Pineapple,22,88,12.55068787,335,Good,0,1936,4204.4804364500005
Pineapple,22,95,12.62144823,327,Good,0,2090,4127.21357121
Orange,22,95,6.613669965,255,Good,0,2090,1686.4858410749998
Tomato,25,91,6.529850053,393,Good,0,2275,2566.2310708289997
Orange,24,95,14.75399666,384,Bad,1,2280,5665.53471744
Banana,26,95,17.02725828,314,Good,0,2470,5346.55909992
Orange,23,95,4.870193845,340,Good,0,2185,1655.8659073000001
Pineapple,25,95,9.757364232,342,Bad,1,2375,3337.018567344
Pineapple,23,84,12.62144823,336,Good,0,1932,4240.80660528
Orange,22,95,8.415248038,372,Good,0,2090,3130.4722701359997
Orange,23,95,14.59144457,386,Bad,1,2185,5632.29760402
Orange,23,95,16.38466179,243,Bad,1,2185,3981.47281497
Tomato,24,95,11.53023895,355,Good,0,2280,4093.23482725
Tomato,25,95,15.42113219,318,Bad,1,2375,4903.92003642
Tomato,26,93,6.529850053,396,Good,0,2418,2585.820620988
Pineapple,23,95,12.34050263,315,Good,0,2185,3887.2583284499997
Banana,25,88,14.59144457,326,Good,0,2200,4756.81092982
Banana,25,86,13.80304952,343,Good,0,2150,4734.44598536
Banana,25,86,14.03538213,333,Good,0,2150,4673.78224929
Orange,23,95,8.31460431,173,Good,0,2185,1438.42654563
Tomato,23,92,10.40069682,359,Good,0,2116,3733.8501583800003
Pineapple,23,95,12.34050263,335,Good,0,2185,4134.0683810499995
Tomato,23,88,7.589280351,295,Good,0,2024,2238.837703545
Tomato,25,81,7.921396405,409,Good,0,2025,3239.851129645
Tomato,24,90,8.0671142,289,Good,0,2160,2331.3960038
Orange,23,95,6.202275223,247,Good,0,2185,1531.961980081
Pineapple,22,87,12.48027818,324,Good,0,1914,4043.6101303200003
Orange,23,95,8.415248038,197,Good,0,2185,1657.803863486
Banana,25,89,19.74258151,392,Good,0,2225,7739.091951920001
Orange,24,95,16.11639251,374,Bad,1,2280,6027.53079874
Tomato,25,95,7.683058499,208,Good,0,2375,1598.076167792
Tomato,23,91,13.27441976,325,Good,0,2093,4314.186422000001
Orange,23,95,15.00096563,389,Bad,1,2185,5835.37563007
Pineapple,22,93,13.27441976,333,Good,0,2046,4420.381780080001
Orange,22,95,7.777721829,163,Good,0,2090,1267.768658127
Pineapple,24,95,13.95754575,333,Good,0,2280,4647.86273475
Orange,23,95,7.873279406,163,Good,0,2185,1283.344543178
Tomato,22,93,13.20040797,353,Good,0,2046,4659.74401341
Orange,23,95,19.42099897,349,Bad,1,2185,6777.92864053
Orange,23,95,8.516848104,166,Good,0,2185,1413.796785264
Tomato,26,94,6.571662296,400,Good,0,2444,2628.6649184000003
Tomato,24,92,11.20647613,362,Good,0,2208,4056.74435906
Pineapple,25,95,11.39978246,453,Bad,1,2375,5164.10145438
Orange,23,95,15.00096563,395,Bad,1,2185,5925.38142385
Banana,25,95,16.38466179,262,Bad,1,2375,4292.78138898
Tomato,23,90,12.98058343,319,Good,0,2070,4140.80611417
Banana,24,89,15.93986231,320,Good,0,2136,5100.7559392
Banana,24,95,12.55068787,246,Bad,1,2280,3087.46921602
Orange,23,95,16.38466179,252,Bad,1,2185,4128.934771079999
Pineapple,24,95,14.1136139,314,Good,0,2280,4431.6747646
Pineapple,22,80,12.76402932,330,Good,0,1760,4212.1296756
Tomato,24,94,11.27059687,388,Good,0,2256,4372.99158556
Tomato,24,95,14.35070581,384,Bad,1,2280,5510.671031039999
Pineapple,22,95,13.20040797,336,Good,0,2090,4435.33707792
Tomato,25,95,15.42113219,314,Bad,1,2375,4842.23550766
Pineapple,22,95,13.57421101,330,Good,0,2090,4479.489633300001
Tomato,25,95,7.313168177,189,Good,0,2375,1382.188785453
Pineapple,25,95,11.14266773,297,Bad,1,2375,3309.3723158099997
Banana,26,94,18.89654455,401,Good,0,2444,7577.51436455
Tomato,25,95,12.83585424,302,Bad,1,2375,3876.42798048
Tomato,23,92,10.70460698,360,Good,0,2116,3853.6585127999997
Orange,22,95,6.698275399,250,Good,0,2090,1674.56884975
Tomato,22,92,11.862037,353,Good,0,2024,4187.299061000001
Banana,26,90,20.17964285,389,Good,0,2340,7849.88106865
Banana,24,95,12.76402932,258,Bad,1,2280,3293.11956456
Banana,25,87,13.65010619,339,Good,0,2175,4627.38599841
Banana,25,87,13.57421101,339,Good,0,2175,4601.657532390001
Banana,26,90,19.85095108,297,Good,0,2340,5895.73247076
Orange,23,95,5.182587061,341,Good,0,2185,1767.2621878010002
Tomato,24,95,13.42356205,367,Bad,1,2280,4926.447272349999
Tomato,24,81,8.214906999,402,Good,0,1944,3302.392613598
Tomato,26,93,6.529850053,401,Good,0,2418,2618.469871253
Pineapple,23,89,12.83585424,348,Good,0,2047,4466.87727552
Orange,24,95,15.76515749,461,Bad,1,2280,7267.73760289
Orange,24,95,14.83589827,381,Bad,1,2280,5652.47724087
Orange,23,95,5.042126986,360,Good,0,2185,1815.16571496
Orange,23,95,15.50647254,253,Bad,1,2185,3923.1375526200004
Pineapple,25,95,11.07916988,321,Bad,1,2375,3556.41353148
Tomato,24,95,14.35070581,311,Bad,1,2280,4463.069506909999
Tomato,23,89,9.531728808,366,Good,0,2047,3488.612743728
Banana,25,86,13.42356205,347,Good,0,2150,4657.97603135
Banana,26,95,16.84124175,313,Good,0,2470,5271.30866775
Orange,24,95,14.83589827,428,Bad,1,2280,6349.7644595599995
Banana,26,91,20.17964285,380,Good,0,2366,7668.264283
Orange,24,95,16.11639251,415,Bad,1,2280,6688.302891650001
Pineapple,25,95,10.16280412,289,Bad,1,2375,2937.05039068
Pineapple,22,95,12.98058343,326,Good,0,2090,4231.67019818
Tomato,24,95,11.46485093,283,Bad,1,2280,3244.55281319
Tomato,23,92,9.700549236,362,Good,0,2116,3511.5988234320002
Tomato,25,95,12.83585424,381,Bad,1,2375,4890.46046544
Tomato,24,95,12.90803823,386,Bad,1,2280,4982.502756780001
Tomato,22,93,11.27059687,353,Good,0,2046,3978.52069511
Tomato,24,95,12.83585424,362,Bad,1,2280,4646.57923488
Tomato,23,88,7.0889296,286,Good,0,2024,2027.4338656
Tomato,25,95,15.67848238,325,Bad,1,2375,5095.5067735
Banana,26,91,19.85095108,300,Good,0,2366,5955.285324
Orange,23,95,9.147105109,199,Good,0,2185,1820.273916691
Tomato,26,91,6.956882353,402,Good,0,2366,2796.666705906
Tomato,23,95,11.59594835,373,Good,0,2185,4325.28873455
Pineapple,23,95,12.98058343,342,Good,0,2185,4439.35953306
Tomato,23,94,11.27059687,395,Good,0,2162,4451.88576365
Tomato,24,95,12.90803823,304,Bad,1,2280,3924.04362192
Tomato,24,95,12.76402932,301,Bad,1,2280,3841.97282532
Tomato,23,88,8.0671142,294,Good,0,2024,2371.7315748
Banana,24,95,12.48027818,247,Bad,1,2280,3082.62871046
Banana,26,90,20.06947764,297,Good,0,2340,5960.63485908
Orange,22,95,7.000692513,285,Good,0,2090,1995.197366205
Tomato,23,89,8.31460431,292,Good,0,2047,2427.86445852
Pineapple,25,95,10.52137857,396,Bad,1,2375,4166.46591372
Banana,24,95,17.02725828,249,Bad,1,2280,4239.787311720001
Tomato,24,95,12.55068787,306,Bad,1,2280,3840.5104882200003
Banana,24,95,14.03538213,241,Bad,1,2280,3382.5270933300003
Tomato,23,92,9.700549236,360,Good,0,2116,3492.1977249600004
Orange,23,95,8.214906999,177,Good,0,2185,1454.038538823
Tomato,25,95,15.59225501,319,Bad,1,2375,4973.92934819
Orange,22,95,6.613669965,248,Good,0,2090,1640.19015132
Tomato,24,93,11.27059687,378,Good,0,2232,4260.28561686
Tomato,22,92,11.07916988,356,Good,0,2024,3944.18447728
Orange,23,95,6.529850053,254,Good,0,2185,1658.5819134619999
Tomato,22,92,10.28117628,363,Good,0,2024,3732.06698964
Tomato,22,92,14.27127328,320,Good,0,2024,4566.8074496
Pineapple,22,90,12.62144823,330,Good,0,1980,4165.0779159
Orange,22,95,7.969740423,178,Good,0,2090,1418.613795294
Pineapple,24,95,14.03538213,325,Good,0,2280,4561.49919225
Tomato,23,88,7.636059339,292,Good,0,2024,2229.729326988
Tomato,25,95,16.02789778,321,Bad,1,2375,5144.95518738
Orange,23,95,6.613669965,252,Good,0,2185,1666.64483118
Tomato,24,95,11.92938136,279,Bad,1,2280,3328.2973994400004
Banana,26,95,16.38466179,312,Good,0,2470,5112.0144784799995
Tomato,22,94,12.55068787,346,Good,0,2068,4342.53800302
Pineapple,25,95,10.22184745,370,Bad,1,2375,3782.0835565
Tomato,22,91,13.65010619,335,Good,0,2002,4572.7855736500005
Banana,26,94,15.08413665,311,Good,0,2444,4691.16649815
Orange,22,95,4.636126276,335,Good,0,2090,1553.10230246
Pineapple,22,95,12.69256136,341,Good,0,2090,4328.16342376
Banana,25,95,16.38466179,264,Bad,1,2375,4325.55071256
Orange,22,95,9.420521035,385,Good,0,2090,3626.900598475
Tomato,23,91,8.465927903,360,Good,0,2093,3047.73404508
Tomato,23,89,7.873279406,299,Good,0,2047,2354.110542394
Orange,24,95,15.08413665,363,Bad,1,2280,5475.54160395
Pineapple,25,95,11.27059687,296,Bad,1,2375,3336.09667352
Banana,26,89,19.52760946,382,Good,0,2314,7459.5468137200005
Pineapple,25,95,9.8718154,337,Bad,1,2375,3326.8017898
Orange,21,94,7.777721829,375,Good,0,1974,2916.645685875
Tomato,24,82,8.31460431,140,Good,0,1968,1164.0446034
Banana,25,87,14.1136139,330,Good,0,2175,4657.492587000001
Banana,25,95,16.02789778,261,Bad,1,2375,4183.28132058
Orange,23,95,4.870193845,354,Good,0,2185,1724.0486211300001
Orange,24,95,14.59144457,376,Bad,1,2280,5486.38315832
Pineapple,25,95,11.07916988,303,Bad,1,2375,3356.98847364
Tomato,25,95,15.85228317,317,Bad,1,2375,5025.17376489
Tomato,24,90,12.83585424,329,Good,0,2160,4222.99604496
Orange,24,95,15.85228317,382,Bad,1,2280,6055.5721709399995
Tomato,26,94,6.283027997,387,Good,0,2444,2431.5318348389997
Banana,24,95,18.58861217,256,Bad,1,2280,4758.68471552
Pineapple,22,95,13.42356205,347,Good,0,2090,4657.97603135
Tomato,26,84,8.364807255,418,Good,0,2184,3496.4894325900004
Pineapple,25,95,11.14266773,322,Bad,1,2375,3587.93900906
Tomato,24,76,17.12100442,465,Good,0,1824,7961.267055299999
Orange,24,95,15.93986231,412,Bad,1,2280,6567.22327172
Orange,22,95,6.740875089,257,Good,0,2090,1732.404897873
Pineapple,25,95,11.33503171,453,Bad,1,2375,5134.76936463
Pineapple,25,95,14.19224347,405,Bad,1,2375,5747.858605349999
Tomato,25,95,15.85228317,311,Bad,1,2375,4930.06006587
Orange,23,95,4.938486566,343,Good,0,2185,1693.900892138
Banana,25,86,13.27441976,350,Good,0,2150,4646.046916
Banana,26,90,20.17964285,387,Good,0,2340,7809.52178295
Orange,24,95,19.63480231,270,Bad,1,2280,5301.3966237
Pineapple,25,95,10.28117628,364,Bad,1,2375,3742.34816592
Orange,22,95,8.775098629,192,Good,0,2090,1684.8189367680002
Pineapple,23,95,13.12676612,337,Good,0,2185,4423.72018244
Tomato,23,89,7.921396405,292,Good,0,2047,2313.04775026
Tomato,23,89,9.365314571,350,Good,0,2047,3277.86009985
Pineapple,22,83,12.69256136,341,Good,0,1826,4328.16342376
Banana,26,95,20.29041491,392,Good,0,2470,7953.84264472
Pineapple,22,95,12.62144823,319,Good,0,2090,4026.2419853700003
Tomato,26,87,7.542720421,390,Good,0,2262,2941.66096419
Orange,23,95,4.702223982,353,Good,0,2185,1659.885065646
Tomato,23,89,7.683058499,297,Good,0,2047,2281.8683742030003
Orange,22,95,8.88012605,378,Good,0,2090,3356.6876469
Tomato,25,95,15.67848238,310,Bad,1,2375,4860.3295378
Banana,24,95,16.56585884,253,Bad,1,2280,4191.16228652
Orange,22,95,6.202275223,251,Good,0,2090,1556.771080973
Pineapple,23,95,12.76402932,349,Good,0,2185,4454.64623268
Orange,23,95,14.75399666,419,Bad,1,2185,6181.92460054
Tomato,25,95,15.16773612,311,Bad,1,2375,4717.1659333200005
Orange,23,89,16.11639251,257,Bad,1,2047,4141.91287507
Orange,22,95,6.698275399,259,Good,0,2090,1734.853328341
Orange,22,95,6.740875089,255,Good,0,2090,1718.9231476950001
Banana,26,90,19.31496687,390,Good,0,2340,7532.8370792999995
Orange,23,95,9.757364232,183,Good,0,2185,1785.597654456
Orange,22,95,5.886678992,266,Good,0,2090,1565.856611872
Tomato,23,87,6.323687334,288,Good,0,2001,1821.221952192
Pineapple,24,95,11.59594835,430,Bad,1,2280,4986.2577905
Banana,25,87,14.1136139,316,Good,0,2175,4459.9019924
Tomato,22,89,12.69256136,335,Good,0,1958,4252.008055599999
Tomato,23,90,15.00096563,168,Good,0,2070,2520.16222584
Tomato,23,91,8.264637967,363,Good,0,2093,3000.063582021
Tomato,22,90,12.98058343,322,Good,0,1980,4179.74786446
Orange,23,95,8.619414571,192,Good,0,2185,1654.927597632
Banana,26,94,14.91822038,305,Good,0,2444,4550.057215899999
Tomato,23,90,12.83585424,323,Good,0,2070,4145.98091952
Orange,23,95,15.00096563,412,Bad,1,2185,6180.39783956
Tomato,24,90,12.90803823,337,Good,0,2160,4350.0088835100005
Orange,23,95,15.76515749,251,Bad,1,2185,3957.05452999
Pineapple,23,90,12.69256136,352,Good,0,2070,4467.781598719999
Tomato,24,93,11.39978246,371,Good,0,2232,4229.31929266
Tomato,24,95,11.59594835,376,Good,0,2280,4360.0765796000005
Tomato,23,92,10.22184745,359,Good,0,2116,3669.64323455
Tomato,23,90,12.90803823,323,Good,0,2070,4169.29634829
Orange,24,95,15.16773612,393,Bad,1,2280,5960.92029516
Orange,22,95,7.267899623,354,Good,0,2090,2572.836466542
Pineapple,24,95,13.27441976,418,Bad,1,2280,5548.70745968
Orange,23,94,5.545397326,347,Good,0,2162,1924.2528721219999
Orange,22,95,5.886678992,256,Good,0,2090,1506.989821952
Orange,23,95,14.83589827,391,Bad,1,2185,5800.83622357
Tomato,23,89,10.34079221,360,Good,0,2047,3722.6851956
Orange,23,95,15.25176672,253,Bad,1,2185,3858.6969801600003
Orange,23,95,14.51078894,217,Bad,1,2185,3148.84119998
Orange,23,95,15.00096563,357,Bad,1,2185,5355.34472991
Orange,22,90,7.000692513,272,Good,0,1980,1904.188363536
Tomato,22,93,12.76402932,355,Good,0,2046,4531.2304086
Tomato,23,90,12.55068787,330,Good,0,2070,4141.7269971000005
Orange,23,95,15.85228317,259,Bad,1,2185,4105.74134103
Pineapple,23,95,12.76402932,364,Good,0,2185,4646.10667248
Banana,25,87,13.80304952,327,Good,0,2175,4513.59719304
Tomato,23,90,15.33623116,155,Good,0,2070,2377.1158298
Tomato,22,93,11.862037,355,Good,0,2046,4211.023135
Orange,23,95,15.85228317,258,Bad,1,2185,4089.88905786
Tomato,23,90,12.41021712,328,Good,0,2070,4070.5512153600002
Orange,24,95,15.00096563,378,Bad,1,2280,5670.36500814
Orange,22,95,6.956882353,354,Good,0,2090,2462.736352962
Orange,22,95,9.039550676,179,Good,0,2090,1618.079571004
Orange,22,95,6.202275223,258,Good,0,2090,1600.187007534
Tomato,25,95,13.3488037,369,Bad,1,2375,4925.7085652999995
Banana,25,95,16.29477154,128,Bad,1,2375,2085.73075712
Tomato,25,95,7.730278953,195,Good,0,2375,1507.404395835
Tomato,23,89,7.404343951,294,Good,0,2047,2176.877121594
Pineapple,24,95,14.43054353,351,Good,0,2280,5065.1207790299995
Orange,23,95,8.0671142,173,Good,0,2185,1395.6107566
Tomato,25,95,13.57421101,374,Bad,1,2375,5076.754917740001
Tomato,23,89,12.62144823,352,Good,0,2047,4442.74977696
Tomato,25,93,6.655874013,407,Good,0,2325,2708.940723291
Tomato,27,76,8.568009903,359,Good,0,2052,3075.915555177
Banana,26,89,19.20950925,377,Good,0,2314,7241.98498725
Orange,22,95,9.255689372,389,Good,0,2090,3600.4631657080004
Tomato,26,88,7.313168177,400,Good,0,2288,2925.2672708
Orange,24,95,19.74258151,272,Bad,1,2280,5369.98217072
Orange,23,95,16.11639251,201,Bad,1,2185,3239.39489451
Orange,23,95,14.67251295,390,Bad,1,2185,5722.2800505
Orange,23,95,16.38466179,245,Bad,1,2185,4014.2421385499997
Pineapple,23,81,12.62144823,337,Good,0,1863,4253.42805351
Tomato,23,93,11.01598084,383,Good,0,2139,4219.12066172
Banana,26,90,18.38606989,390,Good,0,2340,7170.5672571000005
Pineapple,25,95,9.255689372,324,Bad,1,2375,2998.843356528
Tomato,23,88,7.404343951,290,Good,0,2024,2147.25974579
Pineapple,24,95,13.88010234,321,Good,0,2280,4455.51285114
Banana,24,95,19.20950925,286,Bad,1,2280,5493.9196455
Tomato,25,95,7.730278953,203,Good,0,2375,1569.246627459
Tomato,25,95,15.50647254,324,Bad,1,2375,5024.0971029600005
Pineapple,23,93,12.76402932,348,Good,0,2139,4441.88220336
Orange,22,95,8.364807255,377,Good,0,2090,3153.5323351350003
Tomato,26,91,6.869873736,404,Good,0,2366,2775.428989344
Tomato,23,89,8.516848104,362,Good,0,2047,3083.0990136479995
Banana,26,86,18.38606989,389,Good,0,2236,7152.181187210001
Tomato,24,95,12.69256136,306,Bad,1,2280,3883.9237761599998
Pineapple,25,95,11.07916988,304,Bad,1,2375,3368.0676435200003
Tomato,23,92,11.01598084,351,Good,0,2116,3866.6092748399997
Orange,24,85,4.441500903,327,Good,0,2040,1452.3707952809998
Orange,22,95,5.076997025,290,Good,0,2090,1472.32913725
Banana,24,95,20.62641439,313,Good,0,2280,6456.06770407
Pineapple,25,95,11.33503171,295,Bad,1,2375,3343.8343544500003
Banana,26,90,20.40179801,373,Good,0,2340,7609.87065773
Tomato,22,91,13.12676612,332,Good,0,2002,4358.08635184
Banana,26,95,15.42113219,311,Good,0,2470,4795.97211109
Pineapple,25,95,10.82824911,451,Bad,1,2375,4883.5403486099995
Orange,22,95,8.722957641,190,Good,0,2090,1657.3619517900001
Orange,23,95,15.25176672,390,Bad,1,2185,5948.1890208
Orange,23,95,20.06947764,344,Bad,1,2185,6903.900308159999
Orange,22,95,6.529850053,249,Good,0,2090,1625.932663197
Orange,23,95,4.972872478,340,Good,0,2185,1690.77664252
Pineapple,25,95,8.933015125,436,Bad,1,2375,3894.7945945
Tomato,23,88,7.542720421,289,Good,0,2024,2179.846201669
Pineapple,23,95,12.20210529,317,Good,0,2185,3868.06737693
Pineapple,25,95,13.42356205,405,Bad,1,2375,5436.54263025
Banana,25,87,19.00030193,402,Good,0,2175,7638.12137586
Orange,23,95,15.50647254,252,Bad,1,2185,3907.63108008
Orange,24,95,14.67251295,252,Bad,1,2280,3697.4732633999997
Pineapple,22,95,12.62144823,335,Good,0,2090,4228.18515705
Pineapple,25,95,9.987371503,346,Bad,1,2375,3455.630540038
Tomato,22,93,12.34050263,350,Good,0,2046,4319.1759205
Orange,23,95,4.972872478,342,Good,0,2185,1700.722387476
Pineapple,25,95,10.04556771,352,Bad,1,2375,3536.03983392
Pineapple,23,95,12.76402932,331,Good,0,2185,4224.89370492
Orange,23,95,6.571662296,255,Good,0,2185,1675.77388548
Pineapple,25,95,9.929454577,345,Bad,1,2375,3425.661829065
Orange,23,95,15.33623116,395,Bad,1,2185,6057.8113082
Pineapple,23,92,12.83585424,345,Good,0,2116,4428.3697128
Pineapple,23,82,12.55068787,346,Good,0,1886,4342.53800302
Banana,26,90,19.00030193,397,Good,0,2340,7543.11986621
Banana,25,89,19.10462223,386,Good,0,2225,7374.38418078
Orange,23,95,14.83589827,368,Bad,1,2185,5459.61056336
Tomato,23,89,8.116146322,302,Good,0,2047,2451.076189244
Orange,22,95,5.042126986,308,Good,0,2090,1552.9751116880002
Tomato,24,89,13.49869706,401,Good,0,2136,5412.97752106
Pineapple,25,95,11.39978246,423,Bad,1,2375,4822.10798058
Orange,24,95,16.56585884,202,Bad,1,2280,3346.30348568
Tomato,24,89,13.49869706,391,Good,0,2136,5277.99055046
Tomato,23,92,9.929454577,359,Good,0,2116,3564.6741931429997
Orange,24,95,15.76515749,254,Bad,1,2280,4004.35000246
Tomato,24,95,11.99705843,371,Good,0,2280,4450.908677529999
Pineapple,24,95,14.19224347,315,Good,0,2280,4470.55669305
Orange,23,95,14.35070581,214,Bad,1,2185,3071.05104334
Banana,26,90,20.40179801,296,Good,0,2340,6038.93221096
Tomato,26,91,7.044707922,394,Good,0,2366,2775.6149212679998
Banana,26,95,16.65717174,313,Good,0,2470,5213.69475462
Pineapple,25,95,11.53023895,429,Bad,1,2375,4946.47250955
Pineapple,23,95,12.83585424,344,Good,0,2185,4415.53385856
Orange,22,95,5.695315198,312,Good,0,2090,1776.938341776
Banana,25,86,13.27441976,340,Good,0,2150,4513.3027184
Orange,24,95,14.75399666,378,Bad,1,2280,5577.01073748
Orange,23,95,16.93400512,247,Bad,1,2185,4182.6992646399995
Tomato,23,87,6.323687334,286,Good,0,2001,1808.574577524
Banana,25,95,14.83589827,265,Bad,1,2375,3931.51304155
Banana,24,95,19.52760946,318,Good,0,2280,6209.77980828
Orange,22,95,9.8718154,192,Good,0,2090,1895.3885567999998
Tomato,22,90,12.98058343,329,Good,0,1980,4270.61194847
Pineapple,25,95,9.929454577,288,Bad,1,2375,2859.682918176
Orange,23,95,4.870193845,351,Good,0,2185,1709.438039595
Tomato,25,95,14.1136139,378,Bad,1,2375,5334.946054200001
Tomato,25,95,15.85228317,325,Bad,1,2375,5151.9920302499995
Orange,22,95,7.044707922,348,Good,0,2090,2451.558356856
Tomato,26,94,6.405576451,401,Good,0,2444,2568.636156851
Orange,23,95,19.95991509,337,Bad,1,2185,6726.4913853299995
Pineapple,23,95,14.35070581,343,Good,0,2185,4922.29209283
Orange,24,95,15.33623116,399,Bad,1,2280,6119.1562328400005
Tomato,25,93,6.869873736,407,Good,0,2325,2796.0386105519997
Orange,23,95,8.933015125,196,Good,0,2185,1750.8709645000001
Orange,23,95,16.47502321,254,Bad,1,2185,4184.65589534
Tomato,23,89,12.62144823,340,Good,0,2047,4291.2923982
Pineapple,23,85,13.12676612,345,Good,0,1955,4528.7343114
Tomato,24,95,12.62144823,300,Bad,1,2280,3786.4344690000003
Banana,25,95,17.88911347,370,Good,0,2375,6618.971983900001
Orange,24,95,15.42113219,374,Bad,1,2280,5767.50343906
Tomato,25,95,13.05349201,389,Bad,1,2375,5077.80839189
Tomato,25,95,15.42113219,380,Bad,1,2375,5860.0302322
Tomato,25,93,6.48823229,401,Good,0,2325,2601.78114829
Tomato,23,95,14.43054353,308,Bad,1,2185,4444.60740724
Tomato,25,95,15.25176672,381,Bad,1,2375,5810.923120320001
Tomato,25,95,16.02789778,382,Bad,1,2375,6122.65695196
Tomato,25,93,6.283027997,392,Good,0,2325,2462.946974824
Tomato,24,89,13.42356205,410,Good,0,2136,5503.6604405
Banana,26,88,18.89654455,400,Good,0,2288,7558.61782
Pineapple,23,95,12.62144823,333,Good,0,2185,4202.94226059
Tomato,23,88,7.358649263,288,Good,0,2024,2119.290987744
Orange,23,95,15.08413665,255,Bad,1,2185,3846.45484575
Orange,22,95,6.571662296,259,Good,0,2090,1702.0605346640002
Pineapple,22,95,12.55068787,320,Good,0,2090,4016.2201184000005
Orange,24,95,18.89654455,268,Bad,1,2280,5064.2739394
Orange,22,95,6.913276429,293,Good,0,2090,2025.589993697
Banana,25,89,20.06947764,303,Good,0,2225,6081.051724919999
Tomato,24,95,15.50647254,383,Bad,1,2280,5938.97898282
Orange,23,95,8.722957641,190,Good,0,2185,1657.3619517900001
Orange,22,95,5.582615631,309,Good,0,2090,1725.0282299790001
Orange,23,95,4.768941936,352,Good,0,2185,1678.667561472
Orange,23,95,14.75399666,212,Bad,1,2185,3127.84729192
Orange,23,95,16.74896501,258,Bad,1,2185,4321.23297258
Pineapple,22,91,12.55068787,337,Good,0,2002,4229.58181219
Tomato,25,95,12.98058343,364,Bad,1,2375,4724.93236852
Orange,22,95,9.147105109,385,Good,0,2090,3521.635466965
Pineapple,25,95,10.46089174,445,Bad,1,2375,4655.0968243
Orange,22,95,4.904260592,341,Good,0,2090,1672.352861872
Pineapple,24,95,13.88010234,309,Good,0,2280,4288.95162306
Orange,24,95,14.91822038,367,Bad,1,2280,5474.98687946
Pineapple,24,95,14.27127328,346,Good,0,2280,4937.860554880001
Tomato,25,95,15.93986231,369,Bad,1,2375,5881.80919239
Orange,23,95,18.08630257,383,Bad,1,2185,6927.05388431
Orange,23,95,14.83589827,428,Bad,1,2185,6349.7644595599995
Tomato,23,90,13.27441976,326,Good,0,2070,4327.46084176
Pineapple,24,95,14.03538213,294,Good,0,2280,4126.40234622
Orange,22,95,5.925488904,313,Good,0,2090,1854.678026952
Pineapple,22,93,12.83585424,327,Good,0,2046,4197.32433648
Tomato,22,92,9.757364232,356,Good,0,2024,3473.621666592
Tomato,25,95,13.88010234,391,Bad,1,2375,5427.12001494
Pineapple,25,95,10.10404473,438,Bad,1,2375,4425.57159174
Orange,23,95,15.08413665,377,Bad,1,2185,5686.71951705
Pineapple,25,95,11.07916988,318,Bad,1,2375,3523.17602184
Pineapple,22,80,12.13341843,336,Good,0,1760,4076.82859248
Banana,26,91,20.62641439,387,Good,0,2366,7982.422368930001
Tomato,24,89,13.42356205,396,Good,0,2136,5315.7305718
Pineapple,24,95,14.35070581,247,Good,0,2280,3544.6243350699997
Orange,22,95,6.783674055,248,Good,0,2090,1682.3511656399999
Orange,23,95,17.30998858,247,Bad,1,2185,4275.56717926
Pineapple,25,95,10.16280412,292,Bad,1,2375,2967.53880304
Orange,22,95,6.740875089,240,Good,0,2090,1617.81002136
Banana,26,90,20.06947764,394,Good,0,2340,7907.37419016
Orange,23,95,19.74258151,293,Bad,1,2185,5784.57638243
Banana,26,90,19.10462223,378,Good,0,2340,7221.54720294
Tomato,24,89,13.72638492,390,Good,0,2136,5353.2901188
Orange,23,95,16.47502321,245,Bad,1,2185,4036.3806864499998
Orange,23,95,19.74258151,339,Bad,1,2185,6692.73513189
Banana,24,95,16.56585884,248,Bad,1,2280,4108.33299232
Banana,25,86,12.69256136,337,Good,0,2150,4277.39317832
Orange,22,95,7.0889296,299,Good,0,2090,2119.5899504
Pineapple,23,95,12.83585424,350,Good,0,2185,4492.548984
Orange,24,95,14.91822038,355,Bad,1,2280,5295.9682348999995
Tomato,24,95,12.13341843,288,Bad,1,2280,3494.4245078400004
Pineapple,23,87,12.62144823,347,Good,0,2001,4379.6425358100005
Banana,26,94,15.00096563,301,Good,0,2444,4515.29065463
Banana,26,93,18.7933463,395,Good,0,2418,7423.3717885
Orange,23,95,19.63480231,277,Bad,1,2185,5438.84023987
Orange,24,95,14.91822038,372,Bad,1,2280,5549.577981359999
Orange,22,95,7.589280351,357,Good,0,2090,2709.373085307
Banana,24,95,19.10462223,287,Bad,1,2280,5483.0265800100005
Orange,22,95,7.044707922,349,Good,0,2090,2458.603064778
Tomato,23,90,12.62144823,317,Good,0,2070,4000.99908891
Orange,23,95,14.91822038,249,Bad,1,2185,3714.6368746199996
Orange,23,95,4.836285621,346,Good,0,2185,1673.354824866
Tomato,23,87,6.122270991,289,Good,0,2001,1769.336316399
Pineapple,22,89,12.76402932,336,Good,0,1958,4288.71385152
Orange,22,95,6.913276429,298,Good,0,2090,2060.1563758419998
Tomato,23,89,12.41021712,345,Good,0,2047,4281.5249064
Pineapple,24,95,13.80304952,398,Bad,1,2280,5493.61370896
Tomato,24,89,13.20040797,402,Good,0,2136,5306.5640039400005
Tomato,23,90,13.05349201,331,Good,0,2070,4320.70585531
Tomato,24,89,13.42356205,388,Good,0,2136,5208.3420754
Orange,23,95,7.450253315,299,Good,0,2185,2227.625741185
Orange,22,95,7.000692513,342,Good,0,2090,2394.236839446
Tomato,23,89,8.364807255,300,Good,0,2047,2509.4421765
Orange,24,95,15.16773612,379,Bad,1,2280,5748.57198948
Orange,23,95,19.63480231,34,Bad,1,2185,667.58327854
Banana,26,94,18.28561157,378,Good,0,2444,6911.96117346
Orange,24,95,15.00096563,372,Bad,1,2280,5580.35921436
Banana,26,95,14.1136139,313,Good,0,2470,4417.5611507
Tomato,26,92,6.529850053,392,Good,0,2392,2559.701220776
Orange,23,95,16.56585884,256,Bad,1,2185,4240.85986304
Banana,24,95,19.00030193,284,Bad,1,2280,5396.08574812
Pineapple,25,95,10.95309884,305,Bad,1,2375,3340.6951461999997
Orange,22,95,7.000692513,250,Good,0,2090,1750.17312825
Tomato,22,94,13.65010619,349,Good,0,2068,4763.88706031
Pineapple,25,95,11.862037,348,Bad,1,2375,4127.988876
Banana,25,86,12.34050263,344,Good,0,2150,4245.13290472
Orange,23,95,20.17964285,353,Bad,1,2185,7123.413926050001
Orange,23,95,17.12100442,247,Bad,1,2185,4228.888091739999
Banana,26,94,15.16773612,303,Good,0,2444,4595.82404436
Banana,24,90,16.29477154,317,Good,0,2160,5165.44257818
Orange,23,95,17.59724365,400,Bad,1,2185,7038.89746
Tomato,23,89,7.825388265,290,Good,0,2047,2269.36259685
Orange,22,95,9.987371503,194,Good,0,2090,1937.550071582
Banana,24,95,12.98058343,256,Bad,1,2280,3323.02935808
Orange,24,95,18.69070341,269,Bad,1,2280,5027.79921729
Orange,23,95,19.85095108,355,Bad,1,2185,7047.0876334
Pineapple,25,95,10.95309884,449,Bad,1,2375,4917.94137916
Banana,24,95,13.49869706,259,Bad,1,2280,3496.16253854
Orange,23,95,4.603308323,331,Good,0,2185,1523.6950549130001
Tomato,23,92,13.88010234,338,Good,0,2116,4691.47459092
Pineapple,25,95,10.95309884,301,Bad,1,2375,3296.8827508399995
Tomato,23,91,8.264637967,362,Good,0,2093,2991.798944054
Pineapple,23,95,12.69256136,339,Good,0,2185,4302.77830104
Tomato,24,89,13.80304952,403,Good,0,2136,5562.62895656
Banana,25,86,13.57421101,351,Good,0,2150,4764.548064510001
Orange,22,95,6.956882353,288,Good,0,2090,2003.582117664
Orange,23,95,8.775098629,193,Good,0,2185,1693.594035397
Pineapple,23,82,12.55068787,342,Good,0,1886,4292.33525154
Pineapple,23,95,13.27441976,349,Good,0,2185,4632.772496240001
Orange,23,95,14.91822038,210,Bad,1,2185,3132.8262798
Tomato,23,90,12.48027818,328,Good,0,2070,4093.5312430400004
Orange,24,95,17.88911347,258,Bad,1,2280,4615.391275260001
Banana,26,94,15.42113219,310,Good,0,2444,4780.5509789
Tomato,23,89,7.404343951,288,Good,0,2047,2132.451057888
Tomato,24,95,14.35070581,307,Bad,1,2280,4405.66668367
Pineapple,23,95,12.62144823,344,Good,0,2185,4341.77819112
Tomato,23,88,7.636059339,287,Good,0,2024,2191.549030293
Pineapple,22,95,12.83585424,328,Good,0,2090,4210.16019072
Orange,23,95,15.08413665,251,Bad,1,2185,3786.11829915
Pineapple,25,95,11.66198098,354,Bad,1,2375,4128.34126692
Orange,23,95,9.201267821,175,Good,0,2185,1610.221868675
Orange,22,95,7.730278953,361,Good,0,2090,2790.630702033
Tomato,26,91,7.000692513,411,Good,0,2366,2877.284622843
Pineapple,23,95,13.27441976,354,Good,0,2185,4699.14459504
Orange,22,95,7.542720421,340,Good,0,2090,2564.5249431400002
Pineapple,25,95,14.1136139,411,Bad,1,2375,5800.6953129
Pineapple,23,95,12.20210529,330,Good,0,2185,4026.6947457
Tomato,25,93,6.655874013,392,Good,0,2325,2609.102613096
Orange,22,95,7.496378442,299,Good,0,2090,2241.417154158
Orange,23,95,11.39978246,392,Good,0,2185,4468.714724320001
Tomato,24,95,12.83585424,375,Bad,1,2280,4813.44534
Orange,23,95,6.529850053,251,Good,0,2185,1638.9923633029998
Tomato,23,89,9.420521035,311,Good,0,2047,2929.782041885
Tomato,26,92,6.446808067,391,Good,0,2392,2520.701954197
Banana,25,92,18.58861217,382,Good,0,2300,7100.849848940001
Orange,22,95,9.201267821,389,Good,0,2090,3579.293182369
Tomato,24,95,11.99705843,289,Bad,1,2280,3467.1498862699996
Orange,23,95,16.29477154,257,Bad,1,2185,4187.756285779999
Pineapple,25,95,9.8718154,323,Bad,1,2375,3188.5963742
Banana,25,89,19.31496687,381,Good,0,2225,7359.002377469999
Orange,24,95,15.76515749,251,Bad,1,2280,3957.05452999
Tomato,23,89,8.0671142,309,Good,0,2047,2492.7382878000003
Pineapple,25,95,11.14266773,298,Bad,1,2375,3320.51498354
Orange,24,95,14.67251295,409,Bad,1,2280,6001.05779655
Banana,25,86,14.51078894,337,Good,0,2150,4890.13587278
Tomato,22,93,11.20647613,352,Good,0,2046,3944.67959776
Tomato,25,95,13.05349201,374,Bad,1,2375,4882.00601174
Tomato,22,92,13.65010619,328,Good,0,2024,4477.234830320001
Banana,25,88,15.42113219,322,Good,0,2200,4965.60456518
Tomato,23,91,10.04556771,350,Good,0,2093,3515.9486985000003
Tomato,23,88,7.921396405,296,Good,0,2024,2344.73333588
Orange,23,95,6.202275223,246,Good,0,2185,1525.759704858
Tomato,24,95,12.06507013,286,Bad,1,2280,3450.6100571800002
Tomato,24,95,15.00096563,315,Bad,1,2280,4725.30417345
Banana,26,90,20.29041491,298,Good,0,2340,6046.54364318
Banana,25,88,19.31496687,371,Good,0,2200,7165.8527087699995
Orange,24,95,14.91822038,401,Bad,1,2280,5982.206372379999
Banana,26,90,19.63480231,402,Good,0,2340,7893.190528620001
Tomato,25,95,12.76402932,307,Bad,1,2375,3918.5570012400003
Orange,23,95,14.67251295,400,Bad,1,2185,5869.00518
Pineapple,23,83,12.62144823,335,Good,0,1909,4228.18515705
Pineapple,25,95,10.16280412,355,Bad,1,2375,3607.7954626
Pineapple,25,95,9.8718154,313,Bad,1,2375,3089.8782201999998
Tomato,23,90,12.55068787,322,Good,0,2070,4041.32149414
Tomato,22,92,10.76627794,355,Good,0,2024,3822.0286687000003
Orange,24,95,16.47502321,256,Bad,1,2280,4217.60594176
Tomato,23,92,10.52137857,358,Good,0,2116,3766.6535280599996
Banana,26,94,14.51078894,304,Good,0,2444,4411.27983776
Orange,22,95,6.529850053,258,Good,0,2090,1684.701313674
Tomato,23,92,9.929454577,356,Good,0,2116,3534.885829412
Banana,26,95,14.43054353,308,Good,0,2470,4444.60740724
Tomato,23,90,15.33623116,321,Good,0,2070,4922.93020236
Orange,24,95,14.35070581,369,Bad,1,2280,5295.410443889999
Tomato,26,83,8.31460431,414,Good,0,2158,3442.24618434
Pineapple,23,85,12.69256136,342,Good,0,1955,4340.85598512
Tomato,26,92,6.529850053,399,Good,0,2392,2605.410171147
Tomato,24,95,16.29477154,350,Bad,1,2280,5703.170039
Orange,22,95,4.938486566,344,Good,0,2090,1698.839378704
Orange,23,95,14.67251295,411,Bad,1,2185,6030.40282245
Pineapple,23,95,13.05349201,342,Good,0,2185,4464.294267419999
Pineapple,24,95,13.12676612,403,Bad,1,2280,5290.08674636
Orange,22,95,5.076997025,361,Good,0,2090,1832.795926025
Orange,23,95,15.00096563,394,Bad,1,2185,5910.38045822
Banana,24,95,17.12100442,257,Bad,1,2280,4400.098135939999
Pineapple,25,95,11.59594835,430,Bad,1,2375,4986.2577905
Orange,23,95,14.91822038,369,Bad,1,2185,5504.82332022
Tomato,22,92,10.22184745,358,Good,0,2024,3659.4213871
Orange,22,95,6.740875089,242,Good,0,2090,1631.2917715380001
Orange,24,95,14.83589827,371,Bad,1,2280,5504.1182581699995
Tomato,25,95,15.42113219,405,Bad,1,2375,6245.5585369499995
Orange,24,95,15.16773612,397,Bad,1,2280,6021.59123964
Tomato,23,89,9.987371503,368,Good,0,2047,3675.352713104
Orange,23,95,19.74258151,338,Bad,1,2185,6672.9925503800005
Tomato,23,92,11.20647613,354,Good,0,2116,3967.09255002
Tomato,24,95,12.83585424,300,Bad,1,2280,3850.756272
Banana,25,89,14.59144457,317,Good,0,2225,4625.48792869
Orange,22,95,5.147226326,359,Good,0,2090,1847.854251034
Orange,22,95,9.093199852,171,Good,0,2090,1554.9371746919999
Banana,24,95,13.3488037,258,Bad,1,2280,3443.9913546
Tomato,22,94,11.99705843,349,Good,0,2068,4186.97339207
Orange,22,95,4.570643409,355,Good,0,2090,1622.5784101949998
Orange,23,95,15.85228317,250,Bad,1,2185,3963.0707925
Orange,22,95,6.783674055,299,Good,0,2090,2028.3185424449998
Orange,24,95,15.42113219,393,Bad,1,2280,6060.50495067
Orange,22,95,5.007419045,353,Good,0,2090,1767.6189228849998
Banana,24,95,12.06507013,256,Bad,1,2280,3088.65795328
Pineapple,22,89,12.69256136,323,Good,0,1958,4099.69731928
Orange,23,95,20.06947764,335,Bad,1,2185,6723.275009399999
Tomato,25,95,15.42113219,391,Bad,1,2375,6029.66268629
Banana,25,86,12.62144823,346,Good,0,2150,4367.02108758
Tomato,23,89,7.496378442,292,Good,0,2047,2188.942505064
Banana,24,95,18.69070341,253,Bad,1,2280,4728.74796273
Orange,24,95,15.00096563,387,Bad,1,2280,5805.37369881
Tomato,26,94,6.655874013,401,Good,0,2444,2669.005479213
Pineapple,24,95,14.27127328,352,Good,0,2280,5023.48819456
Tomato,23,89,12.48027818,337,Good,0,2047,4205.85374666
Tomato,23,95,14.83589827,320,Bad,1,2185,4747.4874463999995
Pineapple,22,95,12.76402932,342,Good,0,2090,4365.298027440001
Pineapple,24,95,11.59594835,407,Bad,1,2280,4719.55097845
Orange,23,95,5.50835179,252,Good,0,2185,1388.10465108
Banana,26,90,20.29041491,381,Good,0,2340,7730.64808071
Pineapple,24,95,13.95754575,308,Good,0,2280,4298.924091
Orange,23,95,14.91822038,359,Bad,1,2185,5355.64111642
Tomato,22,92,10.28117628,361,Good,0,2024,3711.50463708
Tomato,24,95,14.59144457,315,Bad,1,2280,4596.30503955
Orange,23,95,14.83589827,429,Bad,1,2185,6364.60035783
Tomato,24,95,12.20210529,366,Good,0,2280,4465.97053614
Tomato,23,89,7.873279406,298,Good,0,2047,2346.237262988
Orange,22,95,4.802535216,344,Good,0,2090,1652.072114304
Orange,22,82,7.542720421,305,Good,0,1804,2300.5297284050002
Banana,26,90,20.51379641,295,Good,0,2340,6051.56994095
Orange,22,95,8.516848104,186,Good,0,2090,1584.1337473439999
Pineapple,22,90,12.62144823,328,Good,0,1980,4139.83501944
Orange,23,95,14.59144457,401,Bad,1,2185,5851.16927257
Orange,22,95,7.450253315,372,Good,0,2090,2771.4942331800003
Tomato,22,92,10.89052217,354,Good,0,2024,3855.24484818
Orange,23,95,15.08413665,219,Bad,1,2185,3303.42592635
Tomato,23,90,13.05349201,335,Good,0,2070,4372.91982335
Banana,25,87,14.43054353,323,Good,0,2175,4661.06556019
Orange,22,95,6.571662296,254,Good,0,2090,1669.202223184
Banana,26,95,14.27127328,308,Good,0,2470,4395.55217024
Pineapple,25,95,9.644005982,270,Bad,1,2375,2603.8816151399997
Orange,23,95,16.65717174,247,Bad,1,2185,4114.32141978
Pineapple,22,80,12.55068787,341,Good,0,1760,4279.78456367
Tomato,22,93,13.20040797,349,Good,0,2046,4606.942381530001
Orange,23,95,15.33623116,445,Bad,1,2185,6824.6228662
Pineapple,22,95,13.05349201,328,Good,0,2090,4281.54537928
Orange,23,95,14.67251295,408,Bad,1,2185,5986.3852836
Tomato,22,92,9.420521035,359,Good,0,2024,3381.967051565
Pineapple,25,95,10.95309884,293,Bad,1,2375,3209.2579601199996
Orange,23,95,14.91822038,362,Bad,1,2185,5400.39577756
Orange,22,95,6.529850053,255,Good,0,2090,1665.111763515
Tomato,25,95,7.730278953,206,Good,0,2375,1592.437464318
Orange,23,95,8.465927903,166,Good,0,2185,1405.3440318980001
Tomato,23,89,6.783674055,286,Good,0,2047,1940.1307797299999
Orange,23,95,11.07916988,398,Good,0,2185,4409.50961224
Pineapple,25,95,9.420521035,436,Bad,1,2375,4107.34717126
Banana,25,87,18.7933463,384,Good,0,2175,7216.6449792
Orange,22,95,9.201267821,388,Good,0,2090,3570.091914548
Banana,26,91,20.40179801,299,Good,0,2366,6100.13760499
Orange,23,95,15.93986231,249,Bad,1,2185,3969.02571519
Tomato,22,93,11.59594835,355,Good,0,2046,4116.56166425
Pineapple,25,95,9.700549236,349,Bad,1,2375,3385.491683364
Pineapple,22,95,12.83585424,331,Good,0,2090,4248.66775344
Pineapple,22,80,12.34050263,344,Good,0,1760,4245.13290472
Pineapple,25,95,10.22184745,444,Bad,1,2375,4538.5002678
Pineapple,25,95,11.92938136,421,Bad,1,2375,5022.26955256
Banana,25,88,14.91822038,325,Good,0,2200,4848.421623499999
Tomato,25,95,14.91822038,379,Bad,1,2375,5654.00552402
Orange,22,95,4.904260592,353,Good,0,2090,1731.203988976
Tomato,22,93,13.57421101,351,Good,0,2046,4764.548064510001
Pineapple,25,95,11.53023895,457,Bad,1,2375,5269.31920015
Tomato,23,90,12.62144823,333,Good,0,2070,4202.94226059
Orange,23,95,9.475991969,389,Good,0,2185,3686.160875941
Tomato,24,95,14.91822038,319,Bad,1,2280,4758.91230122
Banana,26,89,19.31496687,396,Good,0,2314,7648.72688052
Pineapple,23,95,12.41021712,329,Good,0,2185,4082.96143248
Tomato,24,93,11.59594835,359,Good,0,2232,4162.94545765
Tomato,24,95,11.46485093,280,Bad,1,2280,3210.1582604
Tomato,24,95,14.83589827,322,Bad,1,2280,4777.15924294
Banana,24,95,12.48027818,256,Bad,1,2280,3194.95121408
Banana,26,95,17.40523312,305,Good,0,2470,5308.596101599999
Banana,26,89,19.63480231,377,Good,0,2314,7402.3204708700005
Pineapple,25,95,9.987371503,320,Bad,1,2375,3195.95888096
Tomato,24,82,7.873279406,393,Good,0,1968,3094.198806558
Tomato,25,95,12.90803823,370,Bad,1,2375,4775.9741451
Orange,23,95,16.56585884,249,Bad,1,2185,4124.89885116
Tomato,24,89,8.214906999,292,Good,0,2136,2398.752843708
Tomato,25,95,15.33623116,410,Bad,1,2375,6287.8547756
Orange,23,95,4.538130868,335,Good,0,2185,1520.2738407799998
Orange,23,92,16.02789778,256,Bad,1,2116,4103.14183168
Tomato,25,95,14.19224347,376,Bad,1,2375,5336.28354472
Orange,22,95,4.972872478,350,Good,0,2090,1740.5053673
Tomato,23,88,7.450253315,291,Good,0,2024,2168.023714665
Orange,24,95,15.93986231,379,Bad,1,2280,6041.20781549
Orange,24,95,15.50647254,393,Bad,1,2280,6094.043708220001
Tomato,24,90,12.98058343,333,Good,0,2160,4322.534282189999
Orange,21,94,9.039550676,380,Good,0,1974,3435.0292568799996
Pineapple,22,90,12.76402932,339,Good,0,1980,4327.00593948
Orange,23,95,15.08413665,360,Bad,1,2185,5430.289194
Tomato,25,95,15.76515749,329,Bad,1,2375,5186.73681421
Orange,23,95,5.042126986,350,Good,0,2185,1764.7444451000001
Tomato,24,93,11.14266773,360,Good,0,2232,4011.3603827999996
Banana,24,89,15.59225501,318,Good,0,2136,4958.33709318
Tomato,23,89,12.90803823,331,Good,0,2047,4272.56065413
Banana,26,90,20.40179801,305,Good,0,2340,6222.54839305
Banana,26,90,19.10462223,383,Good,0,2340,7317.0703140900005
Orange,22,95,7.133358572,296,Good,0,2090,2111.474137312
Banana,24,95,12.83585424,252,Bad,1,2280,3234.63526848
Orange,23,95,8.933015125,178,Good,0,2185,1590.0766922500002
Orange,24,95,15.85228317,256,Bad,1,2280,4058.18449152
Pineapple,24,95,10.04556771,349,Bad,1,2280,3505.90313079
Tomato,24,94,11.46485093,378,Good,0,2256,4333.713651540001
Banana,26,94,14.43054353,304,Good,0,2444,4386.88523312
Orange,22,95,10.40069682,201,Good,0,2090,2090.5400608200002
Pineapple,25,95,4.669097938,443,Bad,1,2375,2068.4103865340003
Tomato,24,94,11.59594835,371,Good,0,2256,4302.09683785
Tomato,24,95,11.92938136,370,Good,0,2280,4413.8711032
Tomato,25,95,7.777721829,197,Good,0,2375,1532.211200313
Orange,23,95,4.505770041,340,Good,0,2185,1531.96181394
Pineapple,22,95,13.20040797,338,Good,0,2090,4461.73789386
Tomato,26,87,7.730278953,404,Good,0,2262,3123.032697012
Orange,23,95,14.43054353,386,Bad,1,2185,5570.18980258
Tomato,23,87,6.48823229,288,Good,0,2001,1868.61089952
Orange,23,95,14.67251295,248,Bad,1,2185,3638.7832116
Pineapple,24,95,10.10404473,435,Bad,1,2280,4395.25945755
Pineapple,25,95,9.8718154,305,Bad,1,2375,3010.9036969999997
Orange,23,95,9.365314571,181,Good,0,2185,1695.121937351
Orange,23,95,14.91822038,384,Bad,1,2185,5728.5966259199995
Orange,23,95,15.08413665,453,Bad,1,2185,6833.11390245
Tomato,23,89,7.683058499,311,Good,0,2047,2389.431193189
Pineapple,23,95,12.83585424,329,Good,0,2185,4222.99604496
Tomato,23,91,13.42356205,335,Good,0,2093,4496.89328675
Pineapple,25,95,9.929454577,317,Bad,1,2375,3147.637100909
Tomato,25,95,13.3488037,382,Bad,1,2375,5099.2430134
Orange,22,95,6.956882353,365,Good,0,2090,2539.262058845
Banana,25,95,15.33623116,101,Bad,1,2375,1548.95934716
Tomato,25,95,13.05349201,370,Bad,1,2375,4829.792043699999
Tomato,25,95,13.20040797,387,Bad,1,2375,5108.55788439
Orange,23,95,16.29477154,252,Bad,1,2185,4106.28242808
Pineapple,23,90,12.83585424,336,Good,0,2070,4312.84702464
Tomato,23,92,10.64323454,359,Good,0,2116,3820.92119986
Pineapple,24,95,11.33503171,410,Bad,1,2280,4647.3630011000005
Banana,24,95,18.7933463,278,Bad,1,2280,5224.5502713999995
Banana,24,95,12.48027818,245,Bad,1,2280,3057.6681541000003
Orange,23,95,14.51078894,215,Bad,1,2185,3119.8196221
Tomato,23,89,7.133358572,284,Good,0,2047,2025.8738344479998
Orange,23,95,15.67848238,260,Bad,1,2185,4076.4054188
Orange,22,95,9.310371154,393,Good,0,2090,3658.975863522
Orange,23,95,19.85095108,344,Bad,1,2185,6828.72717152
Orange,22,95,6.405576451,247,Good,0,2090,1582.177383397
Pineapple,22,95,13.20040797,334,Good,0,2090,4408.93626198
Pineapple,22,95,13.65010619,330,Good,0,2090,4504.5350427
Orange,24,95,18.18569032,268,Bad,1,2280,4873.765005759999
Orange,22,95,7.636059339,364,Good,0,2090,2779.525599396
Orange,22,95,6.242557594,249,Good,0,2090,1554.396840906
Orange,24,95,15.76515749,454,Bad,1,2280,7157.38150046
Tomato,26,91,6.571662296,402,Good,0,2366,2641.808242992
Tomato,23,87,6.043008199,278,Good,0,2001,1679.956279322
Orange,22,95,7.358649263,362,Good,0,2090,2663.831033206
Pineapple,24,95,14.1136139,307,Good,0,2280,4332.8794673
Orange,23,95,16.56585884,259,Bad,1,2185,4290.557439560001
Banana,25,87,13.88010234,331,Good,0,2175,4594.31387454
Tomato,23,90,12.98058343,326,Good,0,2070,4231.67019818
Orange,23,95,16.11639251,250,Bad,1,2185,4029.0981275000004
Orange,22,95,7.313168177,359,Good,0,2090,2625.427375543
Tomato,25,92,6.364536513,395,Good,0,2300,2513.991922635
Pineapple,25,95,11.07916988,313,Bad,1,2375,3467.78017244
Orange,22,95,10.10404473,194,Good,0,2090,1960.18467762
Pineapple,25,95,11.99705843,414,Bad,1,2375,4966.78219002
Tomato,26,92,6.613669965,399,Good,0,2392,2638.854316035
Banana,26,94,14.27127328,312,Good,0,2444,4452.63726336
Orange,23,95,7.496378442,301,Good,0,2185,2256.409911042
Pineapple,22,95,12.69256136,347,Good,0,2090,4404.31879192
Tomato,24,95,15.93986231,345,Bad,1,2280,5499.25249695
Banana,25,85,13.65010619,351,Good,0,2125,4791.18727269
Pineapple,22,95,12.98058343,337,Good,0,2090,4374.4566159099995
Orange,23,95,19.52760946,357,Bad,1,2185,6971.35657722
Orange,22,95,7.542720421,346,Good,0,2090,2609.7812656660003
Pineapple,25,95,11.862037,359,Bad,1,2375,4258.471283
Orange,23,95,8.465927903,180,Good,0,2185,1523.86702254
Orange,23,95,8.214906999,174,Good,0,2185,1429.393817826
Pineapple,25,95,6.003652649,446,Bad,1,2375,2677.6290814540002
Banana,24,93,18.38606989,313,Good,0,2232,5754.839875570001
Tomato,26,86,7.921396405,399,Good,0,2236,3160.637165595
Orange,22,95,4.870193845,338,Good,0,2090,1646.12551961
Orange,22,95,7.450253315,377,Good,0,2090,2808.7454997550003
Tomato,22,93,13.3488037,345,Good,0,2046,4605.3372764999995
Tomato,22,92,10.58215896,355,Good,0,2024,3756.6664308
Pineapple,23,95,12.76402932,339,Good,0,2185,4327.00593948
Orange,22,95,6.162179985,239,Good,0,2090,1472.7610164149999
Tomato,25,81,8.165410187,398,Good,0,2025,3249.833254426
Banana,26,94,15.33623116,300,Good,0,2444,4600.869348
Pineapple,22,95,13.57421101,342,Good,0,2090,4642.380165420001
Tomato,25,95,13.95754575,370,Bad,1,2375,5164.2919274999995
Tomato,24,89,13.80304952,407,Good,0,2136,5617.84115464
Banana,25,86,13.88010234,336,Good,0,2150,4663.71438624
Orange,23,95,20.17964285,357,Bad,1,2185,7204.13249745
Banana,24,95,12.62144823,251,Bad,1,2280,3167.98350573
Orange,22,95,4.904260592,352,Good,0,2090,1726.299728384
Orange,22,95,6.571662296,249,Good,0,2090,1636.343911704
Pineapple,23,89,12.76402932,352,Good,0,2047,4492.93832064
Pineapple,24,95,14.1136139,326,Good,0,2280,4601.038131400001
Tomato,23,92,9.8718154,357,Good,0,2116,3524.2380977999997
Pineapple,25,95,13.20040797,404,Bad,1,2375,5332.9648198800005
Orange,24,95,14.27127328,382,Bad,1,2280,5451.62639296
Pineapple,23,80,12.55068787,329,Good,0,1840,4129.176309230001
Tomato,24,95,11.99705843,284,Bad,1,2280,3407.16459412
Banana,25,95,17.69401633,372,Good,0,2375,6582.17407476
Tomato,22,89,12.55068787,308,Good,0,1958,3865.6118639600004
Orange,22,95,7.000692513,292,Good,0,2090,2044.202213796
Orange,24,95,15.16773612,385,Bad,1,2280,5839.5784062
Orange,23,95,5.886678992,258,Good,0,2185,1518.7631799360001
Tomato,23,88,7.589280351,293,Good,0,2024,2223.659142843
Tomato,25,95,14.43054353,372,Bad,1,2375,5368.16219316
Banana,25,89,19.74258151,387,Good,0,2225,7640.37904437
Banana,26,95,15.59225501,308,Good,0,2470,4802.41454308
Pineapple,25,95,9.929454577,298,Bad,1,2375,2958.9774639459997
Pineapple,22,91,12.69256136,339,Good,0,2002,4302.77830104
Orange,22,95,6.783674055,258,Good,0,2090,1750.18790619
Orange,22,95,8.364807255,172,Good,0,2090,1438.7468478600001
Tomato,24,95,12.06507013,367,Good,0,2280,4427.88073771
Orange,23,95,6.571662296,256,Good,0,2185,1682.345547776
Orange,22,95,7.404343951,345,Good,0,2090,2554.498663095
Tomato,25,95,12.98058343,384,Bad,1,2375,4984.54403712
Banana,24,86,13.65010619,345,Good,0,2064,4709.28663555
Pineapple,25,95,14.35070581,402,Bad,1,2375,5768.98373562
Orange,22,95,7.000692513,341,Good,0,2090,2387.236146933
Orange,23,95,15.08413665,250,Bad,1,2185,3771.0341625
Tomato,24,89,13.05349201,384,Good,0,2136,5012.54093184
Orange,23,95,16.02789778,353,Bad,1,2185,5657.84791634
Orange,24,95,14.83589827,366,Bad,1,2280,5429.93876682
Pineapple,24,95,14.03538213,320,Good,0,2280,4491.3222816
Pineapple,22,94,12.69256136,325,Good,0,2068,4125.082442
Banana,25,75,7.0889296,348,Good,0,1875,2466.9475008
Tomato,26,93,6.446808067,391,Good,0,2418,2520.701954197
Tomato,26,85,8.214906999,419,Good,0,2210,3442.046032581
Pineapple,25,95,9.929454577,307,Bad,1,2375,3048.342555139
Pineapple,25,95,12.34050263,441,Bad,1,2375,5442.16165983
Banana,24,95,12.98058343,255,Bad,1,2280,3310.04877465
Tomato,22,92,10.16280412,354,Good,0,2024,3597.6326584800004
Tomato,24,89,12.48027818,386,Good,0,2136,4817.38737748
Tomato,23,90,12.69256136,321,Good,0,2070,4074.31219656
Banana,26,90,20.51379641,299,Good,0,2340,6133.62512659
Tomato,26,88,7.358649263,408,Good,0,2288,3002.328899304
Tomato,26,94,6.826673276,391,Good,0,2444,2669.229250916
Orange,23,95,6.613669965,254,Good,0,2185,1679.87217111
Banana,25,86,13.57421101,343,Good,0,2150,4655.954376430001
Tomato,26,91,6.956882353,395,Good,0,2366,2747.968529435
Banana,24,95,16.56585884,256,Bad,1,2280,4240.85986304
Pineapple,25,95,10.10404473,279,Bad,1,2375,2819.02847967
Pineapple,25,95,7.0889296,436,Bad,1,2375,3090.7733056
Banana,24,95,19.85095108,320,Good,0,2280,6352.3043456000005
Pineapple,23,95,12.83585424,351,Good,0,2185,4505.38483824
Pineapple,23,83,12.62144823,340,Good,0,1909,4291.2923982
Orange,24,95,16.20534945,413,Bad,1,2280,6692.80932285
Orange,23,95,15.25176672,364,Bad,1,2185,5551.64308608
Tomato,26,91,7.000692513,394,Good,0,2366,2758.272850122
Tomato,26,90,7.044707922,388,Good,0,2340,2733.346673736
Banana,24,88,14.59144457,327,Good,0,2112,4771.40237439
Pineapple,25,95,10.89052217,422,Bad,1,2375,4595.800355740001
Orange,24,95,15.16773612,453,Bad,1,2280,6870.98446236
Orange,23,95,4.938486566,255,Good,0,2185,1259.31407433
Tomato,23,90,12.76402932,338,Good,0,2070,4314.24191016
Tomato,23,89,8.214906999,311,Good,0,2047,2554.836076689
Orange,22,95,5.007419045,342,Good,0,2090,1712.53731339
Orange,23,95,19.52760946,273,Bad,1,2185,5331.03738258
Pineapple,22,91,13.27441976,345,Good,0,2002,4579.674817200001
Tomato,22,91,13.3488037,336,Good,0,2002,4485.1980432
Banana,26,93,13.88010234,296,Good,0,2418,4108.51029264
Pineapple,23,95,12.90803823,337,Good,0,2185,4350.0088835100005
Tomato,24,95,11.862037,286,Bad,1,2280,3392.542582
Tomato,24,95,11.27059687,276,Bad,1,2280,3110.6847361200003
Banana,25,86,12.34050263,343,Good,0,2150,4232.79240209
Orange,23,95,4.735505087,354,Good,0,2185,1676.368800798
Tomato,23,94,10.70460698,382,Good,0,2162,4089.15986636
Tomato,24,95,11.79502342,291,Bad,1,2280,3432.35181522
Orange,23,95,14.59144457,383,Bad,1,2185,5588.52327031
Tomato,24,89,13.57421101,397,Good,0,2136,5388.9617709700005
Banana,24,88,15.08413665,324,Good,0,2112,4887.2602746
Tomato,23,89,12.76402932,315,Good,0,2047,4020.6692358
Orange,22,95,4.47356027,336,Good,0,2090,1503.1162507200002
Tomato,24,89,8.0671142,289,Good,0,2136,2331.3960038
Tomato,26,88,7.404343951,408,Good,0,2288,3020.972332008
Orange,24,95,16.02789778,413,Bad,1,2280,6619.52178314
Orange,22,95,6.446808067,259,Good,0,2090,1669.723289353
Banana,24,95,16.74896501,244,Bad,1,2280,4086.7474624399997
Orange,22,95,7.133358572,355,Good,0,2090,2532.34229306
Orange,23,95,16.84124175,249,Bad,1,2185,4193.46919575
Orange,24,95,17.12100442,402,Bad,1,2280,6882.643776839999
Tomato,22,93,13.80304952,350,Good,0,2046,4831.067332
Tomato,25,95,12.83585424,374,Bad,1,2375,4800.60948576
Pineapple,22,95,12.55068787,341,Good,0,2090,4279.78456367
Orange,23,95,4.47356027,308,Good,0,2185,1377.85656316
Tomato,22,92,11.72833871,355,Good,0,2024,4163.56024205
Orange,22,95,7.404343951,344,Good,0,2090,2547.094319144
Tomato,24,95,12.62144823,303,Bad,1,2280,3824.2988136900003
Banana,26,91,19.95991509,293,Good,0,2366,5848.25512137
Tomato,23,89,7.044707922,290,Good,0,2047,2042.9652973799998
Orange,22,95,6.783674055,292,Good,0,2090,1980.83282406
Orange,22,95,8.516848104,176,Good,0,2090,1498.965266304
Tomato,24,95,14.51078894,305,Bad,1,2280,4425.7906267
Tomato,24,95,12.20210529,286,Bad,1,2280,3489.80211294
Pineapple,24,95,4.636126276,408,Bad,1,2280,1891.539520608
Orange,23,95,17.40523312,400,Bad,1,2185,6962.093247999999
Pineapple,25,95,12.13341843,412,Bad,1,2375,4998.96839316
Banana,26,93,14.59144457,303,Good,0,2418,4421.20770471
Orange,23,95,15.85228317,247,Bad,1,2185,3915.51394299
Tomato,23,89,8.264637967,286,Good,0,2047,2363.686458562
Banana,25,88,15.16773612,320,Good,0,2200,4853.6755584
Orange,22,95,4.538130868,336,Good,0,2090,1524.8119716479998
Banana,26,90,19.00030193,389,Good,0,2340,7391.11745077
Tomato,26,74,8.465927903,343,Good,0,1924,2903.813270729
Tomato,25,95,13.42356205,374,Bad,1,2375,5020.4122067
Pineapple,25,95,9.8718154,329,Bad,1,2375,3247.8272666
Tomato,25,95,16.11639251,323,Bad,1,2375,5205.59478073
Tomato,25,95,15.50647254,376,Bad,1,2375,5830.433675040001
Orange,23,95,19.52760946,343,Bad,1,2185,6697.9700447800005
Banana,24,95,23.52696458,363,Good,0,2280,8540.288142540001
Pineapple,25,95,11.27059687,318,Bad,1,2375,3584.04980466
Orange,22,95,7.825388265,165,Good,0,2090,1291.189063725
Pineapple,25,95,14.75399666,403,Bad,1,2375,5945.86065398
Tomato,26,92,6.613669965,394,Good,0,2392,2605.78596621
Orange,23,95,9.093199852,185,Good,0,2185,1682.2419726199998
Pineapple,22,95,12.83585424,339,Good,0,2090,4351.35458736
Orange,22,95,6.082547355,245,Good,0,2090,1490.224101975
Tomato,25,95,12.62144823,364,Bad,1,2375,4594.20715572
Tomato,23,90,12.55068787,317,Good,0,2070,3978.56805479
Pineapple,23,95,12.62144823,337,Good,0,2185,4253.42805351
Orange,22,95,9.365314571,178,Good,0,2090,1667.025993638
Tomato,24,95,15.85228317,344,Bad,1,2280,5453.1854104799995
Tomato,24,95,14.83589827,310,Bad,1,2280,4599.1284637
Pineapple,25,95,12.55068787,412,Bad,1,2375,5170.88340244
Banana,24,85,13.65010619,348,Good,0,2040,4750.2369541200005
Tomato,22,92,10.82824911,353,Good,0,2024,3822.37193583
Orange,22,90,7.22284254,305,Good,0,1980,2202.9669747000003
Orange,23,95,8.018312629,165,Good,0,2185,1323.021583785
Pineapple,25,95,11.59594835,369,Bad,1,2375,4278.90494115
Pineapple,22,95,12.69256136,326,Good,0,2090,4137.77500336
Banana,26,94,15.67848238,302,Good,0,2444,4734.90167876
Tomato,26,93,6.48823229,398,Good,0,2418,2582.31645142
Pineapple,24,95,10.10404473,448,Bad,1,2280,4526.61203904
Tomato,22,93,11.14266773,358,Good,0,2046,3989.07504734
Tomato,26,92,6.405576451,392,Good,0,2392,2510.9859687919998
Pineapple,24,95,14.19224347,330,Good,0,2280,4683.4403451
Tomato,24,89,13.95754575,385,Good,0,2136,5373.65511375
Tomato,24,89,8.31460431,287,Good,0,2136,2386.29143697
Orange,22,95,8.165410187,194,Good,0,2090,1584.089576278
Tomato,25,95,14.27127328,378,Bad,1,2375,5394.541299840001
Orange,22,95,7.496378442,308,Good,0,2090,2308.884560136
Banana,24,82,12.55068787,248,Bad,1,1968,3112.5705917600003
Tomato,23,88,7.777721829,285,Good,0,2024,2216.650721265
Tomato,24,76,17.30998858,464,Good,0,1824,8031.834701119999
Orange,22,95,7.496378442,349,Good,0,2090,2616.236076258
Tomato,24,95,14.83589827,314,Bad,1,2280,4658.47205678
Orange,24,95,14.83589827,355,Bad,1,2280,5266.74388585
Orange,23,95,6.826673276,252,Good,0,2185,1720.321665552
Orange,23,95,4.870193845,345,Good,0,2185,1680.216876525
Pineapple,25,95,12.20210529,415,Bad,1,2375,5063.87369535
Banana,24,95,18.58861217,257,Bad,1,2280,4777.27332769
Banana,24,95,16.93400512,257,Bad,1,2280,4352.039315839999
Pineapple,24,95,11.72833871,429,Bad,1,2280,5031.4573065899995
Tomato,25,95,15.93986231,318,Bad,1,2375,5068.87621458
Tomato,23,92,10.58215896,359,Good,0,2116,3798.9950666399995
Banana,26,89,19.63480231,374,Good,0,2314,7343.416063940001
Pineapple,22,80,12.20210529,320,Good,0,1760,3904.6736928
Orange,22,95,7.777721829,175,Good,0,2090,1361.1013200749999
Tomato,25,95,13.05349201,367,Bad,1,2375,4790.63156767
Orange,23,95,15.59225501,448,Bad,1,2185,6985.33024448
Tomato,22,92,10.76627794,356,Good,0,2024,3832.79494664
Orange,24,95,14.83589827,385,Bad,1,2280,5711.82083395
Pineapple,22,92,12.76402932,328,Good,0,2024,4186.60161696
Banana,25,85,13.72638492,349,Good,0,2125,4790.508337079999
Pineapple,23,95,13.49869706,356,Good,0,2185,4805.53615336
Orange,22,95,7.730278953,370,Good,0,2090,2860.20321261
Tomato,23,90,12.48027818,322,Good,0,2070,4018.6495739600005
Tomato,23,91,13.65010619,333,Good,0,2093,4545.48536127
Orange,24,95,15.33623116,380,Bad,1,2280,5827.7678408
Banana,26,94,13.95754575,303,Good,0,2444,4229.13636225
Tomato,24,76,17.30998858,459,Good,0,1824,7945.284758219999
Tomato,25,95,13.20040797,372,Bad,1,2375,4910.55176484
Tomato,24,93,11.07916988,379,Good,0,2232,4199.00538452
Tomato,23,92,13.57421101,328,Good,0,2116,4452.341211280001
Banana,24,95,13.88010234,282,Bad,1,2280,3914.18885988
Orange,23,95,15.85228317,248,Bad,1,2185,3931.3662261599998
Orange,23,95,16.29477154,356,Bad,1,2185,5800.93866824
Orange,22,95,5.253804423,364,Good,0,2090,1912.384809972
Tomato,24,89,8.165410187,287,Good,0,2136,2343.472723669
Orange,23,95,19.85095108,346,Bad,1,2185,6868.42907368
Pineapple,22,80,12.62144823,339,Good,0,1760,4278.67094997
Orange,24,95,14.67251295,370,Bad,1,2280,5428.8297915
Orange,23,95,19.63480231,278,Bad,1,2185,5458.47504218
Orange,22,95,4.409591293,348,Good,0,2090,1534.537769964
Orange,22,95,11.39978246,233,Good,0,2090,2656.1493131800003
Banana,24,95,13.05349201,253,Bad,1,2280,3302.5334785299997
Pineapple,25,95,11.66198098,410,Bad,1,2375,4781.4122018
Pineapple,25,95,10.40069682,368,Bad,1,2375,3827.45642976
Orange,23,95,19.85095108,332,Bad,1,2185,6590.515758560001
Pineapple,24,95,14.27127328,345,Good,0,2280,4923.5892816000005
Orange,23,95,4.870193845,348,Good,0,2185,1694.82745806
Orange,23,95,4.870193845,359,Good,0,2185,1748.399590355
Tomato,25,95,13.42356205,380,Bad,1,2375,5100.953579
Orange,23,95,14.91822038,378,Bad,1,2185,5639.08730364
Pineapple,25,95,11.66198098,409,Bad,1,2375,4769.750220819999
Orange,22,95,7.133358572,280,Good,0,2090,1997.34040016
Banana,25,88,19.52760946,399,Good,0,2200,7791.51617454
Pineapple,24,95,14.27127328,318,Good,0,2280,4538.264903040001
Orange,23,95,8.264637967,175,Good,0,2185,1446.311644225
Orange,23,95,9.039550676,179,Good,0,2185,1618.079571004
Orange,23,95,5.182587061,299,Good,0,2185,1549.5935312390002
Orange,23,83,4.22124279,332,Good,0,1909,1401.4526062799998
Pineapple,24,95,14.19224347,295,Good,0,2280,4186.71182365
Orange,23,95,19.63480231,340,Bad,1,2185,6675.832785400001
Banana,26,90,19.42099897,382,Good,0,2340,7418.82160654
Orange,23,95,5.076997025,358,Good,0,2185,1817.56493495
Pineapple,23,89,12.76402932,347,Good,0,2047,4429.11817404
Banana,24,95,12.13341843,251,Bad,1,2280,3045.4880259300003
Pineapple,25,95,11.14266773,411,Bad,1,2375,4579.63643703
Tomato,23,92,9.757364232,354,Good,0,2116,3454.1069381280004
Pineapple,22,92,12.69256136,328,Good,0,2024,4163.16012608
Tomato,24,95,12.27113269,356,Good,0,2280,4368.52323764
Orange,23,95,8.722957641,189,Good,0,2185,1648.6389941490002
Orange,22,95,5.964479838,252,Good,0,2090,1503.048919176
Tomato,26,92,6.446808067,388,Good,0,2392,2501.361529996
Tomato,25,95,16.56585884,366,Bad,1,2375,6063.10433544
Pineapple,25,95,11.20647613,299,Bad,1,2375,3350.73636287
Banana,26,89,19.42099897,375,Good,0,2314,7282.87461375
Orange,23,95,19.52760946,354,Bad,1,2185,6912.77374884
Tomato,23,89,7.133358572,286,Good,0,2047,2040.1405515919998
Orange,24,95,15.33623116,392,Bad,1,2280,6011.80261472
Pineapple,25,95,10.40069682,372,Bad,1,2375,3869.05921704
Tomato,25,95,13.42356205,376,Bad,1,2375,5047.2593308
Tomato,24,88,10.89052217,241,Good,0,2112,2624.6158429700004
Pineapple,25,95,9.987371503,274,Bad,1,2375,2736.539791822
Tomato,22,93,11.59594835,352,Good,0,2046,4081.7738192
Tomato,24,95,11.39978246,358,Good,0,2280,4081.12212068
Pineapple,23,95,12.69256136,329,Good,0,2185,4175.8526874399995
Orange,22,95,7.313168177,358,Good,0,2090,2618.114207366
Orange,23,95,17.79130513,248,Bad,1,2185,4412.243672240001
Pineapple,25,95,9.929454577,320,Bad,1,2375,3177.42546464
Banana,25,90,20.29041491,304,Good,0,2250,6168.28613264
Pineapple,24,95,13.95754575,326,Good,0,2280,4550.1599145
Pineapple,24,95,13.95754575,301,Good,0,2280,4201.22127075
Pineapple,25,95,11.39978246,424,Bad,1,2375,4833.50776304
Tomato,25,95,12.83585424,377,Bad,1,2375,4839.1170484799995
Orange,23,95,4.836285621,350,Good,0,2185,1692.69996735
Banana,24,95,16.65717174,254,Bad,1,2280,4230.921621959999
Orange,23,95,7.496378442,356,Good,0,2185,2668.710725352
Pineapple,22,91,12.55068787,331,Good,0,2002,4154.27768497
Tomato,23,89,8.31460431,304,Good,0,2047,2527.63971024
Pineapple,25,95,11.46485093,335,Bad,1,2375,3840.72506155
Pineapple,25,95,12.98058343,405,Bad,1,2375,5257.136289149999
Pineapple,24,95,14.19224347,404,Bad,1,2280,5733.666361879999
Tomato,23,92,10.04556771,356,Good,0,2116,3576.22210476
Orange,23,95,19.63480231,365,Bad,1,2185,7166.70284315
Orange,24,95,14.59144457,388,Bad,1,2280,5661.48049316
Banana,26,90,20.40179801,374,Good,0,2340,7630.27245574
Orange,23,95,9.987371503,389,Good,0,2185,3885.087514667
Tomato,24,95,13.12676612,297,Bad,1,2280,3898.64953764
Orange,23,95,4.836285621,343,Good,0,2185,1658.845968003
Orange,22,95,7.542720421,363,Good,0,2090,2738.007512823
Orange,22,95,6.956882353,351,Good,0,2090,2441.865705903
Banana,25,89,20.06947764,304,Good,0,2225,6101.12120256
Banana,26,82,18.89654455,378,Good,0,2132,7142.893839900001
Orange,22,95,5.398243871,316,Good,0,2090,1705.845063236
Banana,24,91,16.74896501,320,Good,0,2184,5359.6688032
Banana,25,95,18.18569032,358,Good,0,2375,6510.477134559999
Tomato,24,76,17.40523312,468,Good,0,1824,8145.649100159999
Tomato,25,95,12.83585424,388,Bad,1,2375,4980.31144512
Orange,22,95,6.655874013,249,Good,0,2090,1657.312629237
Tomato,23,89,6.913276429,290,Good,0,2047,2004.85016441
Pineapple,24,95,11.39978246,416,Bad,1,2280,4742.30950336
Orange,23,95,4.870193845,344,Good,0,2185,1675.34668268
Orange,22,95,7.450253315,363,Good,0,2090,2704.441953345
Pineapple,25,95,9.8718154,320,Bad,1,2375,3158.980928
Pineapple,24,95,14.03538213,327,Good,0,2280,4589.56995651
Tomato,25,95,15.50647254,404,Bad,1,2375,6264.61490616
Tomato,23,89,7.589280351,294,Good,0,2047,2231.248423194
Pineapple,25,95,11.862037,363,Bad,1,2375,4305.919431
Pineapple,23,95,12.69256136,320,Good,0,2185,4061.6196351999997
Banana,26,89,17.88911347,281,Good,0,2314,5026.840885070001
Tomato,24,93,11.07916988,374,Good,0,2232,4143.60953512
Orange,23,95,19.63480231,355,Bad,1,2185,6970.354820050001
Banana,24,87,13.88010234,330,Good,0,2088,4580.4337722
Pineapple,24,95,13.80304952,395,Bad,1,2280,5452.2045604
Orange,24,95,18.38606989,263,Bad,1,2280,4835.53638107
Banana,26,90,20.06947764,377,Good,0,2340,7566.193070279999
Tomato,22,92,11.46485093,353,Good,0,2024,4047.0923782900004
Orange,23,95,16.29477154,358,Bad,1,2185,5833.52821132
Tomato,26,86,7.969740423,407,Good,0,2236,3243.684352161
Orange,23,95,16.84124175,250,Bad,1,2185,4210.310437499999
Tomato,25,92,6.613669965,402,Good,0,2300,2658.69532593
Banana,24,95,19.42099897,306,Bad,1,2280,5942.82568482
Pineapple,25,95,11.14266773,423,Bad,1,2375,4713.34844979
Tomato,23,89,8.0671142,284,Good,0,2047,2291.0604328000004
Pineapple,24,95,14.19224347,349,Good,0,2280,4953.09297103
Pineapple,22,95,12.69256136,328,Good,0,2090,4163.16012608
Orange,22,95,4.870193845,351,Good,0,2090,1709.438039595
Pineapple,23,86,12.69256136,339,Good,0,1978,4302.77830104
Orange,23,95,8.568009903,186,Good,0,2185,1593.649841958
Banana,26,94,14.83589827,311,Good,0,2444,4613.96436197
Tomato,24,95,14.75399666,322,Bad,1,2280,4750.78692452
Orange,24,95,16.65717174,203,Bad,1,2280,3381.40586322
Orange,23,95,15.50647254,256,Bad,1,2185,3969.65697024
Banana,26,90,19.00030193,383,Good,0,2340,7277.1156391899995
Tomato,23,90,12.98058343,309,Good,0,2070,4011.0002798699998
Tomato,24,95,13.12676612,301,Bad,1,2280,3951.1566021199997
Tomato,22,92,13.95754575,334,Good,0,2024,4661.8202805
Pineapple,22,90,12.69256136,325,Good,0,1980,4125.082442
Tomato,24,95,13.05349201,303,Bad,1,2280,3955.2080790299997
Tomato,26,93,6.529850053,405,Good,0,2418,2644.589271465
Orange,24,95,14.59144457,361,Bad,1,2280,5267.5114897700005
Tomato,24,95,8.619414571,197,Good,0,2280,1698.024670487
Tomato,23,95,14.91822038,261,Good,0,2185,3893.65551918
Banana,26,94,15.50647254,300,Good,0,2444,4651.941762
Banana,26,94,15.25176672,303,Good,0,2444,4621.285316160001
Tomato,26,93,6.571662296,399,Good,0,2418,2622.0932561040004
Tomato,24,89,8.214906999,285,Good,0,2136,2341.248494715
Tomato,23,90,12.55068787,331,Good,0,2070,4154.27768497
Orange,23,95,17.40523312,402,Bad,1,2185,6996.903714239999
Banana,24,95,14.27127328,278,Bad,1,2280,3967.41397184
Orange,23,95,5.112029894,346,Good,0,2185,1768.762343324
Pineapple,23,95,13.42356205,360,Good,0,2185,4832.482338
Tomato,25,93,6.655874013,401,Good,0,2325,2669.005479213
Tomato,22,91,9.814452454,354,Good,0,2002,3474.316168716
Orange,22,95,4.972872478,344,Good,0,2090,1710.668132432
Orange,23,95,8.619414571,188,Good,0,2185,1620.449939348
Pineapple,25,95,10.04556771,446,Bad,1,2375,4480.32319866
Orange,24,95,15.25176672,393,Bad,1,2280,5993.94432096
Tomato,24,95,12.20210529,290,Bad,1,2280,3538.6105341
Tomato,24,95,11.79502342,282,Bad,1,2280,3326.19660444
Orange,22,84,7.177995872,289,Good,0,1848,2074.4408070080003
Tomato,24,89,13.72638492,388,Good,0,2136,5325.83734896
Tomato,25,95,13.42356205,392,Bad,1,2375,5262.036323599999
Pineapple,23,81,12.55068787,337,Good,0,1863,4229.58181219
Tomato,23,89,8.116146322,308,Good,0,2047,2499.773067176
Orange,22,95,4.904260592,354,Good,0,2090,1736.108249568
Pineapple,22,95,12.76402932,326,Good,0,2090,4161.07355832
Orange,24,95,18.58861217,262,Bad,1,2280,4870.2163885400005
Orange,24,95,19.95991509,272,Bad,1,2280,5429.0969044799995
Banana,24,93,18.08630257,315,Good,0,2232,5697.18530955
Orange,23,95,14.83589827,395,Bad,1,2185,5860.17981665
Orange,22,95,5.471478228,299,Good,0,2090,1635.9719901719998
Banana,25,89,18.7933463,405,Good,0,2225,7611.3052515
Tomato,24,95,14.75399666,317,Bad,1,2280,4677.01694122
Tomato,23,95,14.43054353,307,Bad,1,2185,4430.176863709999
Tomato,22,91,13.72638492,328,Good,0,2002,4502.254253759999
Tomato,23,89,7.777721829,297,Good,0,2047,2309.983383213
Orange,23,95,15.25176672,215,Bad,1,2185,3279.1298448000002
Tomato,22,92,10.04556771,356,Good,0,2024,3576.22210476
Tomato,24,95,12.20210529,291,Bad,1,2280,3550.81263939
Tomato,24,95,12.20210529,288,Bad,1,2280,3514.2063235200003
Tomato,24,95,16.47502321,352,Bad,1,2280,5799.20816992
Pineapple,22,95,12.48027818,319,Good,0,2090,3981.2087394200003
Pineapple,22,95,12.69256136,342,Good,0,2090,4340.85598512
Tomato,23,92,10.04556771,346,Good,0,2116,3475.76642766
Orange,24,95,14.83589827,397,Bad,1,2280,5889.85161319
Orange,24,95,16.56585884,204,Bad,1,2280,3379.4352033600003
Banana,25,86,13.72638492,343,Good,0,2150,4708.15002756
Banana,25,95,16.11639251,276,Bad,1,2375,4448.1243327600005
Tomato,23,91,8.214906999,368,Good,0,2093,3023.085775632
Pineapple,25,95,11.46485093,432,Bad,1,2375,4952.81560176
Orange,23,95,15.76515749,458,Bad,1,2185,7220.44213042
Tomato,24,95,12.62144823,306,Bad,1,2280,3862.16315838
Orange,23,95,9.475991969,184,Good,0,2185,1743.5825222960002
Pineapple,25,95,9.420521035,265,Bad,1,2375,2496.438074275
Tomato,25,95,12.90803823,378,Bad,1,2375,4879.23845094
Pineapple,25,95,11.46485093,334,Bad,1,2375,3829.26021062
Pineapple,25,95,9.644005982,268,Bad,1,2375,2584.5936031759998
Orange,23,95,15.08413665,249,Bad,1,2185,3755.9500258499997
Orange,22,95,8.465927903,377,Good,0,2090,3191.6548194310003
Tomato,25,95,15.59225501,402,Bad,1,2375,6268.08651402
Pineapple,25,95,10.28117628,358,Bad,1,2375,3680.66110824
Pineapple,25,95,10.04556771,297,Bad,1,2375,2983.53360987
Tomato,25,95,15.50647254,402,Bad,1,2375,6233.60196108
Orange,24,95,14.59144457,364,Bad,1,2280,5311.28582348
Tomato,25,93,6.446808067,406,Good,0,2325,2617.404075202
Orange,23,95,19.52760946,272,Bad,1,2185,5311.50977312
Pineapple,25,95,14.59144457,390,Bad,1,2375,5690.6633823
Orange,23,95,14.91822038,393,Bad,1,2185,5862.860609339999
Pineapple,25,95,12.98058343,411,Bad,1,2375,5335.0197897299995
Orange,22,95,7.542720421,359,Good,0,2090,2707.836631139
Pineapple,25,95,11.39978246,313,Bad,1,2375,3568.1319099800003
Banana,25,95,16.29477154,264,Bad,1,2375,4301.81968656
Tomato,25,95,7.683058499,204,Good,0,2375,1567.343933796
Tomato,26,94,6.446808067,402,Good,0,2444,2591.616842934
Pineapple,24,95,13.95754575,343,Good,0,2280,4787.43819225
Pineapple,25,95,9.929454577,311,Bad,1,2375,3088.060373447
Orange,22,95,5.182587061,295,Good,0,2090,1528.8631829950002
Orange,23,95,15.50647254,456,Bad,1,2185,7070.95147824
Tomato,22,92,11.01598084,354,Good,0,2024,3899.65721736
Tomato,26,92,6.48823229,397,Good,0,2392,2575.82821913
Tomato,23,90,12.48027818,310,Good,0,2070,3868.8862358
Tomato,24,95,12.34050263,367,Good,0,2280,4528.96446521
Pineapple,24,95,14.35070581,323,Good,0,2280,4635.27797663
Banana,24,93,19.42099897,319,Good,0,2232,6195.29867143
Tomato,24,95,12.27113269,370,Good,0,2280,4540.3190953
Pineapple,25,95,11.14266773,452,Bad,1,2375,5036.48581396
Pineapple,22,95,13.49869706,343,Good,0,2090,4630.05309158
Orange,23,95,15.42113219,244,Bad,1,2185,3762.7562543599997
Tomato,25,95,7.542720421,190,Good,0,2375,1433.1168799900001
Tomato,23,89,12.62144823,314,Good,0,2047,3963.13474422
Banana,24,95,19.31496687,293,Bad,1,2280,5659.28529291
Tomato,25,95,12.62144823,308,Bad,1,2375,3887.4060548400003
Banana,26,94,15.08413665,308,Good,0,2444,4645.9140882
Tomato,25,95,14.59144457,371,Bad,1,2375,5413.42593547
Pineapple,25,95,11.01598084,418,Bad,1,2375,4604.67999112
Pineapple,24,95,13.95754575,304,Good,0,2280,4243.093908
Tomato,22,92,10.10404473,356,Good,0,2024,3597.03992388
Tomato,24,89,13.65010619,391,Good,0,2136,5337.19152029
Pineapple,23,95,13.27441976,362,Good,0,2185,4805.33995312
Pineapple,23,90,12.76402932,349,Good,0,2070,4454.64623268
Tomato,24,90,12.76402932,329,Good,0,2160,4199.36564628
Pineapple,25,95,12.06507013,411,Bad,1,2375,4958.74382343
Tomato,24,95,16.02789778,341,Bad,1,2280,5465.51314298
Orange,22,95,7.358649263,360,Good,0,2090,2649.11373468
Pineapple,25,95,5.771326913,443,Bad,1,2375,2556.6978224590002
Banana,24,92,18.89654455,322,Good,0,2208,6084.6873451
Pineapple,23,95,12.90803823,351,Good,0,2185,4530.721418730001
Tomato,24,95,14.51078894,307,Bad,1,2280,4454.81220458
Pineapple,25,95,13.20040797,395,Bad,1,2375,5214.16114815
Pineapple,22,91,12.76402932,339,Good,0,2002,4327.00593948
Orange,22,95,7.044707922,340,Good,0,2090,2395.2006934799997
Tomato,25,95,13.49869706,386,Bad,1,2375,5210.49706516
Orange,21,94,8.722957641,383,Good,0,1974,3340.8927765030003
Orange,22,95,8.264637967,371,Good,0,2090,3066.180685757
Tomato,23,89,7.267899623,298,Good,0,2047,2165.834087654
Pineapple,22,95,13.3488037,335,Good,0,2090,4471.849239499999
Tomato,23,91,8.264637967,372,Good,0,2093,3074.445323724
Tomato,22,90,12.90803823,317,Good,0,1980,4091.8481189100003
Pineapple,22,85,12.62144823,324,Good,0,1870,4089.3492265200002
Orange,23,95,8.165410187,175,Good,0,2185,1428.946782725
Banana,24,95,12.06507013,249,Bad,1,2280,3004.20246237
Orange,23,95,14.83589827,385,Bad,1,2185,5711.82083395
Orange,24,95,15.50647254,395,Bad,1,2280,6125.0566533
Tomato,26,82,8.0671142,412,Good,0,2132,3323.6510504000003
Orange,23,95,15.00096563,396,Bad,1,2185,5940.38238948
Orange,22,95,7.496378442,334,Good,0,2090,2503.790399628
Orange,24,95,14.1136139,254,Bad,1,2280,3584.8579306
Orange,22,95,8.31460431,163,Good,0,2090,1355.28050253
Pineapple,25,95,11.39978246,303,Bad,1,2375,3454.13408538
Pineapple,23,89,12.76402932,340,Good,0,2047,4339.7699688
Banana,26,95,18.28561157,302,Good,0,2470,5522.2546941400005
Orange,23,95,4.702223982,349,Good,0,2185,1641.0761697179998
Pineapple,25,95,12.06507013,407,Bad,1,2375,4910.48354291
Banana,26,95,14.03538213,305,Good,0,2470,4280.79154965
Tomato,26,91,7.000692513,393,Good,0,2366,2751.272157609
Pineapple,25,95,11.39978246,323,Bad,1,2375,3682.1297345800003
Pineapple,24,95,14.19224347,358,Good,0,2280,5080.82316226
Banana,25,89,19.63480231,388,Good,0,2225,7618.303296280001
Banana,24,95,20.40179801,316,Good,0,2280,6446.96817116
Pineapple,25,95,10.16280412,436,Bad,1,2375,4430.98259632
Tomato,24,89,13.80304952,384,Good,0,2136,5300.37101568
Orange,23,95,6.48823229,252,Good,0,2185,1635.03453708
Tomato,23,88,6.364536513,286,Good,0,2024,1820.257442718
Pineapple,25,95,10.95309884,316,Bad,1,2375,3461.1792334399997
Banana,26,95,17.69401633,317,Good,0,2470,5609.00317661
Orange,22,95,7.542720421,271,Good,0,2090,2044.077234091
Tomato,24,95,11.99705843,360,Good,0,2280,4318.9410348
Pineapple,25,95,9.814452454,320,Bad,1,2375,3140.6247852799997
Tomato,23,90,12.41021712,330,Good,0,2070,4095.3716496
Tomato,24,95,12.13341843,353,Good,0,2280,4283.096705790001
Orange,22,95,9.475991969,377,Good,0,2090,3572.4489723130005
Banana,24,95,17.79130513,256,Bad,1,2280,4554.57411328
Banana,26,95,20.62641439,395,Good,0,2470,8147.43368405
Tomato,23,92,10.10404473,351,Good,0,2116,3546.51970023
Orange,22,95,6.48823229,255,Good,0,2090,1654.49923395
Tomato,23,89,8.516848104,342,Good,0,2047,2912.7620515679996
Tomato,23,87,5.964479838,285,Good,0,2001,1699.8767538299999
Orange,23,95,8.465927903,186,Good,0,2185,1574.6625899580001
Banana,26,95,17.21524677,318,Good,0,2470,5474.44847286
Pineapple,22,81,12.48027818,331,Good,0,1782,4130.972077580001
Banana,26,91,19.85095108,298,Good,0,2366,5915.5834218400005
Tomato,24,89,13.42356205,403,Good,0,2136,5409.695506149999
Tomato,24,95,12.13341843,368,Good,0,2280,4465.09798224
Tomato,24,90,12.34050263,333,Good,0,2160,4109.38737579
Orange,23,95,15.85228317,459,Bad,1,2185,7276.19797503
Tomato,24,94,11.72833871,368,Good,0,2256,4316.02864528
Tomato,24,89,13.49869706,409,Good,0,2136,5520.9670975399995
Tomato,24,76,16.47502321,468,Good,0,1824,7710.31086228
Orange,23,95,6.364536513,252,Good,0,2185,1603.863201276
Pineapple,22,95,13.57421101,355,Good,0,2090,4818.844908550001
Banana,26,90,20.17964285,377,Good,0,2340,7607.72535445
Banana,24,95,17.02725828,251,Bad,1,2280,4273.84182828
Banana,25,82,19.31496687,339,Good,0,2050,6547.77376893
Pineapple,25,95,12.98058343,401,Bad,1,2375,5205.21395543
Tomato,23,89,7.358649263,298,Good,0,2047,2192.8774803740002
Orange,24,95,15.16773612,391,Bad,1,2280,5930.58482292
Orange,22,95,6.613669965,277,Good,0,2090,1831.986580305
Orange,23,95,14.75399666,385,Bad,1,2185,5680.2887141
Banana,24,92,18.48706888,320,Good,0,2208,5915.862041599999
Tomato,23,93,11.66198098,354,Good,0,2139,4128.34126692
Orange,22,95,7.404343951,356,Good,0,2090,2635.946446556
Orange,23,95,14.83589827,434,Bad,1,2185,6438.7798491799995
Orange,24,95,15.33623116,383,Bad,1,2280,5873.77653428
Pineapple,24,95,11.46485093,420,Bad,1,2280,4815.2373906
Tomato,23,89,7.358649263,309,Good,0,2047,2273.822622267
Orange,24,95,14.91822038,377,Bad,1,2280,5624.16908326
Orange,22,95,7.683058499,300,Good,0,2090,2304.9175497
Tomato,23,92,11.01598084,358,Good,0,2116,3943.7211407199998
Tomato,25,95,13.49869706,368,Bad,1,2375,4967.520518079999
Tomato,23,89,7.22284254,283,Good,0,2047,2044.06443882
Tomato,23,89,12.76402932,311,Good,0,2047,3969.61311852
Pineapple,25,95,11.46485093,317,Bad,1,2375,3634.3577448100004
Banana,25,89,20.85352641,378,Good,0,2225,7882.632982980001
Orange,24,95,14.83589827,443,Bad,1,2280,6572.30293361
Banana,25,89,19.74258151,370,Good,0,2225,7304.755158700001
Tomato,25,93,6.613669965,398,Good,0,2325,2632.24064607
Tomato,23,91,12.98058343,328,Good,0,2093,4257.63136504
Orange,23,95,19.31496687,273,Bad,1,2185,5272.98595551
Orange,23,95,17.30998858,260,Bad,1,2185,4500.5970308
Tomato,25,95,16.38466179,369,Bad,1,2375,6045.94020051
Tomato,25,95,15.76515749,314,Bad,1,2375,4950.25945186
Tomato,23,91,8.415248038,359,Good,0,2093,3021.074045642
Pineapple,25,95,12.27113269,412,Bad,1,2375,5055.70666828
Tomato,25,95,13.05349201,364,Bad,1,2375,4751.47109164
Pineapple,25,95,9.8718154,336,Bad,1,2375,3316.9299743999995
Tomato,22,92,10.10404473,358,Good,0,2024,3617.24801334
Orange,22,95,6.202275223,259,Good,0,2090,1606.389282757
Pineapple,23,95,12.83585424,339,Good,0,2185,4351.35458736
Pineapple,24,95,14.03538213,317,Good,0,2280,4449.21613521
Orange,22,95,5.886678992,260,Good,0,2090,1530.53653792
Orange,24,95,15.76515749,45,Bad,1,2280,709.43208705
Tomato,25,92,6.571662296,395,Good,0,2300,2595.8066069200004
Tomato,24,89,13.3488037,390,Good,0,2136,5206.033442999999
Tomato,25,95,12.98058343,367,Bad,1,2375,4763.874118809999
Orange,22,95,5.545397326,267,Good,0,2090,1480.621086042
Tomato,23,92,9.757364232,355,Good,0,2116,3463.8643023600002
Orange,22,95,6.122270991,244,Good,0,2090,1493.834121804
Banana,26,90,20.29041491,390,Good,0,2340,7913.2618149
Orange,23,95,16.20534945,254,Bad,1,2185,4116.1587603
Tomato,26,93,6.571662296,392,Good,0,2418,2576.0916200320003
Pineapple,25,95,10.82824911,304,Bad,1,2375,3291.78772944
Tomato,24,89,13.72638492,394,Good,0,2136,5408.19565848
Pineapple,25,95,11.66198098,351,Bad,1,2375,4093.35532398
Tomato,24,95,16.11639251,352,Bad,1,2280,5672.97016352
Orange,22,95,8.465927903,373,Good,0,2090,3157.7911078190004
Orange,22,95,9.365314571,394,Good,0,2090,3689.9339409740005
Tomato,23,92,11.01598084,353,Good,0,2116,3888.64123652
Orange,22,95,11.862037,222,Good,0,2090,2633.372214
Tomato,25,95,13.80304952,374,Bad,1,2375,5162.34052048
Pineapple,22,92,12.98058343,335,Good,0,2024,4348.4954490499995
Orange,23,95,8.465927903,176,Good,0,2185,1490.0033109280002
Tomato,26,94,6.571662296,398,Good,0,2444,2615.521593808
Pineapple,23,95,12.76402932,327,Good,0,2185,4173.8375876400005
Tomato,23,88,7.683058499,292,Good,0,2024,2243.453081708
Tomato,24,76,16.74896501,458,Good,0,1824,7671.0259745799995
Pineapple,23,88,12.76402932,348,Good,0,2024,4441.88220336
Tomato,24,88,10.76627794,247,Good,0,2112,2659.27065118
Orange,23,95,14.75399666,386,Bad,1,2185,5695.04271076
Orange,22,95,9.310371154,381,Good,0,2090,3547.251409674
Tomato,24,95,12.69256136,305,Bad,1,2280,3871.2312147999996
Orange,24,95,14.51078894,383,Bad,1,2280,5557.632164019999
Tomato,24,95,11.99705843,366,Good,0,2280,4390.92338538
Banana,25,90,16.11639251,316,Good,0,2250,5092.78003316
Banana,25,89,18.89654455,391,Good,0,2225,7388.54891905
Pineapple,23,95,12.76402932,344,Good,0,2185,4390.82608608
Pineapple,22,93,12.83585424,329,Good,0,2046,4222.99604496
Pineapple,25,95,10.70460698,282,Bad,1,2375,3018.69916836
Banana,26,94,15.08413665,305,Good,0,2444,4600.66167825
Tomato,23,89,8.165410187,291,Good,0,2047,2376.134364417
Banana,24,95,13.57421101,260,Bad,1,2280,3529.2948626
Tomato,23,92,13.72638492,324,Good,0,2116,4447.34871408
Tomato,24,82,8.116146322,387,Good,0,1968,3140.948626614
Pineapple,25,95,9.929454577,346,Bad,1,2375,3435.591283642
Tomato,23,89,12.76402932,320,Good,0,2047,4084.4893824
Banana,26,88,18.7933463,401,Good,0,2288,7536.1318663
Tomato,25,95,15.67848238,372,Bad,1,2375,5832.39544536
Tomato,24,89,13.20040797,327,Good,0,2136,4316.53340619
Orange,22,95,7.589280351,288,Good,0,2090,2185.7127410880003
Orange,22,95,6.956882353,377,Good,0,2090,2622.744647081
Tomato,25,92,6.571662296,393,Good,0,2300,2582.663282328
Banana,25,95,13.95754575,239,Bad,1,2375,3335.8534342499997
Banana,24,95,19.31496687,304,Bad,1,2280,5871.74992848
Tomato,24,94,10.46089174,378,Good,0,2256,3954.21707772
Orange,23,95,4.870193845,338,Good,0,2185,1646.12551961
Pineapple,22,94,12.90803823,324,Good,0,2068,4182.20438652
Banana,24,95,17.98744479,253,Bad,1,2280,4550.823531870001
Tomato,24,95,16.47502321,363,Bad,1,2280,5980.43342523
Orange,22,95,5.582615631,310,Good,0,2090,1730.61084561
Orange,22,95,5.218112844,360,Good,0,2090,1878.52062384
Tomato,24,95,12.90803823,299,Bad,1,2280,3859.5034307700003
Banana,26,90,20.73965627,384,Good,0,2340,7964.028007680001
Orange,23,95,14.67251295,380,Bad,1,2185,5575.554921
Banana,26,91,20.17964285,301,Good,0,2366,6074.07249785
Tomato,26,79,8.116146322,416,Good,0,2054,3376.316869952
Orange,23,95,8.415248038,161,Good,0,2185,1354.8549341179998
Tomato,22,93,13.12676612,355,Good,0,2046,4660.0019726
Orange,23,95,8.364807255,162,Good,0,2185,1355.09877531
Orange,23,95,8.933015125,197,Good,0,2185,1759.8039796250002
Tomato,24,88,10.58215896,244,Good,0,2112,2582.0467862399996
Tomato,26,88,7.267899623,407,Good,0,2288,2958.035146561
Tomato,26,88,7.358649263,394,Good,0,2288,2899.307809622
Tomato,25,95,15.42113219,381,Bad,1,2375,5875.45136439
Tomato,25,95,15.16773612,317,Bad,1,2375,4808.17235004
Orange,23,81,4.570643409,332,Good,0,1863,1517.453611788
Orange,23,95,5.218112844,300,Good,0,2185,1565.4338532000002
Tomato,23,90,13.12676612,337,Good,0,2070,4423.72018244
Banana,26,90,20.62641439,285,Good,0,2340,5878.52810115
Banana,26,95,17.79130513,310,Good,0,2470,5515.3045903
Tomato,24,95,14.75399666,314,Bad,1,2280,4632.75495124
Pineapple,23,95,12.83585424,338,Good,0,2185,4338.5187331199995
Pineapple,25,95,11.79502342,418,Bad,1,2375,4930.31978956
Pineapple,22,95,13.27441976,342,Good,0,2090,4539.85155792
Orange,23,95,4.47356027,329,Good,0,2185,1471.80132883
Orange,24,95,15.08413665,378,Bad,1,2280,5701.8036537
Orange,24,95,15.33623116,374,Bad,1,2280,5735.75045384
Pineapple,24,95,14.03538213,315,Good,0,2280,4421.14537095
Tomato,26,75,8.933015125,368,Good,0,1950,3287.3495660000003
Tomato,25,95,15.76515749,327,Bad,1,2375,5155.20649923
Tomato,25,95,14.67251295,382,Bad,1,2375,5604.8999469
Tomato,26,93,6.48823229,407,Good,0,2418,2640.71054203
Tomato,24,95,12.34050263,371,Good,0,2280,4578.326475729999
Tomato,25,95,7.450253315,202,Good,0,2375,1504.95116963
Pineapple,25,95,11.59594835,349,Bad,1,2375,4046.98597415
Pineapple,22,93,12.55068787,325,Good,0,2046,4078.97355775
Pineapple,25,95,10.95309884,292,Bad,1,2375,3198.30486128
Tomato,26,94,6.698275399,399,Good,0,2444,2672.611884201
Pineapple,24,95,7.730278953,419,Bad,1,2280,3238.986881307
Orange,22,95,7.496378442,336,Good,0,2090,2518.783156512
Tomato,23,92,10.52137857,352,Good,0,2116,3703.52525664
Pineapple,24,95,11.46485093,427,Bad,1,2280,4895.49134711
Tomato,22,90,12.83585424,326,Good,0,1980,4184.48848224
Orange,23,95,8.364807255,176,Good,0,2185,1472.2060768800002
Tomato,24,93,11.14266773,381,Good,0,2232,4245.35640513
Banana,26,82,12.98058343,403,Good,0,2132,5231.175122289999
Orange,23,95,14.83589827,220,Bad,1,2185,3263.8976193999997
Banana,25,85,18.48706888,371,Good,0,2125,6858.70255448
Orange,23,95,15.42113219,246,Bad,1,2185,3793.59851874
Tomato,26,93,6.529850053,399,Good,0,2418,2605.410171147
Tomato,25,95,15.08413665,365,Bad,1,2375,5505.709877249999
Tomato,25,92,6.446808067,401,Good,0,2300,2585.170034867
Tomato,25,95,15.25176672,392,Bad,1,2375,5978.69255424
Pineapple,23,95,12.34050263,322,Good,0,2185,3973.64184686
Orange,23,95,20.17964285,343,Bad,1,2185,6921.61749755
Orange,23,95,7.921396405,176,Good,0,2185,1394.16576728
Banana,24,95,18.69070341,268,Bad,1,2280,5009.10851388
Banana,26,90,19.63480231,398,Good,0,2340,7814.65131938
Tomato,25,95,13.88010234,386,Bad,1,2375,5357.71950324
Banana,25,90,18.89654455,401,Good,0,2250,7577.51436455
Orange,22,95,9.420521035,188,Good,0,2090,1771.0579545800001
Tomato,26,78,8.214906999,413,Good,0,2028,3392.756590587
Orange,23,95,20.17964285,350,Bad,1,2185,7062.8749975
Tomato,25,91,6.571662296,407,Good,0,2275,2674.6665544720004
Tomato,25,95,13.3488037,378,Bad,1,2375,5045.8477986
Tomato,23,92,9.587732994,358,Good,0,2116,3432.408411852
Orange,23,95,14.75399666,436,Bad,1,2185,6432.74254376
Banana,26,89,19.20950925,379,Good,0,2314,7280.40400575
Orange,23,95,5.076997025,353,Good,0,2185,1792.179949825
Tomato,24,95,12.62144823,305,Bad,1,2280,3849.54171015
Orange,24,95,14.83589827,384,Bad,1,2280,5696.98493568
Banana,26,89,19.20950925,399,Good,0,2314,7664.59419075
Pineapple,25,95,9.700549236,258,Bad,1,2375,2502.741702888
Orange,22,95,8.568009903,165,Good,0,2090,1413.721633995
Pineapple,25,95,12.20210529,408,Bad,1,2375,4978.45895832
Pineapple,24,95,13.72638492,329,Good,0,2280,4515.98063868
Orange,23,95,8.465927903,177,Good,0,2185,1498.4692388310002
Orange,24,95,15.00096563,377,Bad,1,2280,5655.36404251
Tomato,25,95,15.42113219,313,Bad,1,2375,4826.8143754699995
Orange,22,95,8.165410187,377,Good,0,2090,3078.3596404990003
Tomato,23,89,9.644005982,365,Good,0,2047,3520.06218343
Tomato,23,88,7.969740423,290,Good,0,2024,2311.22472267
Banana,26,94,15.16773612,304,Good,0,2444,4610.991780480001
Pineapple,23,88,12.76402932,351,Good,0,2024,4480.1742913200005
Pineapple,22,95,13.20040797,320,Good,0,2090,4224.1305504
Tomato,22,89,12.41021712,352,Good,0,1958,4368.39642624
Banana,24,95,19.10462223,293,Bad,1,2280,5597.65431339
Pineapple,25,95,10.16280412,290,Bad,1,2375,2947.2131948
Orange,24,95,19.31496687,274,Bad,1,2280,5292.30092238
Tomato,23,95,14.43054353,311,Bad,1,2185,4487.8990378299995
Banana,26,88,19.00030193,379,Good,0,2288,7201.1144314699995
Banana,24,95,12.34050263,256,Bad,1,2280,3159.16867328
Pineapple,25,95,11.33503171,320,Bad,1,2375,3627.2101472000004
Tomato,26,75,8.31460431,421,Good,0,1950,3500.44841451
Banana,26,95,15.67848238,305,Good,0,2470,4781.9371259
Orange,22,95,5.809598838,313,Good,0,2090,1818.404436294
Tomato,23,90,12.98058343,324,Good,0,2070,4205.70903132
Orange,24,95,15.67848238,405,Bad,1,2280,6349.7853639
Pineapple,22,93,12.98058343,341,Good,0,2046,4426.37894963
Orange,24,95,15.76515749,377,Bad,1,2280,5943.46437373
Orange,22,95,4.972872478,291,Good,0,2090,1447.105891098
Orange,23,95,6.48823229,248,Good,0,2185,1609.08160792
Tomato,24,93,11.27059687,361,Good,0,2232,4068.68547007
Orange,23,95,6.783674055,239,Good,0,2185,1621.298099145
Pineapple,22,95,12.41021712,331,Good,0,2090,4107.78186672
Orange,24,95,14.75399666,403,Bad,1,2280,5945.86065398
Orange,22,95,5.112029894,297,Good,0,2090,1518.272878518
Orange,24,95,16.65717174,389,Bad,1,2280,6479.639806859999
Pineapple,23,91,12.76402932,350,Good,0,2093,4467.410262
Tomato,24,95,11.46485093,279,Bad,1,2280,3198.69340947
Tomato,24,95,12.62144823,301,Bad,1,2280,3799.05591723
Pineapple,22,95,13.20040797,331,Good,0,2090,4369.33503807
Orange,24,95,16.65717174,395,Bad,1,2280,6579.5828372999995
Orange,22,95,9.365314571,388,Good,0,2090,3633.7420535480005
Pineapple,25,95,11.59594835,324,Bad,1,2375,3757.0872654
Banana,24,95,14.59144457,262,Bad,1,2280,3822.95847734
Pineapple,22,95,13.12676612,329,Good,0,2090,4318.706053479999
Pineapple,23,82,12.62144823,341,Good,0,1886,4303.91384643
Orange,22,95,6.122270991,260,Good,0,2090,1591.79045766
Orange,23,95,5.007419045,354,Good,0,2185,1772.6263419299999
Tomato,25,91,6.48823229,403,Good,0,2275,2614.7576128700002
Tomato,24,76,17.40523312,465,Good,0,1824,8093.4334008
Orange,23,95,4.802535216,293,Good,0,2185,1407.142818288
Banana,26,94,14.75399666,302,Good,0,2444,4455.70699132
Tomato,23,89,12.62144823,319,Good,0,2047,4026.2419853700003
Tomato,23,91,8.364807255,359,Good,0,2093,3002.965804545
Banana,24,95,19.31496687,292,Bad,1,2280,5639.97032604
Orange,22,95,5.182587061,343,Good,0,2090,1777.627361923
Orange,24,95,15.67848238,398,Bad,1,2280,6240.03598724
Tomato,23,92,9.475991969,362,Good,0,2116,3430.3090927780004
Pineapple,24,95,14.03538213,334,Good,0,2280,4687.81763142
Tomato,24,88,10.52137857,243,Good,0,2112,2556.69499251
Tomato,25,95,15.42113219,389,Bad,1,2375,5998.82042191
Banana,26,94,13.95754575,306,Good,0,2444,4271.0089995
Pineapple,25,95,10.10404473,356,Bad,1,2375,3597.03992388
Tomato,24,95,14.83589827,313,Bad,1,2280,4643.636158509999
Banana,24,95,13.20040797,256,Bad,1,2280,3379.30444032
Banana,25,88,15.00096563,325,Good,0,2200,4875.31382975
Orange,23,95,14.75399666,372,Bad,1,2185,5488.4867575200005
Orange,23,95,15.08413665,371,Bad,1,2185,5596.21469715
Orange,23,95,6.740875089,252,Good,0,2185,1698.700522428
Orange,23,95,8.018312629,167,Good,0,2185,1339.058209043
Orange,21,94,9.365314571,393,Good,0,1974,3680.5686264030005
Orange,22,95,6.613669965,249,Good,0,2090,1646.803821285
Orange,23,95,19.95991509,326,Bad,1,2185,6506.93231934
Pineapple,25,95,11.46485093,458,Bad,1,2375,5250.901725940001
Tomato,22,92,10.70460698,359,Good,0,2024,3842.95390582
Orange,22,95,8.986156218,391,Good,0,2090,3513.587081238
Orange,23,95,4.904260592,339,Good,0,2185,1662.544340688
Orange,22,95,6.529850053,256,Good,0,2090,1671.641613568
Banana,26,94,14.75399666,299,Good,0,2444,4411.44500134
Banana,25,90,19.63480231,304,Good,0,2250,5968.97990224
Tomato,23,92,9.587732994,348,Good,0,2116,3336.531081912
Orange,24,95,17.12100442,269,Bad,1,2280,4605.55018898
Banana,24,95,13.49869706,261,Bad,1,2280,3523.15993266
Pineapple,25,95,14.27127328,402,Bad,1,2375,5737.05185856
Tomato,23,90,13.12676612,335,Good,0,2070,4397.4666502
Tomato,24,95,12.83585424,378,Bad,1,2280,4851.95290272
Tomato,23,88,8.214906999,303,Good,0,2024,2489.116820697
Pineapple,25,95,10.46089174,380,Bad,1,2375,3975.1388611999996
Orange,22,95,8.0671142,368,Good,0,2090,2968.6980256
Banana,24,95,17.02725828,247,Bad,1,2280,4205.73279516
Banana,26,95,15.76515749,298,Good,0,2470,4698.01693202
Banana,26,90,19.63480231,372,Good,0,2340,7304.146459320001
Pineapple,25,95,10.89052217,420,Bad,1,2375,4574.0193114
Orange,23,95,8.465927903,181,Good,0,2185,1532.332950443
Orange,23,95,19.63480231,279,Bad,1,2185,5478.109844490001
Orange,23,95,20.29041491,360,Bad,1,2185,7304.5493676
Orange,23,95,15.00096563,353,Bad,1,2185,5295.34086739
Orange,24,95,14.83589827,396,Bad,1,2280,5875.0157149199995
Banana,24,90,16.11639251,319,Good,0,2160,5141.12921069
Tomato,24,95,14.67251295,318,Bad,1,2280,4665.8591181
Pineapple,23,82,12.55068787,343,Good,0,1886,4304.88593941
Orange,22,95,6.082547355,252,Good,0,2090,1532.80193346
Banana,24,95,12.41021712,248,Bad,1,2280,3077.73384576
Banana,24,95,19.10462223,282,Bad,1,2280,5387.50346886
Tomato,23,92,9.587732994,357,Good,0,2116,3422.820678858
Pineapple,25,95,10.70460698,451,Bad,1,2375,4827.77774798
Tomato,23,89,7.313168177,285,Good,0,2047,2084.252930445
Tomato,23,89,8.214906999,300,Good,0,2047,2464.4720997
Orange,22,95,6.122270991,249,Good,0,2090,1524.445476759
Tomato,26,95,6.446808067,400,Good,0,2470,2578.7232268000002
Tomato,23,89,8.214906999,298,Good,0,2047,2448.042285702
Orange,23,95,15.42113219,384,Bad,1,2185,5921.71476096
Banana,26,90,18.7933463,389,Good,0,2340,7310.6117107
Orange,24,95,16.74896501,395,Bad,1,2280,6615.84117895
Tomato,23,95,14.75399666,310,Bad,1,2185,4573.7389646
Tomato,23,88,7.450253315,289,Good,0,2024,2153.123208035
Pineapple,25,95,4.768941936,404,Bad,1,2375,1926.652542144
Tomato,24,93,11.14266773,365,Good,0,2232,4067.07372145
Banana,25,89,20.73965627,391,Good,0,2225,8109.20560157
Tomato,26,77,7.496378442,159,Good,0,2002,1191.924172278
Orange,23,95,5.36188151,298,Good,0,2185,1597.84068998
Tomato,24,95,14.75399666,307,Bad,1,2280,4529.47697462
Orange,22,95,6.655874013,259,Good,0,2090,1723.871369367
Tomato,24,95,14.75399666,392,Good,0,2280,5783.56669072
Tomato,25,95,7.825388265,200,Good,0,2375,1565.077653
Tomato,23,91,13.57421101,324,Good,0,2093,4398.044367240001
Orange,23,95,4.870193845,357,Good,0,2185,1738.659202665
Banana,24,86,13.3488037,340,Good,0,2064,4538.593258
Tomato,23,89,8.116146322,289,Good,0,2047,2345.566287058
Pineapple,25,95,9.757364232,321,Bad,1,2375,3132.113918472
Pineapple,22,95,12.90803823,327,Good,0,2090,4220.92850121
Orange,23,95,6.571662296,257,Good,0,2185,1688.9172100720002
Pineapple,25,95,14.27127328,410,Bad,1,2375,5851.222044800001
Tomato,24,95,13.57421101,374,Bad,1,2280,5076.754917740001
Banana,25,90,21.08316911,389,Good,0,2250,8201.35278379
Tomato,23,89,12.69256136,316,Good,0,2047,4010.8493897599997
Banana,26,94,18.18569032,382,Good,0,2444,6946.93370224
Orange,23,95,9.255689372,172,Good,0,2185,1591.9785719840002
Pineapple,25,95,11.01598084,318,Bad,1,2375,3503.08190712
Orange,23,95,19.85095108,364,Bad,1,2185,7225.7461931200005
Orange,22,95,6.826673276,264,Good,0,2090,1802.241744864
Banana,25,86,13.65010619,343,Good,0,2150,4681.98642317
Tomato,23,89,12.90803823,321,Good,0,2047,4143.480271830001
Tomato,24,95,11.66198098,280,Bad,1,2280,3265.3546743999996
Orange,22,95,7.921396405,167,Good,0,2090,1322.873199635
Pineapple,23,95,12.55068787,319,Good,0,2185,4003.66943053
Orange,23,95,19.00030193,267,Bad,1,2185,5073.08061531
Banana,24,95,16.47502321,255,Bad,1,2280,4201.13091855
Orange,22,95,6.48823229,246,Good,0,2090,1596.10514334
Tomato,22,92,13.57421101,337,Good,0,2024,4574.509110370001
Banana,24,95,19.00030193,277,Bad,1,2280,5263.0836346099995
Orange,22,95,4.409591293,343,Good,0,2090,1512.489813499
Pineapple,25,95,10.58215896,284,Bad,1,2375,3005.33314464
Tomato,23,92,11.27059687,352,Good,0,2116,3967.25009824
Pineapple,22,94,12.48027818,337,Good,0,2068,4205.85374666
Banana,26,94,14.59144457,302,Good,0,2444,4406.61626014
Orange,21,94,8.214906999,376,Good,0,1974,3088.805031624
Tomato,23,88,7.404343951,291,Good,0,2024,2154.664089741
Orange,23,95,19.95991509,340,Bad,1,2185,6786.3711306
Tomato,23,88,7.22284254,283,Good,0,2024,2044.06443882
Orange,23,95,8.116146322,172,Good,0,2185,1395.977167384
Tomato,23,89,7.496378442,296,Good,0,2047,2218.928018832
Tomato,24,95,9.531728808,407,Good,0,2280,3879.4136248560003
Banana,25,89,20.06947764,301,Good,0,2225,6040.91276964
Orange,22,84,4.603308323,357,Good,0,1848,1643.3810713110001
Tomato,23,89,9.587732994,375,Good,0,2047,3595.3998727499998
Banana,25,89,20.29041491,389,Good,0,2225,7892.97139999
Tomato,23,93,11.79502342,356,Good,0,2139,4199.02833752
Pineapple,25,95,10.52137857,385,Bad,1,2375,4050.7307494499996
Orange,22,95,9.093199852,382,Good,0,2090,3473.6023434639997
Orange,22,95,7.044707922,298,Good,0,2090,2099.3229607559997
Orange,23,95,5.076997025,342,Good,0,2185,1736.33298255
Orange,23,95,14.91822038,248,Bad,1,2185,3699.71865424
Tomato,23,89,8.165410187,310,Good,0,2047,2531.27715797
Pineapple,25,95,10.52137857,451,Bad,1,2375,4745.141735069999
Tomato,24,95,16.20534945,339,Bad,1,2280,5493.61346355
Tomato,25,95,15.25176672,314,Bad,1,2375,4789.05475008
Orange,24,95,14.83589827,392,Bad,1,2280,5815.67212184
Orange,23,95,19.74258151,349,Bad,1,2185,6890.16094699
Tomato,25,95,15.42113219,383,Bad,1,2375,5906.2936287699995
Orange,24,95,15.76515749,255,Bad,1,2280,4020.11515995
Tomato,25,95,13.12676612,378,Bad,1,2375,4961.91759336
Tomato,26,87,7.825388265,406,Good,0,2262,3177.10763559
Orange,23,95,16.47502321,246,Bad,1,2185,4052.85570966
Orange,24,95,16.47502321,252,Bad,1,2280,4151.70584892
Pineapple,23,95,12.41021712,322,Good,0,2185,3996.08991264
Tomato,26,86,7.873279406,405,Good,0,2236,3188.67815943
Banana,24,86,13.80304952,348,Good,0,2064,4803.46123296
Orange,23,95,15.85228317,460,Bad,1,2185,7292.0502582
Orange,22,95,7.777721829,375,Good,0,2090,2916.645685875
Banana,26,82,12.90803823,404,Good,0,2132,5214.84744492
Orange,22,95,8.264637967,359,Good,0,2090,2967.005030153
Pineapple,25,95,11.33503171,321,Bad,1,2375,3638.5451789100002
Pineapple,24,95,13.80304952,323,Good,0,2280,4458.38499496
Orange,22,95,8.516848104,381,Good,0,2090,3244.919127624
Tomato,22,92,10.95309884,356,Good,0,2024,3899.3031870399996
Pineapple,25,95,14.35070581,406,Bad,1,2375,5826.386558859999
Banana,26,90,19.20950925,376,Good,0,2340,7222.775478
Pineapple,25,95,10.64323454,288,Bad,1,2375,3065.25154752
Orange,23,95,14.91822038,368,Bad,1,2185,5489.90509984
Orange,23,95,16.74896501,205,Bad,1,2185,3433.53782705
Tomato,26,89,7.177995872,401,Good,0,2314,2878.376344672
Pineapple,22,95,12.69256136,336,Good,0,2090,4264.70061696
Orange,22,95,12.34050263,220,Good,0,2090,2714.9105786
Orange,22,95,7.730278953,177,Good,0,2090,1368.259374681
Orange,22,95,8.671063387,176,Good,0,2090,1526.107156112
Tomato,24,95,13.95754575,383,Bad,1,2280,5345.74002225
Tomato,25,95,13.3488037,386,Bad,1,2375,5152.6382281999995
Orange,24,95,15.33623116,379,Bad,1,2280,5812.43160964
Banana,26,91,20.85352641,396,Good,0,2366,8257.99645836
Orange,24,95,16.84124175,206,Bad,1,2280,3469.2958004999996
Pineapple,25,95,10.16280412,439,Bad,1,2375,4461.4710086800005
Tomato,23,89,12.41021712,336,Good,0,2047,4169.83295232
Orange,24,95,16.29477154,377,Bad,1,2280,6143.12887058
Tomato,26,94,6.48823229,401,Good,0,2444,2601.78114829
Pineapple,25,95,9.531728808,439,Bad,1,2375,4184.428946712
Pineapple,25,95,11.01598084,311,Bad,1,2375,3425.97004124
Tomato,23,89,8.116146322,298,Good,0,2047,2418.611603956
Pineapple,22,82,12.69256136,333,Good,0,1804,4226.62293288
Banana,24,95,20.73965627,320,Good,0,2280,6636.6900064
Banana,25,95,16.29477154,271,Bad,1,2375,4415.88308734
Orange,23,95,8.827487661,194,Good,0,2185,1712.5326062339998
Tomato,22,93,12.69256136,358,Good,0,2046,4543.93696688
Orange,23,95,15.59225501,254,Bad,1,2185,3960.4327725400003
Tomato,24,95,14.59144457,404,Good,0,2280,5894.9436062800005
Orange,22,95,9.255689372,384,Good,0,2090,3554.1847188480006
Tomato,23,91,10.52137857,347,Good,0,2093,3650.91836379
Banana,26,95,21.43245642,398,Good,0,2470,8530.11765516
Orange,22,95,8.619414571,382,Good,0,2090,3292.616366122
Banana,26,89,18.48706888,380,Good,0,2314,7025.086174399999
Orange,23,95,16.65717174,243,Bad,1,2185,4047.69273282
Banana,26,90,18.89654455,377,Good,0,2340,7123.997295350001
Banana,25,89,15.76515749,320,Good,0,2225,5044.8503968
Banana,26,85,18.38606989,402,Good,0,2210,7391.200095780001
Pineapple,24,95,11.53023895,430,Bad,1,2280,4958.0027485
Banana,25,89,15.93986231,324,Good,0,2225,5164.515388440001
Pineapple,25,95,10.34079221,312,Bad,1,2375,3226.32716952
Tomato,23,91,13.27441976,339,Good,0,2093,4500.02829864
Pineapple,25,95,11.79502342,430,Bad,1,2375,5071.8600706
Tomato,26,87,7.589280351,405,Good,0,2262,3073.6585421550003
Tomato,25,93,6.655874013,405,Good,0,2325,2695.628975265
Tomato,24,95,12.98058343,365,Bad,1,2280,4737.91295195
Orange,23,95,5.147226326,357,Good,0,2185,1837.559798382
Orange,23,95,15.08413665,446,Bad,1,2185,6727.5249459
Pineapple,22,95,13.95754575,331,Good,0,2090,4619.94764325
Tomato,24,91,8.264637967,364,Good,0,2184,3008.328219988
Pineapple,25,95,10.89052217,455,Bad,1,2375,4955.18758735
Banana,26,94,15.16773612,308,Good,0,2444,4671.662724960001
Banana,25,89,19.63480231,375,Good,0,2225,7363.050866250001
Orange,23,95,4.938486566,351,Good,0,2185,1733.408784666
Banana,26,95,16.11639251,310,Good,0,2470,4996.0816781
Orange,23,95,7.873279406,164,Good,0,2185,1291.217822584
Tomato,24,95,9.531728808,399,Good,0,2280,3803.159794392
Banana,26,90,19.10462223,379,Good,0,2340,7240.65182517
Orange,22,95,8.722957641,384,Good,0,2090,3349.6157341440003
Tomato,25,95,7.730278953,202,Good,0,2375,1561.516348506
Orange,24,95,15.76515749,376,Bad,1,2280,5927.69921624
Orange,23,95,14.75399666,414,Bad,1,2185,6108.15461724
Pineapple,22,91,12.62144823,341,Good,0,2002,4303.91384643
Pineapple,24,95,14.35070581,350,Good,0,2280,5022.7470335
Banana,26,89,19.20950925,371,Good,0,2314,7126.72793175
Banana,26,88,18.89654455,375,Good,0,2288,7086.20420625
Pineapple,23,85,12.62144823,338,Good,0,1955,4266.04950174
Pineapple,25,95,11.53023895,320,Bad,1,2375,3689.6764639999997
Banana,24,95,10.22184745,111,Bad,1,2280,1134.62506695
Orange,22,95,8.568009903,371,Good,0,2090,3178.731674013
Tomato,25,95,7.730278953,161,Good,0,2375,1244.574911433
Tomato,23,90,12.76402932,319,Good,0,2070,4071.7253530800003
Pineapple,25,95,9.987371503,358,Bad,1,2375,3575.478998074
Orange,24,95,15.08413665,250,Bad,1,2280,3771.0341625
Orange,23,95,5.218112844,295,Good,0,2185,1539.3432889800001
Tomato,23,90,12.90803823,317,Good,0,2070,4091.8481189100003
Tomato,24,95,16.02789778,337,Bad,1,2280,5401.40155186
Tomato,23,91,10.89052217,352,Good,0,2093,3833.4638038400003
Tomato,24,76,15.59225501,454,Good,0,1824,7078.883774540001
Tomato,25,95,15.16773612,308,Bad,1,2375,4671.662724960001
Banana,26,95,17.02725828,313,Good,0,2470,5329.5318416400005
Tomato,25,95,12.62144823,303,Bad,1,2375,3824.2988136900003
Orange,23,95,14.83589827,405,Bad,1,2185,6008.53879935
Pineapple,25,95,11.72833871,352,Bad,1,2375,4128.37522592
Orange,22,95,6.826673276,265,Good,0,2090,1809.06841814
Tomato,25,95,12.98058343,369,Bad,1,2375,4789.835285669999
Tomato,24,91,8.264637967,371,Good,0,2184,3066.180685757
Tomato,25,95,15.33623116,376,Bad,1,2375,5766.422916160001
Banana,26,94,15.42113219,301,Good,0,2444,4641.76078919
Banana,26,91,19.63480231,389,Good,0,2366,7637.938098590001
Pineapple,22,82,12.34050263,333,Good,0,1804,4109.38737579
Orange,23,95,19.85095108,358,Bad,1,2185,7106.640486640001
Tomato,25,95,14.27127328,380,Bad,1,2375,5423.083846400001
Pineapple,24,95,11.72833871,431,Bad,1,2280,5054.91398401
Banana,24,86,13.65010619,342,Good,0,2064,4668.33631698
Banana,26,90,20.40179801,384,Good,0,2340,7834.29043584
Tomato,25,95,15.42113219,320,Bad,1,2375,4934.7623008
Orange,22,95,4.836285621,340,Good,0,2090,1644.33711114
Tomato,23,89,7.636059339,294,Good,0,2047,2245.001445666
Orange,22,95,4.938486566,333,Good,0,2090,1644.516026478
Tomato,23,89,12.62144823,350,Good,0,2047,4417.5068805
Banana,26,94,14.35070581,300,Good,0,2444,4305.211743
Tomato,25,95,14.35070581,372,Bad,1,2375,5338.46256132
Pineapple,22,95,13.49869706,326,Good,0,2090,4400.57524156
Banana,24,95,14.83589827,262,Bad,1,2280,3887.00534674
Pineapple,22,95,13.05349201,336,Good,0,2090,4385.97331536
Pineapple,22,89,12.90803823,347,Good,0,1958,4479.08926581
Orange,23,95,6.613669965,253,Good,0,2185,1673.2585011449999
Orange,22,95,9.093199852,390,Good,0,2090,3546.34794228
Pineapple,22,91,12.69256136,341,Good,0,2002,4328.16342376
Pineapple,23,83,12.69256136,337,Good,0,1909,4277.39317832
Pineapple,23,93,12.76402932,337,Good,0,2139,4301.477880840001
Orange,23,95,4.570643409,333,Good,0,2185,1522.0242551969998
Tomato,23,89,7.825388265,295,Good,0,2047,2308.489538175
Orange,23,95,8.516848104,164,Good,0,2185,1396.763089056
Pineapple,24,95,13.12676612,400,Bad,1,2280,5250.706448
Orange,22,95,6.283027997,287,Good,0,2090,1803.229035139
Orange,22,95,6.613669965,263,Good,0,2090,1739.395200795
Orange,23,95,19.63480231,341,Bad,1,2185,6695.467587710001
Pineapple,24,95,13.88010234,322,Good,0,2280,4469.39295348
Tomato,25,95,12.98058343,382,Bad,1,2375,4958.58287026
Tomato,26,91,7.000692513,404,Good,0,2366,2828.279775252
Orange,23,95,10.58215896,393,Good,0,2185,4158.78847128
Orange,23,95,15.00096563,404,Bad,1,2185,6060.39011452
Pineapple,25,95,10.95309884,311,Bad,1,2375,3406.41373924
Pineapple,22,95,12.90803823,336,Good,0,2090,4337.100845280001
Banana,26,90,19.85095108,378,Good,0,2340,7503.659508240001
Banana,26,94,14.1136139,309,Good,0,2444,4361.1066951
Orange,24,95,14.91822038,358,Bad,1,2280,5340.72289604
Tomato,26,85,8.214906999,416,Good,0,2210,3417.401311584
Pineapple,23,95,12.41021712,345,Good,0,2185,4281.5249064
Tomato,25,95,13.42356205,368,Bad,1,2375,4939.8708344
Tomato,24,95,16.56585884,369,Bad,1,2280,6112.80191196
Banana,25,90,19.63480231,305,Good,0,2250,5988.61470455
Tomato,22,92,9.700549236,355,Good,0,2024,3443.6949787800004
Pineapple,22,91,12.76402932,333,Good,0,2002,4250.42176356
Orange,22,95,11.72833871,222,Good,0,2090,2603.69119362
Pineapple,22,95,12.69256136,345,Good,0,2090,4378.9336692
Tomato,25,95,15.50647254,408,Bad,1,2375,6326.64079632
Tomato,23,93,11.92938136,349,Good,0,2139,4163.35409464
Orange,22,95,7.044707922,288,Good,0,2090,2028.875881536
Tomato,24,95,15.76515749,346,Bad,1,2280,5454.74449154
Orange,24,95,15.25176672,373,Bad,1,2280,5688.90898656
Banana,26,90,19.74258151,381,Good,0,2340,7521.923555310001
Tomato,24,95,13.49869706,381,Bad,1,2280,5143.00357986
Banana,26,94,13.65010619,305,Good,0,2444,4163.28238795
Pineapple,23,81,12.55068787,339,Good,0,1863,4254.683187930001
Pineapple,25,95,11.27059687,300,Bad,1,2375,3381.1790610000003
Orange,23,95,16.93400512,249,Bad,1,2185,4216.56727488
Pineapple,25,95,10.28117628,367,Bad,1,2375,3773.1916947600002
Tomato,24,95,12.76402932,307,Bad,1,2280,3918.5570012400003
Tomato,24,95,16.11639251,339,Bad,1,2280,5463.45706089
Tomato,22,92,11.07916988,359,Good,0,2024,3977.42198692
Banana,24,95,17.59724365,290,Bad,1,2280,5103.2006585
Banana,24,87,14.35070581,338,Good,0,2088,4850.53856378
Pineapple,22,95,13.49869706,329,Good,0,2090,4441.07133274
Tomato,23,91,8.364807255,365,Good,0,2093,3053.1546480750003
Banana,25,88,15.08413665,324,Good,0,2200,4887.2602746
Tomato,24,93,11.46485093,370,Good,0,2232,4241.994844100001
Tomato,22,90,12.90803823,322,Good,0,1980,4156.388310060001
Orange,23,95,6.446808067,246,Good,0,2185,1585.914784482
Pineapple,25,95,13.05349201,411,Bad,1,2375,5364.98521611
Tomato,25,95,13.05349201,377,Bad,1,2375,4921.16648777
Tomato,22,93,11.27059687,356,Good,0,2046,4012.33248572
Pineapple,22,95,12.76402932,331,Good,0,2090,4224.89370492
Tomato,25,95,12.69256136,300,Bad,1,2375,3807.768408
Tomato,25,93,6.48823229,405,Good,0,2325,2627.73407745
Orange,22,95,8.722957641,382,Good,0,2090,3332.1698188620003
Pineapple,25,95,11.53023895,408,Bad,1,2375,4704.337491599999
Tomato,22,92,10.76627794,360,Good,0,2024,3875.8600584
Orange,22,95,8.0671142,164,Good,0,2090,1323.0067288
Orange,22,95,6.446808067,340,Good,0,2090,2191.91474278
Orange,22,95,8.671063387,375,Good,0,2090,3251.6487701250003
Banana,26,90,20.96802921,395,Good,0,2340,8282.37153795
Tomato,22,94,12.13341843,347,Good,0,2068,4210.29619521
Orange,22,95,4.505770041,333,Good,0,2090,1500.421423653
Tomato,25,95,13.05349201,387,Bad,1,2375,5051.7014078699995
Tomato,24,90,12.34050263,331,Good,0,2160,4084.7063705299997
Tomato,23,92,10.16280412,359,Good,0,2116,3648.44667908
Orange,22,95,6.405576451,254,Good,0,2090,1627.016418554
Pineapple,25,95,10.64323454,450,Bad,1,2375,4789.455543
Tomato,23,87,6.405576451,286,Good,0,2001,1831.994864986
Banana,25,87,14.27127328,335,Good,0,2175,4780.8765488
Orange,23,95,20.17964285,354,Bad,1,2185,7143.5935689
Tomato,25,93,6.529850053,403,Good,0,2325,2631.529571359
Tomato,23,92,9.814452454,359,Good,0,2116,3523.388430986
Pineapple,22,95,12.41021712,326,Good,0,2090,4045.7307811200003
Tomato,23,90,12.98058343,331,Good,0,2070,4296.573115329999
Orange,22,95,6.783674055,327,Good,0,2090,2218.261415985
Orange,24,95,14.83589827,414,Bad,1,2280,6142.06188378
Pineapple,22,95,13.3488037,328,Good,0,2090,4378.407613599999
Tomato,24,95,11.79502342,280,Bad,1,2280,3302.6065576
Pineapple,25,95,11.46485093,290,Bad,1,2375,3324.8067697
Orange,24,95,18.58861217,259,Bad,1,2280,4814.45055203
Orange,22,95,8.165410187,375,Good,0,2090,3062.0288201250005
Tomato,24,88,10.40069682,242,Good,0,2112,2516.96863044
Orange,23,95,8.933015125,177,Good,0,2185,1581.143677125
Tomato,23,88,7.358649263,290,Good,0,2024,2134.00828627
Pineapple,24,95,14.03538213,308,Good,0,2280,4322.8976960400005
Banana,26,95,16.20534945,307,Good,0,2470,4975.04228115
Tomato,23,89,7.825388265,300,Good,0,2047,2347.6164795
Tomato,23,88,7.404343951,288,Good,0,2024,2132.451057888
Orange,22,95,6.698275399,234,Good,0,2090,1567.396443366
Tomato,24,95,16.11639251,344,Bad,1,2280,5544.03902344
Pineapple,23,95,12.55068787,336,Good,0,2185,4217.03112432
Orange,23,95,19.95991509,335,Bad,1,2185,6686.57155515
Banana,25,90,16.56585884,323,Good,0,2250,5350.77240532
Banana,24,95,18.48706888,255,Bad,1,2280,4714.2025644
Banana,26,94,14.19224347,303,Good,0,2444,4300.24977141
Pineapple,24,95,14.19224347,323,Good,0,2280,4584.09464081
Orange,23,95,6.323687334,257,Good,0,2185,1625.1876448379999
Pineapple,25,95,11.07916988,317,Bad,1,2375,3512.09685196
Banana,24,87,13.42356205,332,Good,0,2088,4456.6226006
Banana,24,89,15.50647254,316,Good,0,2136,4900.04532264
Pineapple,23,92,12.76402932,352,Good,0,2116,4492.93832064
Banana,24,89,16.29477154,320,Good,0,2136,5214.3268928
Banana,24,95,19.31496687,313,Bad,1,2280,6045.58463031
Orange,23,95,14.67251295,371,Bad,1,2185,5443.50230445
Pineapple,23,95,13.65010619,357,Good,0,2185,4873.08790983
Banana,25,87,14.03538213,333,Good,0,2175,4673.78224929
Orange,23,95,8.116146322,176,Good,0,2185,1428.4417526720001
Tomato,23,89,9.093199852,348,Good,0,2047,3164.4335484959997
Tomato,25,82,7.921396405,401,Good,0,2050,3176.479958405
Tomato,23,90,12.90803823,335,Good,0,2070,4324.19280705
Tomato,24,89,13.49869706,404,Good,0,2136,5453.47361224
Orange,24,95,16.02789778,409,Bad,1,2280,6555.41019202
Tomato,24,90,12.83585424,332,Good,0,2160,4261.50360768
Banana,26,94,16.74896501,309,Good,0,2444,5175.430188089999
Orange,22,95,7.873279406,327,Good,0,2090,2574.562365762
Tomato,25,95,16.38466179,363,Bad,1,2375,5947.63222977
Pineapple,24,95,14.19224347,333,Good,0,2280,4726.01707551
Banana,25,89,20.73965627,392,Good,0,2225,8129.9452578400005
Orange,23,95,14.91822038,402,Bad,1,2185,5997.124592759999
Banana,26,95,20.17964285,391,Good,0,2470,7890.24035435
Pineapple,22,80,12.55068787,342,Good,0,1760,4292.33525154
Orange,24,95,16.38466179,414,Bad,1,2280,6783.249981059999
Banana,25,90,20.17964285,297,Good,0,2250,5993.3539264500005
Orange,23,95,14.91822038,371,Bad,1,2185,5534.65976098
Pineapple,23,95,13.12676612,365,Good,0,2185,4791.2696338
Tomato,22,92,9.757364232,355,Good,0,2024,3463.8643023600002
Pineapple,25,95,11.53023895,340,Bad,1,2375,3920.281243
Banana,25,86,13.72638492,352,Good,0,2150,4831.68749184
Orange,22,95,7.496378442,297,Good,0,2090,2226.424397274
Pineapple,25,95,15.08413665,413,Bad,1,2375,6229.74843645
Orange,22,95,6.826673276,293,Good,0,2090,2000.215269868
Pineapple,22,95,12.90803823,324,Good,0,2090,4182.20438652
Orange,23,95,6.202275223,239,Good,0,2185,1482.343778297
Tomato,25,95,15.25176672,311,Bad,1,2375,4743.29944992
Pineapple,22,92,12.69256136,336,Good,0,2024,4264.70061696
Banana,26,90,19.31496687,395,Good,0,2340,7629.411913649999
Pineapple,25,95,15.00096563,403,Bad,1,2375,6045.38914889
Orange,22,95,6.783674055,263,Good,0,2090,1784.1062764649998
Tomato,23,92,10.46089174,363,Good,0,2116,3797.3037016199996
Tomato,23,89,7.969740423,288,Good,0,2047,2295.285241824
Orange,23,95,20.17964285,340,Bad,1,2185,6861.078569
Tomato,26,84,8.116146322,409,Good,0,2184,3319.503845698
Pineapple,22,95,13.42356205,154,Good,0,2090,2067.2285557
Tomato,22,92,13.57421101,323,Good,0,2024,4384.470156230001
Pineapple,24,95,14.27127328,308,Good,0,2280,4395.55217024
Tomato,24,94,11.59594835,378,Good,0,2256,4383.2684763
Pineapple,22,95,13.42356205,325,Good,0,2090,4362.65766625
Tomato,24,95,11.99705843,378,Good,0,2280,4534.88808654
Tomato,22,93,12.34050263,353,Good,0,2046,4356.19742839
Tomato,25,92,6.48823229,412,Good,0,2300,2673.15170348
Orange,22,95,6.956882353,291,Good,0,2090,2024.452764723
Orange,22,95,7.496378442,362,Good,0,2090,2713.6889960040003
Pineapple,22,95,13.72638492,339,Good,0,2090,4653.24448788
Tomato,25,95,7.636059339,193,Good,0,2375,1473.759452427
Tomato,25,95,16.29477154,316,Bad,1,2375,5149.1478066399995
Tomato,23,90,12.62144823,332,Good,0,2070,4190.32081236
Orange,23,95,15.00096563,388,Bad,1,2185,5820.37466444
Orange,23,95,5.112029894,352,Good,0,2185,1799.434522688
Tomato,23,89,8.671063387,314,Good,0,2047,2722.7139035180003
Orange,22,95,5.848049252,257,Good,0,2090,1502.948657764
Banana,24,95,18.08630257,252,Bad,1,2280,4557.74824764
Pineapple,25,95,10.58215896,449,Bad,1,2375,4751.38937304
Orange,23,95,19.74258151,343,Bad,1,2185,6771.70545793
Tomato,23,91,13.42356205,325,Good,0,2093,4362.65766625
Orange,22,95,4.938486566,359,Good,0,2090,1772.916677194
Tomato,24,95,16.47502321,372,Bad,1,2280,6128.70863412
Orange,23,95,20.17964285,349,Bad,1,2185,7042.69535465
Banana,24,95,15.16773612,247,Bad,1,2280,3746.43082164
Tomato,22,93,11.72833871,353,Good,0,2046,4140.10356463
Banana,25,95,14.83589827,266,Bad,1,2375,3946.34893982
Tomato,23,88,8.116146322,292,Good,0,2024,2369.914726024
Tomato,24,90,8.018312629,291,Good,0,2160,2333.328975039
Orange,24,95,17.30998858,218,Bad,1,2280,3773.57751044
Banana,24,95,13.65010619,259,Bad,1,2280,3535.37750321
Tomato,24,88,10.76627794,240,Good,0,2112,2583.9067056
Orange,23,95,9.700549236,385,Good,0,2185,3734.71145586
Tomato,23,88,8.018312629,293,Good,0,2024,2349.365600297
Tomato,23,92,9.757364232,353,Good,0,2116,3444.349573896
Orange,24,95,15.42113219,375,Bad,1,2280,5782.92457125
Orange,24,95,14.83589827,450,Bad,1,2280,6676.1542215
Tomato,25,95,14.91822038,383,Bad,1,2375,5713.678405539999
Orange,24,95,18.89654455,267,Bad,1,2280,5045.37739485
Pineapple,22,95,12.76402932,333,Good,0,2090,4250.42176356
Banana,26,95,17.59724365,319,Good,0,2470,5613.52072435
Pineapple,23,95,12.27113269,321,Good,0,2185,3939.03359349
Pineapple,25,95,12.27113269,410,Bad,1,2375,5031.1644029
Tomato,26,72,9.310371154,384,Good,0,1872,3575.182523136
Orange,23,95,16.56585884,245,Bad,1,2185,4058.6354158000004
Tomato,26,89,7.044707922,421,Good,0,2314,2965.822035162
Orange,22,95,8.31460431,178,Good,0,2090,1479.99956718
Banana,24,95,16.74896501,251,Bad,1,2280,4203.99021751
Tomato,24,95,13.20040797,303,Bad,1,2280,3999.7236149100004
Pineapple,23,95,12.69256136,345,Good,0,2185,4378.9336692
Orange,22,95,7.000692513,293,Good,0,2090,2051.202906309
Orange,23,83,4.441500903,327,Good,0,1909,1452.3707952809998
Tomato,22,90,13.05349201,334,Good,0,1980,4359.86633134
Tomato,25,95,12.76402932,372,Bad,1,2375,4748.21890704
Orange,22,95,6.405576451,245,Good,0,2090,1569.366230495
Tomato,24,89,8.116146322,290,Good,0,2136,2353.68243338
Pineapple,25,95,11.07916988,411,Bad,1,2375,4553.53882068
Orange,22,94,8.165410187,379,Good,0,2068,3094.690460873
Tomato,24,95,16.02789778,340,Bad,1,2280,5449.4852452
Pineapple,23,95,12.27113269,329,Good,0,2185,4037.20265501
Orange,23,95,15.08413665,364,Bad,1,2185,5490.6257405999995
Tomato,25,95,13.72638492,376,Bad,1,2375,5161.12072992
Tomato,23,91,9.757364232,355,Good,0,2093,3463.8643023600002
Pineapple,25,95,9.700549236,262,Bad,1,2375,2541.543899832
Tomato,26,91,7.044707922,402,Good,0,2366,2831.972584644
Tomato,24,95,14.51078894,400,Good,0,2280,5804.315576
Orange,22,95,9.310371154,387,Good,0,2090,3603.113636598
Pineapple,24,95,11.33503171,324,Bad,1,2280,3672.55027404
Tomato,24,89,8.116146322,320,Good,0,2136,2597.16682304
Orange,23,95,4.938486566,341,Good,0,2185,1684.023919006
Orange,24,95,15.59225501,378,Bad,1,2280,5893.8723937800005
Orange,24,95,16.56585884,386,Bad,1,2280,6394.42151224
Tomato,25,93,6.323687334,400,Good,0,2325,2529.4749336
Tomato,23,89,12.69256136,342,Good,0,2047,4340.85598512
Orange,22,95,9.147105109,185,Good,0,2090,1692.214445165
Orange,22,95,4.636126276,346,Good,0,2090,1604.0996914959999
Orange,24,95,15.25176672,248,Bad,1,2280,3782.4381465600004
Banana,26,82,13.12676612,407,Good,0,2132,5342.59381084
Tomato,25,95,13.49869706,378,Bad,1,2375,5102.50748868
Tomato,23,90,13.12676612,320,Good,0,2070,4200.5651584
Tomato,25,95,13.88010234,387,Bad,1,2375,5371.599605580001
Banana,26,91,20.06947764,293,Good,0,2366,5880.35694852
Tomato,22,92,13.65010619,333,Good,0,2024,4545.48536127
Tomato,25,95,7.730278953,214,Good,0,2375,1654.279695942
Tomato,24,95,16.56585884,344,Bad,1,2280,5698.65544096
Orange,23,95,5.582615631,252,Good,0,2185,1406.819139012
Tomato,23,95,14.43054353,306,Bad,1,2185,4415.74632018
Pineapple,22,95,12.83585424,323,Good,0,2090,4145.98091952
Tomato,23,91,8.165410187,368,Good,0,2093,3004.8709488160002
Tomato,22,93,12.76402932,356,Good,0,2046,4543.994437920001
Tomato,23,91,10.64323454,345,Good,0,2093,3671.9159163
Tomato,24,89,13.3488037,394,Good,0,2136,5259.4286578
Pineapple,25,95,11.53023895,410,Bad,1,2375,4727.3979695
Banana,25,87,13.72638492,337,Good,0,2175,4625.79171804
Orange,24,95,14.75399666,370,Bad,1,2280,5458.9787642
Orange,22,95,4.904260592,358,Good,0,2090,1755.725291936
Orange,22,95,9.8718154,194,Good,0,2090,1915.1321875999997
Tomato,22,93,11.27059687,358,Good,0,2046,4034.87367946
Tomato,23,89,9.587732994,366,Good,0,2047,3509.1102758039997
Orange,23,95,14.91822038,417,Bad,1,2185,6220.89789846
Pineapple,22,95,13.57421101,340,Good,0,2090,4615.231743400001
Tomato,24,89,13.05349201,413,Good,0,2136,5391.09220013
Tomato,24,95,12.98058343,370,Bad,1,2280,4802.8158691
Banana,24,95,19.00030193,273,Bad,1,2280,5187.08242689
Orange,21,94,9.255689372,386,Good,0,1974,3572.696097592
Orange,23,95,19.74258151,323,Bad,1,2185,6376.85382773
Pineapple,25,95,11.14266773,321,Bad,1,2375,3576.79634133
Orange,22,95,4.938486566,353,Good,0,2090,1743.285757798
Pineapple,25,95,11.99705843,419,Bad,1,2375,5026.767482169999
Pineapple,23,95,12.76402932,337,Good,0,2185,4301.477880840001
Tomato,23,91,8.31460431,37,Good,0,2093,307.64035947
Tomato,24,95,11.92938136,290,Bad,1,2280,3459.5205944000004
Pineapple,25,95,11.39978246,433,Bad,1,2375,4936.10580518
Tomato,24,76,18.38606989,467,Good,0,1824,8586.294638630001
Orange,24,95,16.11639251,251,Bad,1,2280,4045.2145200100003
Banana,25,90,20.06947764,302,Good,0,2250,6060.98224728
Orange,23,95,15.08413665,246,Bad,1,2185,3710.6976159
Tomato,25,95,13.05349201,383,Bad,1,2375,4999.48743983
Pineapple,25,95,10.10404473,271,Bad,1,2375,2738.19612183
Orange,22,95,7.450253315,348,Good,0,2090,2592.6881536200003
Tomato,25,95,13.05349201,379,Bad,1,2375,4947.273471789999
Tomato,23,89,8.264637967,308,Good,0,2047,2545.508493836
Tomato,23,90,12.27113269,325,Good,0,2070,3988.11812425
Orange,22,95,4.505770041,344,Good,0,2090,1549.984894104
Orange,22,95,8.364807255,178,Good,0,2090,1488.93569139
Orange,22,95,8.516848104,184,Good,0,2090,1567.1000511359998
Tomato,23,92,9.814452454,352,Good,0,2116,3454.687263808
Orange,24,95,15.42113219,394,Bad,1,2280,6075.92608286
Tomato,24,95,12.06507013,366,Good,0,2280,4415.81566758
Pineapple,25,95,14.35070581,403,Bad,1,2375,5783.33444143
Orange,23,95,15.25176672,389,Bad,1,2185,5932.9372540800005
Orange,23,95,8.0671142,174,Good,0,2185,1403.6778708000002
Orange,23,95,4.636126276,335,Good,0,2185,1553.10230246
Pineapple,25,95,11.14266773,312,Bad,1,2375,3476.51233176
Orange,23,95,16.65717174,259,Bad,1,2185,4314.207480659999
Orange,23,95,20.06947764,337,Bad,1,2185,6763.4139646799995
Banana,24,87,13.80304952,336,Good,0,2088,4637.82463872
Orange,23,95,15.08413665,399,Bad,1,2185,6018.57052335
Tomato,26,95,6.446808067,388,Good,0,2470,2501.361529996
Pineapple,23,87,12.76402932,348,Good,0,2001,4441.88220336
Pineapple,25,95,11.46485093,463,Bad,1,2375,5308.22598059
Pineapple,25,95,12.48027818,436,Bad,1,2375,5441.401286480001
Tomato,23,91,13.49869706,326,Good,0,2093,4400.57524156
Pineapple,22,83,12.62144823,335,Good,0,1826,4228.18515705
Orange,23,95,15.25176672,385,Bad,1,2185,5871.930187200001
Orange,23,95,4.836285621,290,Good,0,2185,1402.52283009
Pineapple,22,84,12.48027818,335,Good,0,1848,4180.8931903
Tomato,25,95,13.65010619,383,Bad,1,2375,5227.99067077
Tomato,25,95,13.20040797,383,Bad,1,2375,5055.75625251
Banana,24,95,19.20950925,311,Bad,1,2280,5974.15737675
Pineapple,22,92,12.69256136,322,Good,0,2024,4087.0047579199995
Orange,23,95,17.98744479,353,Bad,1,2185,6349.568010870001
Banana,24,95,12.62144823,254,Bad,1,2280,3205.84785042
Pineapple,23,95,12.27113269,335,Good,0,2185,4110.82945115
Orange,23,95,15.59225501,459,Bad,1,2185,7156.845049590001
Orange,23,95,14.75399666,368,Bad,1,2185,5429.47077088
Tomato,22,92,10.04556771,351,Good,0,2024,3525.99426621
Tomato,23,88,7.177995872,284,Good,0,2024,2038.550827648
Banana,25,80,18.58861217,388,Good,0,2000,7212.38152196
Pineapple,25,95,10.82824911,448,Bad,1,2375,4851.05560128
Pineapple,24,95,11.99705843,407,Bad,1,2280,4882.802781009999
Pineapple,23,95,12.27113269,325,Good,0,2185,3988.11812425
Orange,23,95,19.63480231,337,Bad,1,2185,6616.92837847
Tomato,26,92,6.613669965,396,Good,0,2392,2619.0133061399997
Tomato,25,95,12.83585424,375,Bad,1,2375,4813.44534
Orange,22,95,7.450253315,339,Good,0,2090,2525.635873785
Tomato,24,89,13.72638492,399,Good,0,2136,5476.827583079999
Tomato,23,95,14.75399666,321,Bad,1,2185,4736.03292786
Tomato,24,95,11.33503171,281,Bad,1,2280,3185.1439105100003
Orange,22,95,8.671063387,169,Good,0,2090,1465.409712403
Pineapple,25,95,11.53023895,431,Bad,1,2375,4969.532987449999
Orange,23,95,14.83589827,248,Bad,1,2185,3679.30277096
Pineapple,25,95,11.53023895,435,Bad,1,2375,5015.653943249999
Orange,24,95,15.16773612,365,Bad,1,2280,5536.2236838
Banana,24,95,19.10462223,309,Bad,1,2280,5903.32826907
Tomato,22,93,14.03538213,328,Good,0,2046,4603.60533864
Orange,22,95,8.165410187,176,Good,0,2090,1437.1121929120002
Orange,23,95,14.75399666,447,Bad,1,2185,6595.0365070200005
Pineapple,25,95,10.58215896,363,Bad,1,2375,3841.3237024799996
Banana,25,87,14.51078894,328,Good,0,2175,4759.53877232
Tomato,22,93,12.20210529,355,Good,0,2046,4331.747377950001
Tomato,22,94,12.41021712,349,Good,0,2068,4331.16577488
Orange,23,95,14.75399666,399,Bad,1,2185,5886.84466734
Orange,23,95,4.47356027,354,Good,0,2185,1583.64033558
Orange,22,95,4.636126276,337,Good,0,2090,1562.374555012
Tomato,23,91,9.365314571,362,Good,0,2093,3390.243874702
Orange,23,95,4.47356027,311,Good,0,2185,1391.27724397
Orange,22,95,8.827487661,381,Good,0,2090,3363.2727988409997
Tomato,26,93,6.529850053,390,Good,0,2418,2546.64152067
Pineapple,25,95,11.33503171,294,Bad,1,2375,3332.4993227400005
Tomato,25,95,15.59225501,308,Bad,1,2375,4802.41454308
Orange,22,95,10.04556771,198,Good,0,2090,1989.02240658
Pineapple,25,95,12.06507013,410,Bad,1,2375,4946.678753300001
Pineapple,25,95,9.814452454,305,Bad,1,2375,2993.4079984699997
Tomato,26,91,6.698275399,401,Good,0,2366,2686.0084349989997
Banana,24,95,14.59144457,248,Bad,1,2280,3618.67825336
Pineapple,24,95,14.19224347,351,Good,0,2280,4981.47745797
Orange,22,95,4.538130868,338,Good,0,2090,1533.888233384
Banana,24,95,12.69256136,248,Bad,1,2280,3147.7552172799997
Tomato,24,95,14.43054353,314,Bad,1,2280,4531.19066842
Tomato,23,91,10.58215896,198,Good,0,2093,2095.26747408
Tomato,24,95,13.12676612,381,Bad,1,2280,5001.29789172
Orange,22,95,8.465927903,172,Good,0,2090,1456.1395993160002
Orange,24,95,15.25176672,449,Bad,1,2280,6848.04325728
Orange,24,95,17.79130513,267,Bad,1,2280,4750.2784697100005
Tomato,25,95,15.16773612,313,Bad,1,2375,4747.50140556
Pineapple,25,95,11.99705843,413,Bad,1,2375,4954.78513159
Tomato,23,89,7.921396405,296,Good,0,2047,2344.73333588
Orange,24,95,14.75399666,420,Bad,1,2280,6196.6785972
Orange,22,95,8.0671142,376,Good,0,2090,3033.2349392
Orange,24,95,16.47502321,202,Bad,1,2280,3327.95468842
Tomato,23,89,12.48027818,339,Good,0,2047,4230.81430302
Banana,24,86,13.3488037,351,Good,0,2064,4685.4300987
Tomato,24,95,16.20534945,347,Bad,1,2280,5623.25625915
Pineapple,24,95,12.62144823,409,Bad,1,2280,5162.17232607
Orange,24,95,15.59225501,398,Bad,1,2280,6205.717493980001
Pineapple,24,95,13.95754575,309,Good,0,2280,4312.881636749999
Banana,26,94,15.25176672,302,Good,0,2444,4606.033549440001
Pineapple,25,95,12.76402932,410,Bad,1,2375,5233.2520212
Tomato,26,80,8.165410187,415,Good,0,2080,3388.6452276050004
Pineapple,23,95,12.34050263,313,Good,0,2185,3862.57732319
Banana,25,89,19.95991509,299,Good,0,2225,5968.01461191
Pineapple,25,95,14.03538213,405,Bad,1,2375,5684.32976265
Orange,23,95,15.16773612,220,Bad,1,2185,3336.9019464000003
Pineapple,24,95,14.1136139,332,Good,0,2280,4685.719814800001
Pineapple,22,90,12.41021712,340,Good,0,1980,4219.4738208
Orange,24,95,15.08413665,409,Bad,1,2280,6169.41188985
Orange,22,95,8.415248038,177,Good,0,2090,1489.4989027259999
Pineapple,25,95,9.987371503,339,Bad,1,2375,3385.7189395170003
Orange,24,95,14.67251295,384,Bad,1,2280,5634.2449728
Tomato,23,89,12.83585424,314,Good,0,2047,4030.45823136
Tomato,24,92,11.01598084,361,Good,0,2208,3976.76908324
Tomato,26,93,6.655874013,392,Good,0,2418,2609.102613096
Tomato,25,95,14.91822038,378,Bad,1,2375,5639.08730364
Orange,22,95,4.836285621,347,Good,0,2090,1678.191110487
Orange,22,95,8.619414571,170,Good,0,2090,1465.30047707
Orange,22,95,8.415248038,183,Good,0,2090,1539.9903909539998
Orange,22,95,8.116146322,377,Good,0,2090,3059.7871633940003
Banana,24,95,13.3488037,256,Bad,1,2280,3417.2937472
Orange,23,95,14.83589827,390,Bad,1,2185,5786.0003252999995
Orange,22,95,5.809598838,266,Good,0,2090,1545.3532909080002
Pineapple,24,95,13.88010234,317,Good,0,2280,4399.99244178
Tomato,23,88,7.313168177,291,Good,0,2024,2128.131939507
Orange,22,81,5.076997025,355,Good,0,1782,1802.333943875
Banana,26,95,14.03538213,304,Good,0,2470,4266.75616752
Tomato,23,87,6.613669965,287,Good,0,2001,1898.1232799549998
Orange,23,95,13.27441976,385,Good,0,2185,5110.651607600001
Tomato,23,89,8.671063387,310,Good,0,2047,2688.0296499700003
Orange,24,95,19.10462223,268,Bad,1,2280,5120.03875764
Tomato,24,95,11.46485093,281,Bad,1,2280,3221.62311133
Tomato,22,93,12.06507013,349,Good,0,2046,4210.70947537
Banana,24,95,18.58861217,254,Bad,1,2280,4721.50749118
Banana,24,95,20.62641439,320,Good,0,2280,6600.452604800001
Tomato,22,92,9.700549236,354,Good,0,2024,3433.994429544
Orange,23,95,14.59144457,378,Bad,1,2185,5515.56604746
Pineapple,23,81,12.62144823,333,Good,0,1863,4202.94226059
Banana,25,87,14.43054353,339,Good,0,2175,4891.95425667
Pineapple,25,95,4.870193845,406,Bad,1,2375,1977.29870107
Orange,22,95,8.116146322,173,Good,0,2090,1404.0933137060001
Pineapple,25,95,11.20647613,292,Bad,1,2375,3272.2910299600003
Banana,26,90,20.40179801,376,Good,0,2340,7671.07605176
Tomato,25,95,15.33623116,384,Bad,1,2375,5889.112765440001
Orange,23,95,15.00096563,379,Bad,1,2185,5685.36597377
Pineapple,23,95,12.41021712,336,Good,0,2185,4169.83295232
Tomato,25,95,13.65010619,387,Bad,1,2375,5282.5910955300005
Orange,22,95,7.589280351,301,Good,0,2090,2284.3733856510003
Orange,23,95,4.904260592,343,Good,0,2185,1682.161383056
Banana,26,95,17.21524677,315,Good,0,2470,5422.80273255
Banana,25,89,15.50647254,324,Good,0,2225,5024.0971029600005
Orange,23,95,14.67251295,403,Bad,1,2185,5913.02271885
Banana,24,93,18.69070341,319,Good,0,2232,5962.334387790001
Pineapple,23,95,12.76402932,352,Good,0,2185,4492.93832064
Tomato,22,92,10.04556771,354,Good,0,2024,3556.13096934
Orange,23,95,19.95991509,334,Bad,1,2185,6666.611640059999
Banana,26,94,15.50647254,301,Good,0,2444,4667.44823454
Orange,23,95,4.836285621,288,Good,0,2185,1392.850258848
Banana,26,93,14.67251295,301,Good,0,2418,4416.42639795
Orange,23,95,10.52137857,389,Good,0,2185,4092.8162637299997
Banana,25,87,13.88010234,325,Good,0,2175,4511.0332605
Banana,26,93,14.35070581,303,Good,0,2418,4348.26386043
Orange,23,95,9.475991969,183,Good,0,2185,1734.1065303270002
Tomato,25,95,14.75399666,388,Bad,1,2375,5724.55070408
Tomato,23,87,6.364536513,291,Good,0,2001,1852.080125283
Orange,23,95,4.904260592,347,Good,0,2185,1701.778425424
Orange,22,95,7.267899623,290,Good,0,2090,2107.69089067
Tomato,24,95,12.62144823,302,Bad,1,2280,3811.67736546
Banana,25,86,12.55068787,349,Good,0,2150,4380.190066630001
Banana,26,90,19.63480231,385,Good,0,2340,7559.398889350001
Tomato,26,94,6.48823229,406,Good,0,2444,2634.22230974
Tomato,22,90,12.83585424,336,Good,0,1980,4312.84702464
Orange,22,95,7.044707922,291,Good,0,2090,2050.010005302
Pineapple,25,95,10.95309884,415,Bad,1,2375,4545.5360186
Orange,23,95,8.465927903,167,Good,0,2185,1413.809959801
Orange,22,95,6.613669965,260,Good,0,2090,1719.5541908999999
Tomato,24,95,14.75399666,319,Bad,1,2280,4706.52493454
Banana,26,95,16.93400512,307,Good,0,2470,5198.739571839999
Banana,26,90,18.7933463,379,Good,0,2340,7122.6782477
Orange,23,95,19.95991509,366,Bad,1,2185,7305.32892294
Tomato,22,93,11.92938136,356,Good,0,2046,4246.85976416
Tomato,23,90,12.76402932,326,Good,0,2070,4161.07355832
Pineapple,23,95,12.76402932,347,Good,0,2185,4429.11817404
Tomato,23,92,9.757364232,352,Good,0,2116,3434.592209664
Tomato,23,89,12.48027818,355,Good,0,2047,4430.4987539
Tomato,23,89,8.264637967,353,Good,0,2047,2917.417202351
Orange,22,95,6.698275399,258,Good,0,2090,1728.1550529419999
Orange,22,95,6.613669965,252,Good,0,2090,1666.64483118
Tomato,24,95,14.51078894,311,Bad,1,2280,4512.85536034
Tomato,22,92,9.644005982,350,Good,0,2024,3375.4020937
Orange,24,95,20.29041491,273,Bad,1,2280,5539.28327043
Tomato,24,89,13.65010619,405,Good,0,2136,5528.29300695
Orange,24,95,14.67251295,368,Bad,1,2280,5399.4847656
Orange,22,95,8.933015125,173,Good,0,2090,1545.411616625
Orange,21,94,9.093199852,393,Good,0,1974,3573.627541836
Orange,23,95,20.06947764,339,Bad,1,2185,6803.55291996
Pineapple,25,95,9.929454577,351,Bad,1,2375,3485.2385565269997
Banana,24,95,13.05349201,249,Bad,1,2280,3250.3195104899996
Tomato,24,95,11.14266773,339,Good,0,2280,3777.3643604699996
Orange,23,95,20.17964285,332,Bad,1,2185,6699.6414262
Orange,23,95,15.67848238,461,Bad,1,2185,7227.78037718
Tomato,24,95,16.74896501,365,Bad,1,2280,6113.37222865
Banana,25,88,19.52760946,392,Good,0,2200,7654.82290832
Tomato,23,90,13.27441976,335,Good,0,2070,4446.9306196
Banana,25,89,18.58861217,396,Good,0,2225,7361.09041932
Orange,23,95,16.47502321,242,Bad,1,2185,3986.95561682
Tomato,25,95,14.83589827,370,Bad,1,2375,5489.282359899999
Orange,23,95,8.31460431,175,Good,0,2185,1455.05575425
Orange,22,95,9.700549236,189,Good,0,2090,1833.4038056040001
Banana,26,94,14.43054353,301,Good,0,2444,4343.59360253
Banana,25,89,19.85095108,303,Good,0,2225,6014.838177240001
Banana,25,88,15.42113219,314,Good,0,2200,4842.23550766
Tomato,23,90,13.12676612,338,Good,0,2070,4436.84694856
Pineapple,25,95,11.14266773,289,Bad,1,2375,3220.23097397
Pineapple,25,95,10.58215896,383,Bad,1,2375,4052.96688168
Tomato,22,92,10.76627794,353,Good,0,2024,3800.4961128200002
Pineapple,22,92,12.62144823,330,Good,0,2024,4165.0779159
Pineapple,22,95,12.76402932,319,Good,0,2090,4071.7253530800003
Tomato,23,93,13.80304952,323,Good,0,2139,4458.38499496
Tomato,23,95,14.75399666,312,Bad,1,2185,4603.24695792
Pineapple,25,95,10.40069682,378,Bad,1,2375,3931.4633979600003
Tomato,23,88,6.783674055,289,Good,0,2024,1960.481801895
Pineapple,23,88,12.76402932,333,Good,0,2024,4250.42176356
Pineapple,24,95,10.76627794,435,Bad,1,2280,4683.3309039000005
Orange,22,95,8.671063387,376,Good,0,2090,3260.319833512
Orange,24,95,14.75399666,371,Bad,1,2280,5473.73276086
Orange,23,95,7.542720421,298,Good,0,2185,2247.730685458
Banana,24,90,16.38466179,320,Good,0,2160,5243.0917727999995
Pineapple,25,95,11.79502342,437,Bad,1,2375,5154.42523454
Orange,22,95,7.450253315,364,Good,0,2090,2711.8922066600003
Orange,23,95,4.570643409,331,Good,0,2185,1512.882968379
Tomato,22,93,13.57421101,347,Good,0,2046,4710.251220470001
Banana,25,89,19.95991509,384,Good,0,2225,7664.60739456
Orange,24,95,19.52760946,272,Bad,1,2280,5311.50977312
Pineapple,25,95,9.814452454,330,Bad,1,2375,3238.7693098199998
Orange,23,95,14.67251295,387,Bad,1,2185,5678.26251165
Pineapple,24,95,14.03538213,304,Good,0,2280,4266.75616752
Tomato,23,92,10.89052217,357,Good,0,2116,3887.9164146900002
Tomato,25,95,15.76515749,310,Bad,1,2375,4887.1988219
Orange,22,95,8.31460431,370,Good,0,2090,3076.4035947
Tomato,23,87,6.202275223,287,Good,0,2001,1780.052989001
Tomato,25,95,12.98058343,375,Bad,1,2375,4867.7187862499995
Orange,23,95,15.93986231,251,Bad,1,2185,4000.90543981
Orange,24,95,18.7933463,258,Bad,1,2280,4848.6833454
Banana,25,86,18.69070341,390,Good,0,2150,7289.374329900001
Tomato,23,89,7.358649263,289,Good,0,2047,2126.649637007
Pineapple,23,95,12.83585424,354,Good,0,2185,4543.89240096
Pineapple,23,95,12.13341843,324,Good,0,2185,3931.22757132
Orange,22,95,5.925488904,264,Good,0,2090,1564.3290706559999
Tomato,23,89,8.722957641,318,Good,0,2047,2773.9005298380002
Banana,25,86,14.1136139,341,Good,0,2150,4812.7423399
Orange,22,95,4.538130868,346,Good,0,2090,1570.193280328
Tomato,24,89,13.49869706,408,Good,0,2136,5507.46840048
Banana,26,90,20.17964285,393,Good,0,2340,7930.59964005
Banana,25,87,13.95754575,341,Good,0,2175,4759.52310075
Banana,25,90,16.20534945,312,Good,0,2250,5056.0690284
Tomato,22,92,10.82824911,351,Good,0,2024,3800.7154376099998
Pineapple,25,95,10.52137857,387,Bad,1,2375,4071.7735065899997
Banana,26,95,14.1136139,309,Good,0,2470,4361.1066951
Tomato,24,90,12.90803823,332,Good,0,2160,4285.46869236
Pineapple,23,95,12.34050263,332,Good,0,2185,4097.046873159999
Pineapple,25,95,10.46089174,450,Bad,1,2375,4707.401282999999
Orange,22,95,6.283027997,249,Good,0,2090,1564.473971253
Pineapple,22,93,12.69256136,334,Good,0,2046,4239.31549424
Tomato,24,82,7.542720421,390,Good,0,1968,2941.66096419
Orange,24,95,15.67848238,402,Bad,1,2280,6302.74991676
Pineapple,25,95,11.92938136,409,Bad,1,2375,4879.11697624
Pineapple,25,95,10.70460698,305,Bad,1,2375,3264.9051289
Tomato,24,93,10.95309884,381,Good,0,2232,4173.13065804
Pineapple,22,95,12.83585424,317,Good,0,2090,4068.96579408
Orange,24,95,19.52760946,224,Bad,1,2280,4374.18451904
Pineapple,25,95,11.07916988,414,Bad,1,2375,4586.77633032
Orange,22,95,8.214906999,173,Good,0,2090,1421.178910827
Orange,22,95,6.613669965,282,Good,0,2090,1865.05493013
Orange,23,95,5.809598838,261,Good,0,2185,1516.3052967180001
Orange,22,95,8.364807255,381,Good,0,2090,3186.991564155
Tomato,23,91,10.64323454,351,Good,0,2093,3735.77532354
Orange,23,95,14.59144457,388,Bad,1,2185,5661.48049316
Tomato,23,92,13.57421101,326,Good,0,2116,4425.192789260001
Banana,24,86,12.41021712,339,Good,0,2064,4207.063603680001
Orange,24,95,14.51078894,388,Bad,1,2280,5630.1861087199995
Tomato,25,95,13.27441976,374,Bad,1,2375,4964.63299024
Banana,26,93,14.35070581,300,Good,0,2418,4305.211743
Tomato,25,95,16.11639251,308,Bad,1,2375,4963.84889308
Orange,22,95,6.364536513,254,Good,0,2090,1616.592274302
Orange,23,95,17.30998858,397,Bad,1,2185,6872.06546626
Tomato,23,92,13.57421101,332,Good,0,2116,4506.638055320001
Pineapple,24,95,11.66198098,437,Bad,1,2280,5096.28568826
Banana,24,95,17.21524677,250,Bad,1,2280,4303.8116925
Tomato,25,95,14.75399666,377,Bad,1,2375,5562.25674082
Orange,23,95,4.47356027,334,Good,0,2185,1494.1691301800001
Tomato,23,89,12.62144823,349,Good,0,2047,4404.88543227
Tomato,24,89,12.69256136,402,Good,0,2136,5102.409666719999
Tomato,23,94,11.33503171,389,Good,0,2162,4409.327335190001
Tomato,24,88,10.40069682,246,Good,0,2112,2558.57141772
Orange,22,95,7.969740423,171,Good,0,2090,1362.825612333
Pineapple,25,95,9.8718154,330,Bad,1,2375,3257.6990819999996
Tomato,24,82,8.31460431,395,Good,0,1968,3284.26870245
Orange,24,95,15.16773612,360,Bad,1,2280,5460.3850032
Orange,22,95,4.570643409,343,Good,0,2090,1567.730689287
Banana,25,87,13.05349201,341,Good,0,2175,4451.2407754099995
Tomato,24,95,14.35070581,314,Bad,1,2280,4506.1216243399995
Tomato,22,92,13.72638492,320,Good,0,2024,4392.443174399999
Orange,24,95,14.75399666,410,Bad,1,2280,6049.1386306
Orange,23,95,15.25176672,247,Bad,1,2185,3767.1863798400004
Banana,25,90,20.06947764,300,Good,0,2250,6020.843292
Banana,25,86,13.42356205,344,Good,0,2150,4617.7053452
Tomato,23,88,7.267899623,296,Good,0,2024,2151.298288408
Orange,23,95,16.11639251,255,Bad,1,2185,4109.68009005
Orange,23,95,7.177995872,291,Good,0,2185,2088.796798752
Tomato,23,89,12.76402932,309,Good,0,2047,3944.0850598800002
Tomato,24,95,12.27113269,360,Good,0,2280,4417.6077684
Tomato,24,83,7.777721829,407,Good,0,1992,3165.532784403
Banana,26,90,19.00030193,377,Good,0,2340,7163.11382761
Pineapple,22,94,12.55068787,335,Good,0,2068,4204.4804364500005
Orange,24,95,15.16773612,377,Bad,1,2280,5718.2365172400005
Tomato,22,93,13.95754575,329,Good,0,2046,4592.03255175
Orange,24,95,17.12100442,393,Bad,1,2280,6728.55473706
Tomato,22,93,11.862037,353,Good,0,2046,4187.299061000001
Pineapple,24,95,13.3488037,402,Bad,1,2280,5366.2190874
Tomato,23,89,7.450253315,296,Good,0,2047,2205.27498124
Banana,24,95,14.67251295,264,Bad,1,2280,3873.5434188
Banana,25,87,14.27127328,336,Good,0,2175,4795.14782208
Orange,23,95,16.02789778,260,Bad,1,2185,4167.2534228
Orange,23,95,15.08413665,391,Bad,1,2185,5897.89743015
Pineapple,25,95,11.59594835,455,Bad,1,2375,5276.15649925
Tomato,23,92,9.8718154,350,Good,0,2116,3455.13539
Pineapple,22,95,13.88010234,348,Good,0,2090,4830.27561432
Banana,24,94,19.52760946,312,Good,0,2256,6092.614151520001
Orange,23,95,8.986156218,171,Good,0,2185,1536.632713278
Tomato,25,95,14.91822038,387,Bad,1,2375,5773.35128706
Orange,23,95,4.972872478,358,Good,0,2185,1780.288347124
Pineapple,25,95,12.55068787,445,Bad,1,2375,5585.056102150001
Orange,23,95,4.904260592,346,Good,0,2185,1696.874164832
Banana,24,95,19.42099897,304,Bad,1,2280,5903.983686879999
Banana,24,87,13.95754575,325,Good,0,2088,4536.20236875
Tomato,24,89,12.69256136,327,Good,0,2136,4150.46756472
Orange,24,95,15.08413665,359,Bad,1,2280,5415.20505735
Orange,22,95,7.177995872,300,Good,0,2090,2153.3987616
Banana,25,89,19.74258151,372,Good,0,2225,7344.24032172
Pineapple,23,95,12.20210529,327,Good,0,2185,3990.08842983
Tomato,24,95,11.72833871,279,Bad,1,2280,3272.2065000899997
Orange,24,95,15.25176672,371,Bad,1,2280,5658.40545312
Banana,24,95,13.3488037,257,Bad,1,2280,3430.6425509
Banana,26,95,17.88911347,317,Good,0,2470,5670.84896999
Tomato,24,95,11.99705843,356,Good,0,2280,4270.9528010799995
Orange,22,95,5.925488904,257,Good,0,2090,1522.850648328
Banana,26,83,18.28561157,385,Good,0,2158,7039.96045445
Banana,25,90,20.17964285,305,Good,0,2250,6154.79106925
Orange,22,95,9.365314571,386,Good,0,2090,3615.0114244060005
Pineapple,22,91,12.55068787,326,Good,0,2002,4091.5242456200003
Pineapple,22,94,13.27441976,330,Good,0,2068,4380.5585208
Tomato,23,92,10.46089174,361,Good,0,2116,3776.38191814
Pineapple,25,95,10.82824911,450,Bad,1,2375,4872.7120995
Orange,23,95,19.10462223,358,Bad,1,2185,6839.45475834
Tomato,23,93,11.53023895,359,Good,0,2139,4139.355783049999
Orange,23,95,16.93400512,244,Bad,1,2185,4131.897249279999
Orange,22,95,7.000692513,367,Good,0,2090,2569.254152271
Pineapple,24,95,12.13341843,410,Bad,1,2280,4974.7015563
Banana,24,89,15.67848238,318,Good,0,2136,4985.75739684
Banana,25,90,16.29477154,315,Good,0,2250,5132.8530351
Tomato,23,91,10.40069682,354,Good,0,2093,3681.84667428
Tomato,26,91,6.913276429,388,Good,0,2366,2682.351254452
Pineapple,25,95,11.79502342,383,Bad,1,2375,4517.49396986
Pineapple,25,95,10.52137857,447,Bad,1,2375,4703.05622079
Banana,24,95,16.65717174,244,Bad,1,2280,4064.3499045599997
Orange,22,95,4.409591293,345,Good,0,2090,1521.308996085
Pineapple,25,95,11.46485093,414,Bad,1,2375,4746.44828502
Tomato,23,93,11.46485093,353,Good,0,2139,4047.0923782900004
Tomato,25,95,12.98058343,376,Bad,1,2375,4880.69936968
Pineapple,24,95,13.95754575,306,Good,0,2280,4271.0089995
Tomato,23,89,7.825388265,292,Good,0,2047,2285.01337338
Pineapple,23,95,12.76402932,395,Good,0,2185,5041.7915814
Banana,25,85,13.65010619,344,Good,0,2125,4695.63652936
Banana,25,88,19.20950925,379,Good,0,2200,7280.40400575
Orange,23,95,14.83589827,404,Bad,1,2185,5993.70290108
Tomato,23,89,8.018312629,297,Good,0,2047,2381.438850813
Pineapple,24,95,14.27127328,347,Good,0,2280,4952.131828160001
Tomato,25,95,13.95754575,371,Bad,1,2375,5178.24947325
Orange,23,95,15.00096563,363,Bad,1,2185,5445.35052369
Orange,23,95,18.48706888,264,Bad,1,2185,4880.58618432
Tomato,26,95,156.2053654,174,Bad,1,2470,27179.7335796
Tomato,26,95,153.4260489,281,Bad,1,2470,43112.7197409
Tomato,26,95,152.0631299,270,Bad,1,2470,41057.045073
Tomato,26,95,156.2053654,276,Bad,1,2470,43112.6808504
Tomato,26,95,154.8066874,274,Bad,1,2470,42417.0323476
Tomato,26,95,157.6224106,265,Bad,1,2470,41769.938809
Tomato,26,95,157.6224106,274,Bad,1,2470,43188.5405044
Tomato,26,95,239.5603159,279,Bad,1,2470,66837.3281361
Tomato,26,95,239.5603159,282,Bad,1,2470,67556.0090838
Tomato,26,95,239.5603159,280,Bad,1,2470,67076.888452
Tomato,25,95,239.5603159,287,Bad,1,2375,68753.8106633
Tomato,26,95,239.5603159,281,Bad,1,2470,67316.4487679
Tomato,26,95,239.5603159,278,Bad,1,2470,66597.7678202
Tomato,25,95,236.9328259,290,Bad,1,2375,68710.519511
Tomato,26,95,239.5603159,290,Bad,1,2470,69472.491611
Tomato,26,95,239.5603159,285,Bad,1,2470,68274.6900315
Tomato,25,95,239.5603159,288,Bad,1,2375,68993.3709792
Tomato,25,95,239.5603159,289,Bad,1,2375,69232.9312951
Tomato,25,95,239.5603159,294,Bad,1,2375,70430.7328746
Tomato,25,95,236.9328259,291,Bad,1,2375,68947.45233690001
Tomato,26,95,239.5603159,289,Bad,1,2470,69232.9312951
Tomato,25,95,239.5603159,285,Bad,1,2375,68274.6900315
Tomato,25,95,239.5603159,290,Bad,1,2375,69472.491611
Tomato,25,95,268.4478082,299,Bad,1,2375,80265.8946518
Tomato,26,95,239.5603159,291,Bad,1,2470,69712.0519269
Tomato,25,95,239.5603159,296,Bad,1,2375,70909.8535064
Tomato,25,95,239.5603159,297,Bad,1,2375,71149.4138223
Tomato,25,95,239.5603159,301,Bad,1,2375,72107.6550859
Tomato,25,95,239.5603159,302,Bad,1,2375,72347.2154018
Tomato,26,95,239.5603159,296,Bad,1,2470,70909.8535064
Tomato,25,95,236.9328259,309,Bad,1,2375,73212.2432031
Tomato,25,95,242.2319829,298,Bad,1,2375,72185.13090419999
Tomato,26,95,244.9488681,288,Bad,1,2470,70545.2740128
Tomato,25,95,239.5603159,295,Bad,1,2375,70670.2931905
Tomato,25,95,231.8063651,305,Bad,1,2375,70700.94135549999
Tomato,25,95,239.5603159,298,Bad,1,2375,71388.9741382
Tomato,25,95,239.5603159,300,Bad,1,2375,71868.09477
Tomato,25,95,236.9328259,304,Bad,1,2375,72027.5790736
Tomato,25,95,236.9328259,292,Bad,1,2375,69184.3851628
Tomato,25,95,236.9328259,289,Bad,1,2375,68473.5866851
Tomato,26,95,234.3485026,285,Bad,1,2470,66789.32324099999
Tomato,25,95,250.5226174,301,Bad,1,2375,75407.3078374
Tomato,25,95,239.5603159,292,Bad,1,2375,69951.61224280001
Tomato,26,95,239.5603159,294,Bad,1,2470,70430.7328746
Tomato,25,95,242.2319829,301,Bad,1,2375,72911.82685289999
Tomato,25,95,242.2319829,295,Bad,1,2375,71458.4349555
Tomato,25,95,239.5603159,299,Bad,1,2375,71628.53445410001
Tomato,25,95,244.9488681,291,Bad,1,2375,71280.1206171
Tomato,25,95,244.9488681,295,Bad,1,2375,72259.9160895
Tomato,25,95,242.2319829,290,Bad,1,2375,70247.275041
Tomato,26,95,253.3817276,312,Bad,1,2470,79055.0990112
Tomato,25,95,247.7120443,301,Bad,1,2375,74561.3253343
Tomato,25,95,253.3817276,308,Bad,1,2375,78041.5721008
Tomato,25,95,250.5226174,309,Bad,1,2375,77411.4887766
Tomato,25,95,250.5226174,313,Bad,1,2375,78413.5792462
Tomato,25,95,250.5226174,295,Bad,1,2375,73904.172133
Tomato,25,95,250.5226174,307,Bad,1,2375,76910.4435418
Tomato,25,95,250.5226174,306,Bad,1,2375,76659.9209244
Tomato,25,95,250.5226174,305,Bad,1,2375,76409.398307
Tomato,25,95,247.7120443,305,Bad,1,2375,75552.1735115
Tomato,25,95,247.7120443,306,Bad,1,2375,75799.8855558
Tomato,25,95,244.9488681,317,Bad,1,2375,77648.7911877
Tomato,25,95,250.5226174,299,Bad,1,2375,74906.2626026
Tomato,25,95,250.5226174,312,Bad,1,2375,78163.0566288
Tomato,25,95,244.9488681,297,Bad,1,2375,72749.8138257
Tomato,25,95,244.9488681,299,Bad,1,2375,73239.7115619
Tomato,25,95,262.2622238,304,Bad,1,2375,79727.7160352
Tomato,25,95,253.3817276,304,Bad,1,2375,77028.04519040001
Tomato,25,95,253.3817276,306,Bad,1,2375,77534.8086456
Tomato,25,95,253.3817276,314,Bad,1,2375,79561.8624664
Tomato,25,95,253.3817276,296,Bad,1,2375,75000.9913696
Tomato,25,95,244.9488681,287,Bad,1,2375,70300.3251447
Tomato,25,95,244.9488681,288,Bad,1,2375,70545.2740128
Tomato,25,95,239.5603159,281,Bad,1,2375,67316.4487679
Tomato,25,95,242.2319829,281,Bad,1,2375,68067.18719489999
Tomato,25,95,239.5603159,284,Bad,1,2375,68035.12971560001
Tomato,25,95,239.5603159,280,Bad,1,2375,67076.888452
Tomato,25,95,242.2319829,294,Bad,1,2375,71216.2029726
Tomato,25,95,250.5226174,293,Bad,1,2375,73403.1268982
Tomato,25,95,242.2319829,287,Bad,1,2375,69520.5790923
Tomato,25,95,239.5603159,279,Bad,1,2375,66837.3281361
Tomato,25,95,239.5603159,282,Bad,1,2375,67556.0090838
Tomato,25,95,236.9328259,281,Bad,1,2375,66578.1240779
Tomato,25,95,236.9328259,278,Bad,1,2375,65867.3256002
Tomato,25,95,242.2319829,280,Bad,1,2375,67824.955212
Tomato,25,95,244.9488681,277,Bad,1,2375,67850.8364637
Tomato,25,95,231.8063651,286,Bad,1,2375,66296.6204186
Tomato,25,95,239.5603159,272,Bad,1,2375,65160.405924800005
Tomato,25,95,239.5603159,278,Bad,1,2375,66597.7678202
Tomato,25,95,242.2319829,272,Bad,1,2375,65887.0993488
Tomato,25,95,239.5603159,277,Bad,1,2375,66358.20750430001
Tomato,25,95,239.5603159,274,Bad,1,2375,65639.5265566
Tomato,25,95,236.9328259,279,Bad,1,2375,66104.2584261
Tomato,25,95,242.2319829,278,Bad,1,2375,67340.49124619999
Tomato,25,95,239.5603159,283,Bad,1,2375,67795.5693997
Tomato,25,95,236.9328259,285,Bad,1,2375,67525.8553815
Tomato,25,95,236.9328259,271,Bad,1,2375,64208.795818900006
Tomato,25,95,250.5226174,275,Bad,1,2375,68893.719785
Tomato,25,95,239.5603159,273,Bad,1,2375,65399.9662407
Tomato,26,95,239.5603159,276,Bad,1,2470,66118.6471884
Tomato,25,95,239.5603159,276,Bad,1,2375,66118.6471884
Tomato,25,95,234.3485026,287,Bad,1,2375,67258.0202462
Tomato,25,95,236.9328259,284,Bad,1,2375,67288.9225556
Tomato,25,95,268.4478082,280,Bad,1,2375,75165.386296
Tomato,25,95,236.9328259,286,Bad,1,2375,67762.78820740001
Tomato,25,95,239.5603159,286,Bad,1,2375,68514.2503474
Tomato,25,95,242.2319829,289,Bad,1,2375,70005.0430581
Tomato,25,95,242.2319829,285,Bad,1,2375,69036.1151265
Tomato,26,95,236.9328259,288,Bad,1,2470,68236.6538592
Tomato,25,95,236.9328259,274,Bad,1,2375,64919.5942966
Tomato,25,95,234.3485026,280,Bad,1,2375,65617.580728
Tomato,25,95,236.9328259,293,Bad,1,2375,69421.3179887
Tomato,25,95,234.3485026,284,Bad,1,2375,66554.9747384
Tomato,25,95,236.9328259,287,Bad,1,2375,67999.7210333
Tomato,25,95,236.9328259,283,Bad,1,2375,67051.9897297
Tomato,25,95,236.9328259,288,Bad,1,2375,68236.6538592
Tomato,25,95,242.2319829,291,Bad,1,2375,70489.50702389999
Tomato,25,95,236.9328259,276,Bad,1,2375,65393.45994840001
Tomato,25,95,231.8063651,290,Bad,1,2375,67223.845879
Tomato,25,95,234.3485026,296,Bad,1,2375,69367.1567696
Tomato,25,95,234.3485026,292,Bad,1,2375,68429.76275919999
Tomato,25,95,239.5603159,293,Bad,1,2375,70191.1725587
Tomato,25,95,247.7120443,291,Bad,1,2375,72084.2048913
Tomato,26,95,242.2319829,286,Bad,1,2470,69278.3471094
Tomato,25,95,236.9328259,280,Bad,1,2375,66341.191252
Tomato,25,95,236.9328259,294,Bad,1,2375,69658.2508146
Tomato,25,95,242.2319829,299,Bad,1,2375,72427.3628871
Tomato,25,95,236.9328259,310,Bad,1,2375,73449.17602900001
Tomato,25,95,236.9328259,307,Bad,1,2375,72738.3775513
Tomato,25,95,239.5603159,311,Bad,1,2375,74503.2582449
Tomato,25,95,242.2319829,303,Bad,1,2375,73396.2908187
Tomato,25,95,242.2319829,311,Bad,1,2375,75334.14668189999
Tomato,25,95,239.5603159,307,Bad,1,2375,73545.0169813
Tomato,25,95,242.2319829,297,Bad,1,2375,71942.8989213
Tomato,25,95,242.2319829,304,Bad,1,2375,73638.5228016
Tomato,25,95,242.2319829,305,Bad,1,2375,73880.7547845
Tomato,25,95,242.2319829,309,Bad,1,2375,74849.6827161
Tomato,25,95,242.2319829,307,Bad,1,2375,74365.2187503
Tomato,25,95,242.2319829,306,Bad,1,2375,74122.9867674
Tomato,25,95,244.9488681,307,Bad,1,2375,75199.3025067
Tomato,25,95,242.2319829,308,Bad,1,2375,74607.45073319999
Tomato,25,95,244.9488681,319,Bad,1,2375,78138.6889239
Tomato,25,95,244.9488681,301,Bad,1,2375,73729.6092981
Tomato,25,95,247.7120443,315,Bad,1,2375,78029.2939545
Tomato,26,95,244.9488681,309,Bad,1,2470,75689.2002429
Tomato,25,95,244.9488681,308,Bad,1,2375,75444.2513748
Tomato,25,95,242.2319829,313,Bad,1,2375,75818.6106477
Tomato,25,95,244.9488681,302,Bad,1,2375,73974.5581662
Tomato,25,95,247.7120443,313,Bad,1,2375,77533.86986590001
Tomato,25,95,244.9488681,309,Bad,1,2375,75689.2002429
Tomato,25,95,247.7120443,304,Bad,1,2375,75304.4614672
Tomato,25,95,253.3817276,320,Bad,1,2375,81082.152832
Tomato,26,95,242.2319829,311,Bad,1,2470,75334.14668189999
Tomato,25,95,242.2319829,310,Bad,1,2375,75091.914699
Tomato,25,95,242.2319829,302,Bad,1,2375,73154.0588358
Tomato,25,95,239.5603159,316,Bad,1,2375,75701.0598244
Tomato,25,95,244.9488681,305,Bad,1,2375,74709.4047705
Tomato,25,95,239.5603159,306,Bad,1,2375,73305.45666540001
Tomato,25,95,239.5603159,309,Bad,1,2375,74024.1376131
Tomato,25,95,239.5603159,303,Bad,1,2375,72586.7757177
Tomato,25,95,239.5603159,313,Bad,1,2375,74982.37887670001
Tomato,25,95,239.5603159,314,Bad,1,2375,75221.9391926
Tomato,25,95,236.9328259,317,Bad,1,2375,75107.7058103
Tomato,25,95,239.5603159,312,Bad,1,2375,74742.8185608
Tomato,26,95,242.2319829,313,Bad,1,2470,75818.6106477
Tomato,26,95,242.2319829,306,Bad,1,2470,74122.9867674
Tomato,26,95,242.2319829,314,Bad,1,2470,76060.8426306
Tomato,25,95,242.2319829,300,Bad,1,2375,72669.59487
Tomato,25,95,244.9488681,303,Bad,1,2375,74219.5070343
Tomato,25,95,244.9488681,294,Bad,1,2375,72014.9672214
Tomato,26,95,153.4260489,254,Bad,1,2470,38970.2164206
Tomato,26,95,154.8066874,338,Bad,1,2470,52324.6603412
Tomato,26,95,156.2053654,332,Bad,1,2470,51860.1813128
Tomato,26,95,161.9871422,328,Bad,1,2470,53131.782641599995
Tomato,26,95,159.0581582,331,Bad,1,2470,52648.2503642
Tomato,26,95,156.2053654,330,Bad,1,2470,51547.770582000005
Tomato,26,95,156.2053654,331,Bad,1,2470,51703.9759474
Tomato,26,95,154.8066874,322,Bad,1,2470,49847.753342799995
Tomato,26,95,152.0631299,325,Bad,1,2470,49420.517217500004
Tomato,26,95,144.2406862,328,Bad,1,2470,47310.9450736
Tomato,26,95,153.4260489,327,Bad,1,2470,50170.317990300005
Tomato,26,95,149.3892056,325,Bad,1,2470,48551.491819999996
Tomato,26,95,142.993425,321,Bad,1,2470,45900.889425
Tomato,26,95,138.1558324,329,Bad,1,2470,45453.2688596
Tomato,26,95,159.0581582,338,Bad,1,2470,53761.6574716
Tomato,26,95,172.8809346,327,Bad,1,2470,56532.06561419999
Tomato,26,95,149.3892056,329,Bad,1,2470,49149.0486424
Tomato,26,95,160.5129517,322,Bad,1,2470,51685.1704474
Tomato,26,95,164.9951623,339,Bad,1,2470,55933.3600197
Tomato,26,95,164.9951623,327,Bad,1,2470,53953.4180721
Tomato,26,95,163.4810896,322,Bad,1,2470,52640.910851199995
Tomato,26,95,160.5129517,320,Bad,1,2470,51364.144544
Tomato,26,95,161.9871422,331,Bad,1,2470,53617.7440682
Tomato,26,95,163.4810896,326,Bad,1,2470,53294.835209599994
Tomato,26,95,154.8066874,333,Bad,1,2470,51550.6269042
Tomato,26,95,168.0852015,324,Bad,1,2470,54459.605286000005
Tomato,26,95,157.6224106,326,Bad,1,2470,51384.9058556
Tomato,26,95,159.0581582,325,Bad,1,2470,51693.901415
Tomato,26,95,160.5129517,332,Bad,1,2470,53290.2999644
Tomato,26,95,152.0631299,332,Bad,1,2470,50484.9591268
Tomato,26,95,174.5240113,325,Bad,1,2470,56720.303672500006
Tomato,26,95,171.2603896,338,Bad,1,2470,57886.011684799996
Tomato,26,95,168.0852015,327,Bad,1,2470,54963.8608905
Tomato,26,95,179.5928506,329,Bad,1,2470,59086.0478474
Tomato,26,95,176.190056,323,Bad,1,2470,56909.388088
Tomato,26,95,174.5240113,327,Bad,1,2470,57069.351695100006
Tomato,26,95,172.8809346,324,Bad,1,2470,56013.4228104
Tomato,26,95,172.8809346,330,Bad,1,2470,57050.708417999995
Tomato,26,95,172.8809346,331,Bad,1,2470,57223.5893526
Tomato,26,95,174.5240113,324,Bad,1,2470,56545.7796612
Tomato,26,95,174.5240113,333,Bad,1,2470,58116.495762900006
Tomato,26,95,174.5240113,323,Bad,1,2470,56371.255649900006
Tomato,26,95,172.8809346,317,Bad,1,2470,54803.2562682
Tomato,26,95,168.0852015,317,Bad,1,2470,53283.0088755
Tomato,26,95,168.0852015,322,Bad,1,2470,54123.434883
Tomato,26,95,169.6619504,321,Bad,1,2470,54461.4860784
Tomato,26,95,171.2603896,336,Bad,1,2470,57543.490905599996
Tomato,26,95,168.0852015,329,Bad,1,2470,55300.031293500004
Tomato,26,95,169.6619504,324,Bad,1,2470,54970.4719296
Tomato,26,95,169.6619504,315,Bad,1,2470,53443.514376
Tomato,26,95,171.2603896,326,Bad,1,2470,55830.887009599996
Tomato,26,95,166.5297374,331,Bad,1,2470,55121.343079399994
Tomato,26,95,169.6619504,318,Bad,1,2470,53952.5002272
Tomato,26,95,171.2603896,323,Bad,1,2470,55317.105840799995
Tomato,26,95,172.8809346,323,Bad,1,2470,55840.541875799994
Tomato,26,95,169.6619504,317,Bad,1,2470,53782.8382768
Tomato,26,95,176.190056,333,Bad,1,2470,58671.288648
Tomato,26,95,171.2603896,327,Bad,1,2470,56002.147399199996
Tomato,26,95,171.2603896,314,Bad,1,2470,53775.7623344
Tomato,26,95,172.8809346,315,Bad,1,2470,54457.494398999996
Tomato,26,95,174.5240113,320,Bad,1,2470,55847.683616
Tomato,26,95,171.2603896,322,Bad,1,2470,55145.845451199995
Tomato,26,95,174.5240113,329,Bad,1,2470,57418.399717700006
Tomato,26,95,172.8809346,318,Bad,1,2470,54976.1372028
Tomato,26,95,174.5240113,326,Bad,1,2470,56894.8276838
Tomato,26,95,171.2603896,330,Bad,1,2470,56515.928567999996
Tomato,26,95,171.2603896,324,Bad,1,2470,55488.366230399995
Tomato,26,95,172.8809346,313,Bad,1,2470,54111.7325298
Tomato,26,95,171.2603896,315,Bad,1,2470,53947.022724
Tomato,26,95,172.8809346,321,Bad,1,2470,55494.7800066
Tomato,26,95,169.6619504,322,Bad,1,2470,54631.148028799995
Tomato,26,95,172.8809346,309,Bad,1,2470,53420.20879139999
Tomato,26,95,172.8809346,314,Bad,1,2470,54284.6134644
Tomato,26,94,174.5240113,317,Bad,1,2444,55324.111582100006
Tomato,26,91,172.8809346,328,Bad,1,2366,56704.9465488
Tomato,26,89,172.8809346,331,Bad,1,2314,57223.5893526
Tomato,26,87,169.6619504,328,Bad,1,2262,55649.1197312
Tomato,26,85,169.6619504,328,Bad,1,2210,55649.1197312
Tomato,26,84,172.8809346,317,Bad,1,2184,54803.2562682
Tomato,26,83,169.6619504,322,Bad,1,2158,54631.148028799995
Tomato,26,81,169.6619504,319,Bad,1,2106,54122.162177599996
Tomato,26,95,169.6619504,328,Bad,1,2470,55649.1197312
Tomato,26,95,168.0852015,313,Bad,1,2470,52610.6680695
Tomato,26,95,169.6619504,316,Bad,1,2470,53613.1763264
Tomato,26,95,168.0852015,326,Bad,1,2470,54795.775689
Tomato,26,95,168.0852015,318,Bad,1,2470,53451.094077
Tomato,26,95,168.0852015,321,Bad,1,2470,53955.3496815
Tomato,26,95,171.2603896,325,Bad,1,2470,55659.626619999995
Tomato,26,95,169.6619504,320,Bad,1,2470,54291.824128
Tomato,26,95,168.0852015,310,Bad,1,2470,52106.412465
Tomato,26,95,171.2603896,307,Bad,1,2470,52576.9396072
Tomato,26,95,168.0852015,312,Bad,1,2470,52442.582868000005
Tomato,26,95,164.9951623,310,Bad,1,2470,51148.500313000004
Tomato,26,95,164.9951623,317,Bad,1,2470,52303.4664491
Tomato,26,95,163.4810896,311,Bad,1,2470,50842.618865599994
Tomato,26,95,164.9951623,321,Bad,1,2470,52963.4470983
Tomato,26,95,163.4810896,318,Bad,1,2470,51986.986492799995
Tomato,26,95,164.9951623,319,Bad,1,2470,52633.4567737
Tomato,26,95,161.9871422,313,Bad,1,2470,50701.9755086
Tomato,26,95,160.5129517,307,Bad,1,2470,49277.4761719
Tomato,26,95,159.0581582,321,Bad,1,2470,51057.6687822
Tomato,26,95,161.9871422,312,Bad,1,2470,50539.9883664
Tomato,26,95,160.5129517,314,Bad,1,2470,50401.0668338
Tomato,26,95,161.9871422,314,Bad,1,2470,50863.9626508
Tomato,26,95,160.5129517,324,Bad,1,2470,52006.1963508
Tomato,26,95,154.8066874,314,Bad,1,2470,48609.2998436
Tomato,26,95,160.5129517,310,Bad,1,2470,49759.015027
Tomato,26,95,160.5129517,316,Bad,1,2470,50722.0927372
Tomato,26,95,159.0581582,310,Bad,1,2470,49308.029042
Tomato,26,95,160.5129517,315,Bad,1,2470,50561.5797855
Tomato,26,95,159.0581582,307,Bad,1,2470,48830.854567400005
Tomato,26,95,160.5129517,319,Bad,1,2470,51203.6315923
Tomato,26,95,159.0581582,302,Bad,1,2470,48035.563776400006
Tomato,26,95,159.0581582,317,Bad,1,2470,50421.436149400004
Tomato,26,95,157.6224106,307,Bad,1,2470,48390.0800542
Tomato,26,95,157.6224106,308,Bad,1,2470,48547.7024648
Tomato,26,95,159.0581582,305,Bad,1,2470,48512.738251
Tomato,26,95,163.4810896,309,Bad,1,2470,50515.6566864
Tomato,26,95,161.9871422,316,Bad,1,2470,51187.9369352
Tomato,26,95,163.4810896,297,Bad,1,2470,48553.8836112
Tomato,26,95,161.9871422,307,Bad,1,2470,49730.052655399995
Tomato,26,95,163.4810896,302,Bad,1,2470,49371.2890592
Tomato,26,95,159.0581582,300,Bad,1,2470,47717.44746
Tomato,26,95,160.5129517,296,Bad,1,2470,47511.8337032
Tomato,26,95,161.9871422,294,Bad,1,2470,47624.2198068
Tomato,26,95,161.9871422,301,Bad,1,2470,48758.1298022
Tomato,26,95,164.9951623,298,Bad,1,2470,49168.5583654
Tomato,26,95,164.9951623,302,Bad,1,2470,49828.5390146
Tomato,26,95,171.2603896,294,Bad,1,2470,50350.5545424
Tomato,26,95,177.8795162,300,Bad,1,2470,53363.85486000001
Tomato,26,95,168.0852015,294,Bad,1,2470,49417.049241
Tomato,26,95,168.0852015,301,Bad,1,2470,50593.6456515
Tomato,26,95,171.2603896,292,Bad,1,2470,50008.0337632
Tomato,26,95,169.6619504,299,Bad,1,2470,50728.9231696
Tomato,26,95,171.2603896,299,Bad,1,2470,51206.8564904
Tomato,26,95,172.8809346,312,Bad,1,2470,53938.851595199994
Tomato,26,95,172.8809346,310,Bad,1,2470,53593.089726
Tomato,26,95,169.6619504,310,Bad,1,2470,52595.204624
Tomato,26,95,168.0852015,309,Bad,1,2470,51938.3272635
Tomato,26,95,169.6619504,301,Bad,1,2470,51068.2470704
Tomato,26,95,169.6619504,293,Bad,1,2470,49710.9514672
Tomato,26,95,169.6619504,291,Bad,1,2470,49371.6275664
Tomato,26,95,169.6619504,296,Bad,1,2470,50219.9373184
Tomato,26,95,169.6619504,297,Bad,1,2470,50389.5992688
Tomato,26,95,171.2603896,303,Bad,1,2470,51891.8980488
Tomato,26,95,169.6619504,302,Bad,1,2470,51237.9090208
Tomato,26,95,169.6619504,306,Bad,1,2470,51916.5568224
Tomato,26,95,169.6619504,295,Bad,1,2470,50050.275367999995
Tomato,26,95,172.8809346,294,Bad,1,2470,50826.994772399994
Tomato,26,95,171.2603896,296,Bad,1,2470,50693.0753216
Tomato,26,95,171.2603896,302,Bad,1,2470,51720.6376592
Tomato,26,95,169.6619504,292,Bad,1,2470,49541.289516799996
Tomato,26,95,171.2603896,288,Bad,1,2470,49322.9922048
Tomato,26,95,171.2603896,295,Bad,1,2470,50521.814932
Tomato,26,95,171.2603896,304,Bad,1,2470,52063.1584384
Tomato,26,95,172.8809346,303,Bad,1,2470,52382.9231838
Tomato,26,95,168.0852015,304,Bad,1,2470,51097.901256000005
Tomato,26,95,171.2603896,287,Bad,1,2470,49151.7318152
Tomato,26,95,171.2603896,290,Bad,1,2470,49665.512984
Tomato,26,95,174.5240113,299,Bad,1,2470,52182.679378700006
Tomato,26,95,174.5240113,300,Bad,1,2470,52357.20339
Tomato,26,95,172.8809346,299,Bad,1,2470,51691.3994454
Tomato,26,95,174.5240113,303,Bad,1,2470,52880.775423900006
Tomato,26,95,174.5240113,294,Bad,1,2470,51310.0593222
Tomato,26,95,172.8809346,293,Bad,1,2470,50654.113837799996
Tomato,26,95,174.5240113,283,Bad,1,2470,49390.295197900006
Tomato,26,95,172.8809346,297,Bad,1,2470,51345.637576199995
Tomato,26,95,172.8809346,304,Bad,1,2470,52555.804118399996
Tomato,26,95,172.8809346,289,Bad,1,2470,49962.5900994
Tomato,26,95,174.5240113,296,Bad,1,2470,51659.1073448
Tomato,26,95,172.8809346,292,Bad,1,2470,50481.2329032
Tomato,26,95,172.8809346,290,Bad,1,2470,50135.471033999995
Tomato,26,95,172.8809346,286,Bad,1,2470,49443.947295599995
Tomato,26,95,172.8809346,287,Bad,1,2470,49616.82823019999
Tomato,26,95,176.190056,293,Bad,1,2470,51623.686408
Tomato,26,95,179.5928506,288,Bad,1,2470,51722.7409728
Tomato,26,95,174.5240113,292,Bad,1,2470,50961.0112996
Tomato,26,95,174.5240113,297,Bad,1,2470,51833.631356100006
Tomato,26,95,176.190056,284,Bad,1,2470,50037.975904
Tomato,26,95,177.8795162,296,Bad,1,2470,52652.336795200004
Tomato,26,95,179.5928506,281,Bad,1,2470,50465.5910186
Tomato,26,95,177.8795162,289,Bad,1,2470,51407.1801818
Tomato,26,95,184.8808614,292,Bad,1,2470,53985.2115288
Tomato,26,95,181.3305293,290,Bad,1,2470,52585.853497
Tomato,26,95,177.8795162,291,Bad,1,2470,51762.93921420001
Tomato,26,95,177.8795162,294,Bad,1,2470,52296.57776280001
Tomato,26,95,176.190056,290,Bad,1,2470,51095.11624
Tomato,26,95,174.5240113,293,Bad,1,2470,51135.535310900006
Tomato,26,95,169.6619504,294,Bad,1,2470,49880.6134176
Tomato,26,95,169.6619504,305,Bad,1,2470,51746.894872
Tomato,26,95,172.8809346,300,Bad,1,2470,51864.28038
Tomato,26,95,168.0852015,298,Bad,1,2470,50089.390047
Tomato,26,95,171.2603896,309,Bad,1,2470,52919.4603864
Tomato,26,95,171.2603896,301,Bad,1,2470,51549.3772696
Tomato,26,95,177.8795162,305,Bad,1,2470,54253.252441000004
Tomato,26,95,179.5928506,309,Bad,1,2470,55494.1908354
Tomato,26,95,183.0930347,296,Bad,1,2470,54195.5382712
Tomato,26,95,184.8808614,297,Bad,1,2470,54909.615835799996
Tomato,26,95,183.0930347,300,Bad,1,2470,54927.910410000004
Tomato,26,95,186.6945167,302,Bad,1,2470,56381.7440434
Tomato,26,95,186.6945167,297,Bad,1,2470,55448.2714599
Tomato,26,95,183.0930347,289,Bad,1,2470,52913.8870283
Tomato,26,95,184.8808614,293,Bad,1,2470,54170.0923902
Tomato,26,95,186.6945167,293,Bad,1,2470,54701.493393100005
Tomato,26,95,186.6945167,291,Bad,1,2470,54328.1043597
Tomato,26,95,184.8808614,291,Bad,1,2470,53800.3306674
Tomato,26,95,183.0930347,293,Bad,1,2470,53646.259167100005
Tomato,26,95,181.3305293,295,Bad,1,2470,53492.506143499995
Tomato,26,95,179.5928506,300,Bad,1,2470,53877.85518
Tomato,26,95,179.5928506,290,Bad,1,2470,52081.926673999995
Tomato,26,95,177.8795162,292,Bad,1,2470,51940.8187304
Tomato,26,95,188.5345212,298,Bad,1,2470,56183.2873176
Tomato,26,95,176.190056,300,Bad,1,2470,52857.0168
Tomato,26,95,176.190056,303,Bad,1,2470,53385.586967999996
Tomato,26,95,171.2603896,297,Bad,1,2470,50864.3357112
Tomato,26,95,168.0852015,292,Bad,1,2470,49080.878838000004
Tomato,26,95,161.9871422,291,Bad,1,2470,47138.2583802
Tomato,26,95,164.9951623,292,Bad,1,2470,48178.5873916
Tomato,26,95,169.6619504,298,Bad,1,2470,50559.2612192
Tomato,26,95,169.6619504,286,Bad,1,2470,48523.3178144
Tomato,26,95,171.2603896,298,Bad,1,2470,51035.5961008
Tomato,26,95,171.2603896,286,Bad,1,2470,48980.4714256
Tomato,26,95,171.2603896,293,Bad,1,2470,50179.2941528
Tomato,26,95,177.8795162,298,Bad,1,2470,53008.0958276
Tomato,26,95,172.8809346,285,Bad,1,2470,49271.066361
Tomato,26,95,172.8809346,301,Bad,1,2470,52037.161314599995
Tomato,26,95,172.8809346,283,Bad,1,2470,48925.304491799994
Tomato,26,95,174.5240113,291,Bad,1,2470,50786.487288300006
Tomato,26,95,174.5240113,295,Bad,1,2470,51484.583333500006
Tomato,26,95,174.5240113,284,Bad,1,2470,49564.8192092
Tomato,26,95,174.5240113,285,Bad,1,2470,49739.343220500006
Tomato,26,95,174.5240113,280,Bad,1,2470,48866.723164
Tomato,26,95,171.2603896,284,Bad,1,2470,48637.9506464
Tomato,26,95,174.5240113,279,Bad,1,2470,48692.19915270001
Tomato,26,95,174.5240113,277,Bad,1,2470,48343.15113010001
Tomato,26,95,176.190056,272,Bad,1,2470,47923.695232
Tomato,26,95,176.190056,277,Bad,1,2470,48804.645512
Tomato,26,95,177.8795162,270,Bad,1,2470,48027.469374
Tomato,26,95,174.5240113,276,Bad,1,2470,48168.6271188
Tomato,26,95,176.190056,279,Bad,1,2470,49157.025624
Tomato,26,95,174.5240113,281,Bad,1,2470,49041.247175300006
Tomato,26,95,177.8795162,276,Bad,1,2470,49094.7464712
Tomato,26,95,177.8795162,272,Bad,1,2470,48383.228406400005
Tomato,26,95,177.8795162,277,Bad,1,2470,49272.6259874
Tomato,26,95,176.190056,274,Bad,1,2470,48276.075344
Tomato,26,95,176.190056,275,Bad,1,2470,48452.2654
Tomato,26,95,176.190056,276,Bad,1,2470,48628.455455999996
Tomato,26,95,174.5240113,271,Bad,1,2470,47296.00706230001
Tomato,26,95,174.5240113,273,Bad,1,2470,47645.05508490001
Tomato,26,95,171.2603896,278,Bad,1,2470,47610.3883088
Tomato,26,95,169.6619504,274,Bad,1,2470,46487.3744096
Tomato,26,95,166.5297374,279,Bad,1,2470,46461.79673459999
Tomato,26,95,164.9951623,278,Bad,1,2470,45868.6551194
Tomato,26,95,164.9951623,275,Bad,1,2470,45373.6696325
Tomato,26,95,164.9951623,281,Bad,1,2470,46363.6406063
Tomato,26,95,168.0852015,272,Bad,1,2470,45719.174808
Tomato,26,95,166.5297374,278,Bad,1,2470,46295.26699719999
Tomato,26,95,166.5297374,276,Bad,1,2470,45962.2075224
Tomato,26,95,168.0852015,276,Bad,1,2470,46391.515614
Tomato,26,95,166.5297374,272,Bad,1,2470,45296.0885728
Tomato,26,95,168.0852015,274,Bad,1,2470,46055.345211
Tomato,26,95,168.0852015,278,Bad,1,2470,46727.686017
Tomato,26,95,168.0852015,280,Bad,1,2470,47063.856420000004
Tomato,26,95,169.6619504,272,Bad,1,2470,46148.0505088
Tomato,26,95,164.9951623,279,Bad,1,2470,46033.6502817
Tomato,26,95,171.2603896,273,Bad,1,2470,46754.0863608
Tomato,26,95,169.6619504,279,Bad,1,2470,47335.6841616
Tomato,26,95,169.6619504,280,Bad,1,2470,47505.346112
Tomato,26,95,169.6619504,276,Bad,1,2470,46826.698310399996
Tomato,26,95,171.2603896,275,Bad,1,2470,47096.60714
Tomato,26,95,172.8809346,278,Bad,1,2470,48060.8998188
Tomato,26,95,171.2603896,280,Bad,1,2470,47952.909088
Tomato,26,95,172.8809346,281,Bad,1,2470,48579.5426226
Tomato,26,95,172.8809346,272,Bad,1,2470,47023.614211199994
Tomato,26,95,172.8809346,277,Bad,1,2470,47888.0188842
Tomato,26,95,172.8809346,274,Bad,1,2470,47369.3760804
Tomato,26,95,172.8809346,282,Bad,1,2470,48752.423557199996
Tomato,26,95,171.2603896,277,Bad,1,2470,47439.1279192
Tomato,26,95,171.2603896,274,Bad,1,2470,46925.3467504
Tomato,26,95,138.1558324,230,Bad,1,2470,31775.841452
Tomato,26,95,136.9830321,312,Bad,1,2470,42738.7060152
Tomato,26,95,138.1558324,306,Bad,1,2470,42275.684714400006
Tomato,26,95,136.9830321,304,Bad,1,2470,41642.8417584
Tomato,26,95,133.5486095,308,Bad,1,2470,41132.971725999996
Tomato,25,95,101.8717262,296,Bad,1,2375,30154.0309552
Tomato,25,95,101.1059439,362,Bad,1,2375,36600.3516918
Tomato,25,95,101.8717262,358,Bad,1,2375,36470.0779796
Tomato,25,95,101.8717262,355,Bad,1,2375,36164.462801
Tomato,25,95,101.1059439,349,Bad,1,2375,35285.9744211
Tomato,25,95,101.8717262,362,Bad,1,2375,36877.5648844
Tomato,25,95,101.8717262,344,Bad,1,2375,35043.8738128
Tomato,25,95,101.8717262,350,Bad,1,2375,35655.10417
Tomato,25,95,101.1059439,353,Bad,1,2375,35690.3981967
Tomato,25,95,100.3480464,345,Bad,1,2375,34620.076008000004
Tomato,25,95,101.1059439,340,Bad,1,2375,34376.020926
Tomato,25,95,101.1059439,341,Bad,1,2375,34477.1268699
Tomato,25,95,101.1059439,332,Bad,1,2375,33567.1733748
Tomato,25,95,100.3480464,344,Bad,1,2375,34519.7279616
Tomato,25,95,100.3480464,333,Bad,1,2375,33415.8994512
Tomato,25,95,117.1435893,336,Bad,1,2375,39360.2460048
Tomato,25,95,134.6796526,326,Bad,1,2375,43905.5667476
Tomato,25,95,103.427398,330,Bad,1,2375,34131.041339999996
Tomato,25,95,102.6455059,317,Bad,1,2375,32538.6253703
Tomato,25,95,111.7193722,327,Bad,1,2375,36532.2347094
Tomato,25,95,103.427398,319,Bad,1,2375,32993.339962
Tomato,25,95,102.6455059,312,Bad,1,2375,32025.3978408
Tomato,25,95,103.427398,321,Bad,1,2375,33200.194758
Tomato,25,95,104.2175196,321,Bad,1,2375,33453.8237916
Tomato,25,95,103.427398,314,Bad,1,2375,32476.202972
Tomato,26,95,103.427398,324,Bad,1,2470,33510.476952
Tomato,25,95,103.427398,316,Bad,1,2375,32683.057768
Tomato,25,95,103.427398,313,Bad,1,2375,32372.775574
